N=50 and K=5,,,,,
Virtual cost,Physical cost,Optimal Cost,vCost/OptimalCost,pCost/OptimalCost,Sequence
66,50,33,2.0,1.5151515151515151,[49 38  6 21 23  2 45 31 11  5]
57,45,39,1.4615384615384615,1.1538461538461537,[10  8  3  8 12 17  8 17 48 11]
79,71,51,1.5490196078431373,1.392156862745098,[43 34 30 33 24  1 11 17  9 28]
46,38,37,1.2432432432432432,1.027027027027027,[29 32 21 33  1 35 14 44 32 30]
47,39,25,1.88,1.56,[24  5 24 16 24 27 32 26 17 41]
86,64,44,1.9545454545454546,1.4545454545454546,[ 1  8 13 24 47  5 19  5 36 47]
69,53,45,1.5333333333333334,1.1777777777777778,[17 21 14 42 15 30 35  6 10 20]
42,34,28,1.5,1.2142857142857142,[27  5  1 36  8  9  6 19 17 17]
41,39,30,1.3666666666666667,1.3,[ 2  8 13 36 41 20 11 25 41 13]
44,26,26,1.6923076923076923,1.0,[16 16 33 17 17 11 37  1 39  7]
127,79,58,2.189655172413793,1.3620689655172413,[16 41 48  9 18 24 13 27 14  7 45 47 45 13  7 23 36 24 44 20]
124,100,71,1.7464788732394365,1.408450704225352,[44  3 49 29 32 49 31 43  2 32 38 39 36 30 14 28 14 23 18  7]
140,102,57,2.456140350877193,1.7894736842105263,[14  2  4 18 43 14 15 40 23 27 16 25 10 40  5 32 13 33 35 26]
109,59,57,1.912280701754386,1.0350877192982457,[13 35  2 47 21 49 49 10 11 14 23 38 32 19 17 19 20  8 39  5]
95,57,49,1.9387755102040816,1.163265306122449,[40 35  6 19 30 14 19 23 45 26 28 49 15 22 21 34 49 20 12 32]
113,63,60,1.8833333333333333,1.05,[43 20 28 34 27  9 15 38 34 30 13 13  1 27  9 47 34  4 36 43]
150,72,51,2.9411764705882355,1.411764705882353,[24 18 28 21  7 45  6 32 42  8 30 37 19 47 16 27 15 37 47 34]
167,107,52,3.2115384615384617,2.0576923076923075,[19 17 24 32 49 22 41 11 38 16 10 25 39 49 26 35 35 20 27 49]
120,74,51,2.3529411764705883,1.4509803921568627,[12  9 41 43 37 34 18 10 22 26 26 16 23 25 26 22 13 12 42  5]
112,82,70,1.6,1.1714285714285715,[49 47 27 47  8 37 48 33 15 22 10 24 38 40 35 27  7  7  3  1]
165,103,69,2.391304347826087,1.4927536231884058,"[39 44 36  1 29 17 16 30  1  2  7 37 35 10 26 21 11 12 33  9  6 40 37 37
  5 24 16 30 16 19]"
189,109,81,2.3333333333333335,1.345679012345679,"[ 6 11  3 43 43 20 14 41  4  2 23 10  9 24 42  3 27  6 33 12 36 45 12 32
 49 37 23  4 28 12]"
173,113,93,1.8602150537634408,1.2150537634408602,"[ 4 38  6  3 12  4 23 43 36 49 44 22 28 40 38 45 43 23 17 41 28 32 21 43
 40 39  2 36  9 28]"
198,122,82,2.4146341463414633,1.4878048780487805,"[48 20 25  6 16 32 31 15 25 42 38 29 13 49 20 22 19  6 15  8 46 15  2 15
 18 36 24  9 20 20]"
189,135,93,2.032258064516129,1.4516129032258065,"[ 9 48 47 49 45 20 37  1 36 20 33 16 45  8 11 27 21  7 19 47 48 14  2 42
 30  1 16 45 49  9]"
182,94,71,2.563380281690141,1.323943661971831,"[39  4 34  9  5 27 12  6 31 26 14 30  6 36 20 11 14  6 41  2 13 33 25 15
 28 11 35 30  3 34]"
179,103,81,2.2098765432098766,1.271604938271605,"[36 38 14 11 20 31 29 18 46 26 40  7 43 44 30 22 11 29 22 44 33 30 15 47
  1 33 15 10 13  8]"
156,84,74,2.108108108108108,1.135135135135135,"[ 4 21 14 26 19 13 25 44 45  6 25 41 17  7 29 18 14 30 38 19 44 45 21 17
  3 41 41 40 30  2]"
182,128,83,2.1927710843373496,1.5421686746987953,"[41 35 39 47 47 16 26 49 31  3  8 28 27 17 22 27  8  5 44 30 13 38 43 20
 37 35  2 13 22 48]"
189,103,89,2.1235955056179776,1.1573033707865168,"[40 10 32  1 23 35  5 48 25 32  7  9 24  4 33 19 40 24 29 40 27 42 34 31
 15  4  7 42 26 18]"
292,158,118,2.4745762711864407,1.3389830508474576,"[41 11 34 34 18 22 44 48  1  9 37 39 11 17 40  8 49 33 23 34 26 45 37 45
 28 33 38 43 10 23 16 43 22 45 32  5  5 41 17 44 31 18 27  2 43 13  8  3
 43  4]"
319,197,144,2.2152777777777777,1.3680555555555556,"[39  4 47 45 11 40 37 13 45 26 36 15 44 24 14 32  3 44 10 40  7 29 43 10
 41 16 39 24 24 31 37 34 28 18  4 32  1 33 48 27  8 38 23 15 31 45 22 22
 16 17]"
322,186,147,2.1904761904761907,1.2653061224489797,"[30 49  8 16 48 42 20 26 48 35 37  2  5 25 19 26 43  7 21 17 21 42 44 23
 30 21 37  7 43 14  6 36 38 49 41 44 49 15 47 24 33  1 49 43 29 12 10  1
 39 10]"
279,169,119,2.3445378151260505,1.4201680672268908,"[ 3 29 16 33 40 40 29  8 44 44 35 37 31  8  1 16  4 25 45 26  8 44 20 17
 30 46 14 27 12 14 25 25 10  5  2 43 24  6 32 10 15 28 31  1 45 25 46 13
 46 43]"
337,237,139,2.4244604316546763,1.7050359712230216,"[ 4 45  9 38 14 47  6  3 13 43 30 39 22 23 24 39 20 19 12 12 25 18 15 33
 19 40 44 40 34 17 29 23 40 38 35  4  2 14 42 30  1 48 26 34 19 12 19 13
 18  9]"
292,164,140,2.085714285714286,1.1714285714285715,"[40 17 20 30 42 16 38 35 14 48 15 11 25 16 30 32 26  6  1 22  4 15 17 43
 10 44 36  3 23 25 32 32  3 40  1 23 28 12  9 44  6 36 42  2 39  6  3 25
  9 40]"
303,169,132,2.2954545454545454,1.2803030303030303,"[40 27 28 49 28 25 33 13 45 32 15 45  1 24 18 13 20 34  3 24 30 19 14 14
 39  2 41 44  9 14 48 45 14  1 10 38 26 41 39 23 18 36  8  5 47 18 48 42
 36 30]"
311,193,150,2.0733333333333333,1.2866666666666666,"[ 2 42 49 32 39 27 34 20 25 37 30 31 14 19 22 47 16  3 20  7 31 47 36 26
  9 30 45 39  3 30 37 13 43 28 14 24  9 23  1  4  7  3 23  7 18 17  1  2
 43 17]"
370,208,153,2.418300653594771,1.3594771241830066,"[46 13 43 47 30  9 47 25 33  9 38 45 17 27 10 48 18 23  2  6 33 16  1 39
 32 47 12 15 49  1 42 17  6  2 30 14 41  3 19 37 18 12 26 21 18  9 23 21
  4 41]"
307,183,129,2.37984496124031,1.4186046511627908,"[26 44 40 22 30  7 40  4  5 19  3 43 39  1  1 27 15 49 14 31 47 17 36 11
 37 12 16 28 40 14 12  8 48 49 38 44  4 27  6 27 19  9 45 42  1 32 30  2
 30 46]"
614,384,254,2.4173228346456694,1.5118110236220472,"[41 13 26 49 27 29 43  4  7 10 26  3 45 11 15 16 18 43 45 29  1 11 37 31
 35 24 25  8 25 46 24 27 41  9 33 23 16 35 37 42 17  2 17 18 28  1  6  8
 12 12  1 29 48 17 17 30 39  9 19  7 43 29 30 35 18 22 40 36 41  1 35 33
  3 13 20 43 48  9  6 35  3 27 40 25 27 44  8 42 40 32 15 32  9 45 12 30
  3  1 44 25]"
583,337,258,2.25968992248062,1.306201550387597,"[14 12  3 43  6 26 40 48 26  6 46 14 32 17 31 45 16 20 28  7 30 33 31 13
 28 33 31 42 28 40 30 26 49 28  3  3  3 18 26 16 28  1 20 31 20 32 10  6
 40 10 49 29 13 17 18 36 45 31  1 31 37 27 22 16 24 36 48 26 30 44 41 37
 31 14  4 39 14 13 38 46  1 15  8 41 22 11 40 11 23  5 20 39  6  9 45 46
 11  9 21 44]"
602,350,265,2.271698113207547,1.320754716981132,"[45  3 24  9 18  3  7 18  9  5 38 23 18 23  8 20  3 19 28 16 30 34 28 24
 44 49 18  8 42  9 42 40 24  1  8 48 46 46 30 43 41 25 32  2 17 21 40  4
 26 29 22  3  8 11 43 39 20 34 37 11 24 46  5 32 25 44 32 30 24 16 27 22
 41 30 39 22  9 18 38 28 14 48 32 24  1  7 28 24 25 10 42  1 31 32 15 17
 20 29  4  2]"
674,404,268,2.514925373134328,1.507462686567164,"[36 26 13  2  1  7 42 40 36 24 39 35  7  3 13 49 19 22  5  3 11 39 17 33
 28  7  9 18 27 15  9 30 41 36  8 11 45 24 37 30 13 14  5 34 12 21  9 19
 34  4 22  8 21 43 14 39 49 46 20 26 31  8 45 41 12  4 48 27 17 12 33  1
 10 42  7  3 33  7  9 10 16 28 32 26 37 48  1 42 15  7 14 16 42 41 38 41
  5 40 21 47]"
617,349,261,2.363984674329502,1.3371647509578544,"[32  3  6  9  9 36 33 37 17 28 44 45  5 34  3  9 43  1 17 36 20 30 20 27
 49 33 28 14 13  3 39 44 29 39 26 49 45  1 18 15 19 39  7 12 22  5 41  6
  9 22 15 42 27 29 30 31 21 34 43 43 22 41 24  1 39 12 36 25 32 23 33  1
 15 24 10 35 24  4  2  7 45  9 24 29 22 25 46 17 42 14 17 24 45 42 10 19
 43  1 28 37]"
672,364,275,2.443636363636364,1.3236363636363637,"[33 33 30 45 32 25 18  4 19 38 23 19 44  8 16 26 49 36 42 44 32 18 40 14
 14 36 20 14 17  9 29 48 10 26 47 17 40 19 29 22 18 24 13 17 47 33  1  5
 45 36  5  3  2 13 44  4 16 41 30 45 23 15 28  4  2 19 46 26 15 21  6 37
 11 19  6  9 39 15 40 48  8 44 48 23 34 20 20  5 48 11 36  6 48 39 24 48
 17  5 34 33]"
613,339,251,2.442231075697211,1.350597609561753,"[22  8 33 36 32 22 13 25 35  6 23 38 21  2 21 15 37 31 22 48 18 16 35 39
 14 48 17 12 22  8 29 43 48 40 36 11 23 19  1 18 12 14 11 10 36 21 11 47
 38 45 11 14 36 45 48 14 48 30 30 37  5  5 39  1 45 14  6  2 35  9 35 40
 35 42 39 48 47  8 27 11  4  7 16  1 41 44 43 40 13 23 46  4 46 23 37 10
 49 21 30 24]"
649,397,283,2.293286219081272,1.4028268551236749,"[13 29 22 40 19 49 29 15  9 33 23 19 18  2 18 26 15 19  3 47 38 26 27 41
 43 16 43 10 40 34  2 44 33 44 41 41  5 43 30 29  3 16 46 40 39 13 48 41
 39 35 24 19 26  3 44  6 39 49 29 14 42 44 15 21 36 25 44  2  9  5 28 32
 23 13  8 19 34 18 39 30 41 44  8 38 40  4  7 35 46 43 23 42 11  6 25  5
 47 28 45 18]"
718,412,247,2.9068825910931175,1.6680161943319838,"[49  7 21 17 18 26  2 12 38  3 23 48 28 49 18  9 20 36 36 13 34 33 11 18
  5 45 24 36 48 35 48 39 14 21 14 45 27  5  4 35  5 12 27 46 21  2 24 24
 39 46 38  5 44  9 47  3 36  9 33 34 35  8 47 27  4 15 38 35 27 18 49 39
 16 20 42 30 18 19 41  6 47 38 42 47  5 10  8 31 38  3  6 45  1 22 38 21
  7 19 19 34]"
603,347,263,2.2927756653992395,1.3193916349809887,"[21 18 43 18 18  8 20 47 46 12 34 44 27 25 19 46 20 28 30  6 37 46 47 45
 31 21  2 11 44 12 45 49 21 36 25 23 28  4 29 38  6 15 12  2 25 14 10 45
 42 45 22 29 26 39 49 11 27  6 45 30 45 10 35  9 15 19 12 27 42 41 27 38
 36 11 42 30 40 36 28  4 41 24 30 36 31 13 43 33  3  5 19 19 41 15 11 29
 20 31 22 48]"
854,488,389,2.1953727506426737,1.2544987146529563,"[ 6  2 44 39 43 41 23  4 19  5  6  3 41 43 32 45 49 39  8 19 33  1 32 40
  9 49 21  6 47 25 19 29  6 46  6 11  6 45 12 18 16 36 25 23 39  2 37  4
 41 32 38 29  8 48 30 36  3 22  1 33 48 26  2 42 24 19 40 15 14 40 27 15
 41 41 25 19 23 46 44 21 47 43  5 35  7 30  6 15 20 31 17 21 31 30 38 15
 16 49 15 17 35 21 24 30 28 29 23 25 12 20 27 41 26 33 21 46  7 33 14 39
 28  8 44 30 18 15 29 39 13 35  6 17  1 39  4 33 32 31 25 25 40 29 25 40
  5  4 15 16 35  7]"
951,569,399,2.3834586466165413,1.4260651629072683,"[30 48 43 37  4 34 14 34 28 33 19 49 38 10 16 18  8 22 23 35 20 12  6 25
 19 40  8 10 37 33 29  5 37 42 25  5 45 32 13 36 31 30 49 13 20 33 12 25
 45 19 37  2 42 17 15  9 37 42 42 37 43 23 12 32  2  2 29 28 32  1 18 32
 40 46 37 41  4 21  8  5 18 48 16 47 16 24 15 11 37 24 25 30 18 43  6 11
 22 48 13 20  3 41 22 42 22  6 24 29  4 16 30 31 40 21  2 14 21  9 21 17
 18  7 20 14 30 22  8 46  4 32 44 31 29 49 22 23 21 18 28 31 30  5 48 45
 17  3 19 33 19 49]"
979,543,397,2.465994962216625,1.3677581863979849,"[31 37 30 12 32 12 22 16  3 22 41 19 22 16 33 48 22  8 42 31 37 30  8 24
 19 43 14 49  4 41 42 21 47 41 10 47 47 30 17 37 11  8 15 22 31 48  7  4
 37 26 19 12 31 20  5 46 21 27 13 14 12  9 47  6 32 34 29 34 27 14 10  4
  5  5 46 21 11 20 28 48 42 45 32 38  2 37 21  2 19 35  2 10 33 11  5 25
 38 36 27 10 15  2 47 22 34 31 29 35 20 30 15 30 13 25 42 49 44 41  3 35
  6 48 38 37 19 19 22 13 12 14  1 44 24  2 14 13 30 30 23 29 24 25  9 22
 24 41 27 30 46 36]"
986,586,408,2.4166666666666665,1.4362745098039216,"[ 6  4 34 49 24 30 42  2 30 45 17 11 42 11  3  6 37 21 16 25 21 24 20 31
 12 12 20 12 39 32 47 26 17 27 36 16  3  9 46 17 46  5 18 32 47 16 33 42
 20 30 14 28  1 24 14  3  7 47 20 33 19  1 11 44  4 32 14 15 25 29 40 39
 47 23  7 27 18 14  9 33 15  1  2 41  6 41 22 39 48 49 47 28  7  2 15 13
 48 31 39 35 26 48 41 28  7  9 21 19 49 48  3 21 44 12 10  3 39 32 48 47
 32 41 25 14 42 34 42 24 49 21 13 11 48 46 28 30 40 45 22 28 19 27 48 39
 29  5 11 39 24 28]"
997,557,419,2.379474940334129,1.3293556085918854,"[ 2 42 36  1 31 38 23 11 21  8 30 25 16 30 48 15 11 30  9 40 49 13 10 44
 31 33  1 24 14 17  6 36  8 17 49 34 29  9  4 45  8  1 19 22 41 30  4 25
 27 42 42 16  6 16 24 45 46 26 40  1 16 12 31 34 20 49 23 26 42  6 14 49
 32 22  4 10 17 21  2 18 44 38  7 17  1 20 27 38 49 23 34  2 34 44 16 35
 38 19  9 10  1 49 34 44 17 49 44 10  8 22 21 15 38 28  9 10  4 49 42 47
 46 30 43 39 28  1 30 37 30 32 45 43 22 41 26  7 30  1 27 10 38  6 22 39
 10 37  4 39 10 35]"
922,510,400,2.305,1.275,"[49 37 40 22  9 46 37 42 41 29 41 34 20 11 22 21 49 44 20 39 36  7 13 46
 11 32 27 16 25 41 20 40 46 44 15 22 42 14 34  9 15 10  7 32 36 38 12 13
 11 27  6 32  1 34 25  7 36 14  8  6 30 18 17  2 13 48 25 42  9 18 35 42
 14  1 20 37 36 19  7 11  4 33 12 34 46 25 30 11  3  5  7 38 36 20 27  1
 18 43 48 26 14 42 35 45 44 43 31 11 23 26 27  3 38 16 32 35 23 30 38 40
  5  5 30 15 14 31 39  3 11 30 35 30 10 19 10 28 14 10  8 42 37 36  9 44
  5 26 29 27 24  6]"
969,575,362,2.6767955801104972,1.5883977900552486,"[25 27  5  2  9 24 24 30 41 48 25 43 35 25 18  4 16 36 19 29 41 48 31  2
 26  2  8  2  8 18 21  2 11 45 14 28 38 36 36  9 49 30  9 16 38 22  1  9
 34 10  9 19 18  8 46 27 29  7 13 29 17 43  3 43 44 30 41 48 47 13 16 46
 31 14 39 21 28 21 15 16  4 14 48 40  1 40 28 48 28 22  1 27  3 25 44 11
 12 19 45 27 48  1 14 34 34 15 11 42 36 25 27 19 30 17 30 10 37 44 42 31
 42 49 16  6 18 42  7 26 49 43 25 22 12 44 48  6 33 39 46  3 35  4 44 37
  8  7 33 31 41 24]"
961,599,355,2.7070422535211267,1.6873239436619718,"[19 38 46 23  6 43  1 16 25 14  3 43 39 11  9 36 13 38  2 37 42 22 20 39
 14 43  7  8 34  9  9 22 33 23 35 34 14  8 17  5 49 12 19 18 10 13 32 25
 45 47 46  2 30 31 47 34 35 37  2  6 40 34 48 14 25 16 22 37  9  2 10 14
 15 38 42 12  8 22 48 32 18 16 31 45 13 34 12 36 37  9 37 12 12 22 20 39
 20 15 22  4 37 32 23 18 13 35 43 40 36 16 45 21 27 39 46 43 14  7  8 16
 44 38 24 34 17 22  7  8 24 13 28 47 29 12 14 39 38 26 13 24 14 26 30  7
 11 16 47 14  5  7]"
1009,555,409,2.466992665036675,1.3569682151589242,"[38 11 12  8 28 49 11 38 23 14 13  1 46 40 40 19  3 16 23 49 39  8 46 30
 18  1 32 21  8  1 19 45 18 20  7  1  9  7 38 46 20 31 11 30  9  5 42 11
 15 34  8 46 47 34 23 41 44 14 49 14 27 15 17  5 31  4 38 41 45 42 43 24
 15 11 48 42 12  2 43 37 25 10 18 21 17 24 10 22 44 41  8 20 42  9 15 26
 24 31  2  8 23 11 13  9  1  1 28 16  4 29  6  4 38 34 22 11 33 16 26 22
  9 33 17 10 35 13 19 48 18 44 15 48  8  6 41 17 31 40  2 21 33 23 30 43
 38 21 11 45 24  1]"
992,594,409,2.4254278728606358,1.452322738386308,"[17  3 18  9  3 21 28 36  8 17 48 10  8 22 30 15 19 29 33 31 19 13 34 20
 18 27 21 21 29 32 40  3 15 19 19 42  2  1 27 20  3  5  1 19  1 27 13  4
 20 49 45  3 28 24 47 47 36 45 11 41 41 38 16  9 28 26 21  7 45 42 38  1
 29  4 13 13 32 28  4 46 39 32  8 15 33  5  4 42 22 34 17 26  2 45 22  7
 38 13 30 33 13 31 49 43 19 29 15 14 10  9 47  6 48 44 12 20 25 32 22 46
 33  8 48 43 11 39 22  8 27 36 35 11  3 44 35  3 42 43 21 22 22 26 47  2
 32 10  4  6 31 36]"
1376,772,553,2.488245931283906,1.3960216998191681,"[ 1 38 16 21 16 22 11 39 26 15  5 11 42  9 31 25 37 37 35 30  1 19 44 47
  2  8 49 37 25 20 45 40 39  3 29 12 18 19  1 42 30 37 30 17 23 24 22 21
 35 26 10 45 15 29  3 24  6 45 17 22 42 38 31 48 13 33 18 40 16 16  8  7
 34 27 32 24 32 38 38  6 16 36 12 39  7  3 11 35 36  5 26 23 31 12 10 29
 42 30  9 49 15 35 21 46 31 23  2 17  5 22 38 18 29 44 15 43  1 27 31 15
  6 22 16 40 28 36 42 19 44 14  9 43 28 11 42 23 37 19 21 41 20 19  4 37
  6 40 30 19 31 46 37 14 43 13 30 18 35 44 38 41 23  7 40  9  9 34 23 30
 38 15 42  2 28 22 11 38 43 16 20  4 10 25 32 39 15 22 11  5 40 31 23 42
 28 47 44 26 13  7 47 10]"
1334,750,520,2.5653846153846156,1.4423076923076923,"[ 4  1 20 39 30 39 49  9 44 28 28 14 40 19  1 22 38  3 28 39 48 46 17 40
 16 40 36  3 44 23  9 16  9 20 35 45 18  2 17 12 42 17 21 20 17  6 17 46
 28 35  4 27 40 43 45 36 30  1 27 13  1 16 27  7 11 17 49 34 41 35 15  8
 18 37  3  7 33 49  4  2 44 31 18 16 16 22  1 44 16 35 18 11  7 26 33 30
 33 15 28 39 40 36  1 13 20 21 25 25  7 32 40 18 14  9 13 43 37 48 47 48
  1 39 46  4 33 35  9 32 44 14 46 10 20 31  3 31 23 26 29 13 31 46  3  5
  6  8  3 25 43 28 35  1 45 18 46 14 43 20 16 31 20 42  1 49 26  3 20 40
 34 15 33 28 49 39 34 45 32 31 42 28 48 23 36  2 35 40  5 16 29 45 47 34
 35 18  6 26 31  3  6 20]"
1304,710,523,2.4933078393881454,1.3575525812619502,"[32  5 27 49 15 18 29  2 39  1 47 40 41 22 20  6 29  1 43 28  1 36 42 22
 25  7 28 19 11 46 44 23 23 14 41 23 11 10  3  9 28  6 36 13  3 10 39 12
 22 46 27 35 45 14 47 31 19 45 29 23 37 27 31  8 41 40  8 15 12  8 33 20
 35 22 17 32 29  9 37  5 20 25 47 39 18 32 42 21  9  9 21 28 21 48 17  5
 28 41 39 44 45 35 38 19 36 16 16 22 45 37 20  1 36  8 10 32 47 17 10 35
 19 30 46 33 26 41 43 49 25 15 14 12 23 39 46  5 12 37  3 32  3 14 39 13
 12 13 17  5 22 21  2 19 47 16 30  1  3 41 22 39 32 13 20 14  5 30 26 26
 38 34  6 26 13 20 20 36 46 10 22 39 15 37 47 32  1  9 13 46  6 13 16 31
 19 31 21 40 37 28 17 25]"
1255,797,559,2.2450805008944545,1.4257602862254024,"[ 6 13  7 48 33 43 15 19 38 26 13 36 29 48 43 46 34 31 23 17 16 13 44 14
  9 19 24 16 13 13 17 22 10 41 13 48 43 28 32 40 15 30 32 49  9 24  8 26
 32 17  1 30  9 24 25 28 10 15  7  6 46 24 40 13 21 34 17 13  7 12 10 27
 12  4 26 29 24 11 43  2 45  9  5 16 37 36 24 26 21 20 11 12 25 30 25 40
 34 19 45 42 18 47 30 42 38  6 37 23 33 21 19 21 24 14 25 28 43 40 12 47
 40 28 38 30 22 32 15 39 40 34 31  2 10 26 31 15 27 20  5 39  1 27 23 34
 30 20 46 43 44 42 10 38 47  2 29 10 46 41 42 33 46 32 35 30  1 13 30 44
 20 15 23 24  5 23 42  6 42 12 36 49 48 27  7 49 27 31  6 21 24  9  7 39
 24 17 47 31 47 32 26 41]"
1292,794,533,2.424015009380863,1.4896810506566605,"[41  4 32 39  4 13 11 39 45 13 36 30 22  5 48  2  8 24  3 20 21 20 12 39
 26 10 39  9 29 21  2 47 49 14 34 22 40 37  7 42 30 31  7 26 37 29 10 30
 42 43  1  7 45 10 10 44 42 19 40 29  2 34  6 20  1 24 26 43 14 43  7 22
 32  7 25 39 40  8  6 30 41 46 23 33 10 39 12 30 49  2 22 37 11  4  7 17
 32 28 12 27 17 15 26 18  7 26 11 46 31 13 41 29 15 20  2  4 12 48 34  4
 19 30  5  1  2  3 28 21 35 48 22 49 42 43 10 20 37 21 15  7 11 35 16 48
 41  5 12 20 27 32 47 12 48 34  8 20  7 16 10  8 15 49 24 42 33 13 29 13
  3 32 25 34 49 16 16 33 49 27 27 41 47 40  8 37 28 32 18 10 44 47 32 44
  5 22 23 27 10 39 15 40]"
1295,717,517,2.504835589941973,1.3868471953578336,"[35 27 11 12 20 17 28 31 42  9 24 10  2 39 41 26 18 36 29 18 10 16  3 21
 41 14 32 26 22 46 30  5 21 33 48 35 31 45 17 33  4 27  7 20 22 25 18 11
 37 15 35 18  5 41 19 30  5 25 41  2 23 38  3 42 15 22  9 18 20 32 32 29
 21 18 42 38 14  7 10 37 10 42  9 41 18  4 17 45 13 19 18 15 29  8 16 29
 17 47 48 42 38 22 35 36  5 21 21 34  8  9  6 27 13  3  3 17 46 39 49  7
  5  3 38  4 10  4 49 48 45 24 18  2 20  9 27 37 13  4 11  2 24 44 40 18
 46 16 39 17 35 44 16 42 45 46 27 25  1 30  1 48  9 32  2 21 35 21 41 15
 48 45 42 32 21 41  2 29 11 27 34 26  1 31  3 30 22 33 21 21 10 15 43 42
 17 28 33 29 47  3  8 15]"
1333,747,556,2.397482014388489,1.3435251798561152,"[45  1 26 33 49 24 30 23  5  1 44 12 49 10 18 45 15 49 39 10 22 39 13 25
 32 16 21 33  6 30  1 23 19 14 44  4 29 14 25 35  2 31 18 46 15 42 41 37
 46 35 16 15 32 29  9 33 14  7 19 24 24 25 30 17 26  3 19 32 11 30  1  2
 31 23 32 14 17 13 23 17 45 29 45 28 29 22 38 39 20 40  3 14 21 30 37 19
  2 18  8 40 14 33 33 13 27 39 37 11  9 42 33 14 39  1 46 45  8 24 40 36
 31 31 21 47 15 40 49 20 25  8 34 19 24 14 41 44  5 44 37 16 16 34 46 11
  5 43  2 19  5 24  7 18 13 45 20 18 49 46 28 26  6  7 40 12 49 23 46 32
  6 33 16  1 34 13 22 24 43 10 17 45 42 46  7  1 11  5  9  9  1 10 19 36
 36 12 36 28 39  1 19 34]"
1330,790,573,2.3211169284467714,1.3787085514834205,"[46 42 28 11 24 45 36 49 47  6 37 43 46 39 14 24 18 36  1 31  9 10 44 25
  3 14 21 21  4 10 11 46  6  5 44 49 38 15 28 41 28  8 33 13 26  1 45 30
 10  2 48 37 36 19 20 39 25 19 33  7 23 11 48 10 43 25 39 23 46 15 37 48
 30 16 19 46 17  6 25 22  2 21 11 15 14 26 15 38 12 46 17 48 47  2 29 44
  1 44 32 15 46  5 21 31 45 21 22 41 48 17 26 39  3  7 27 46 27 39 33  4
 29 16 49  9 18 45 36  4 38 39 26 40  2  4 38 10  2 32  2 46 23 29 45 25
 37 24 26 12 41 33 11 12  9 38 33 32 48 47 25  2  5 37 46 13 43 45 22 20
  5 25 31 45 16 11 14  7 44 33 40 48 23  8 44 30  6  1 19 48  9 40 35  6
 23 43 34 17 12 44 15 39]"
1336,796,545,2.451376146788991,1.4605504587155964,"[ 5 34 15 16 31 14 37 46 42 34 10  3 22  9 18  6 21 17 24 39 35 25 47 31
 28 26 35 23  2 42 33 42 29 30 34  1  5 44  7  2 40  7  3 48 13 11 12 22
 39 31 22 48 29 22 45 23 14  9  2 26 26 48  7 42 41 13  7 18 10 46 32 17
 41 13  6 26 37  5 48 24 43 29  7 10 29 46 27 15 47 21 15 28 28 44  1 17
 13 31 33  7 40 49 20  4  4 24  1  5 10  9 42 46 23 28 23 27 43 25 32 30
  7  4 27 13 48  3 30 11  9 25 18 10 11 19 45 20  6  4  1 13 19 35 47 27
  7 45 25  3 26 39 16 31 12 17 44 49 18  3 32 46  7  6 34 39 20  3 30  9
 49 37 19 43  5 19  9 15 25 32 13 36 47 28 40 27  2 38 10 22 24 44 38 22
 13  7 41 12 44 11 21 23]"
1270,696,522,2.4329501915708813,1.3333333333333333,"[19  6 13  2 44 40 16 15 42  3 47 10 27 49 47 17  4 20 48 28  3 22 32 30
 15 21 27 33 10 32  4 36 37 39 11  5 43 10  2 48 24 44 48 20  9 47 29 21
 22 21 40 11 13 16 23 35 46 15 37 43 19 31 14  6 47 18 45 25 14 27 28 17
 41 12 33  3 28 21 18  9 30 45 18 49 22 48  8 12 46 23  9  4 10 33  5 30
 11 24  8 25  8 46 20 35 45 24 45 34 34 34 13 49 24  4 32 24  9 45 14 43
 13 22 10 24 28 18 22 25 29 33  8 15 48 27  1 17 41  1  5  6 12 37 36 29
 35 19 35 23 17 26 40 18  5 20 38 27 10 45 10 46 23  6 49 44  9  4  3 47
 44  6 35 15 47 12 24 14 31 27 13 14 30 49  4  3  3  8 22 39 14 43 22 13
 17 36  8 33 23 28 43  2]"
1617,919,613,2.637846655791191,1.499184339314845,"[33 21 26 10 14 30 14 32 38 33 40 30 24 15 10 38 44 45 22 46  5 25  1 42
 46 34 19 17  9  4 46 43 33 48 40 42 28  7  8 40 43 13 19 29 26 30 24 16
 20 48 31 26 32  6 18  7 10 29 31 41 13 25 30 45 10  6  8 17  7  3 37 14
  4  3 33 44  5 35 15 41 20 11 17 28 17 27 30 39 20 43 42 39  9 14 38 30
  3 42 29  7 26  5 42 45 48 47 39 34 44 47 49  5 14 35 21  6  8 38  5  8
 20 33 47 25 13 24 12 15 43  2  5  8 18 18 16  8  7 30 49 23 15 13 31  5
 38 46  2 14 10 49 46 13 35  9 23  9  8  7 44 34 32  8 29 48 45 28 33 38
 11 47 45  8 25 44 25 21 44 24 34 32 47  2 39 40 40 33 13 37 44 18 21 23
 43 47 13 16 26 12 32 11  1 21 40 32 33 47 32  3 38 39 41 21 20 31 36 25
 46 30 26 21 27 38 30  3 45 32 19 29 11 12  7  2 42  5 36 19 23 14 41 49
  8  3 40 10 10 41 40 44 39 21]"
1604,942,636,2.5220125786163523,1.4811320754716981,"[41 11 45 24 17  4 32 48 10 37 31 16 16 20 48 13 37 43 15  8 29 29 22 23
  8 24 32 10 12  3 42 48 30  7 31 36 42 13 34 29 40 38 41 39 15 41 17 10
 26 39 22 13 32 11  3  9 35  6 43  9 13 12 21 30 33 29  7 43 47  5 38 21
 40 49 31 45  5  4 23 12 17 30 45 29 27 29 15 24  4 15 38 25  9 35 42 34
 14 16 25 49 48 22 14 45 48 33 34 19 30 41 44 47  5 38 46  9 37 32 28 19
 26 14 32 13 31 18 41  2 10 11 48 17 15 20 45 48 29 41 43 31 43 11 32 35
 33 29 25 24 12 40  4 33  2 37  3 38 28 28 31 13 12 30 32 30 41  7 43  3
 42 44 22 11  4 38  3 46 48 18 48  3 20 49 24 20  2  2 34 24  1 30 33 32
 33  1 30  8 17 47 12 23 11 44 48 47 32 24 48 38 33 30 19 44 22 36  3 31
 21 33 19 37 22  8 37 15 35 42 18 31 40  1 30  2 42 46 33 38 14 45 20  1
 48 20 14  7  4 15 38 35  8 15]"
1643,933,663,2.478129713423831,1.407239819004525,"[30 42 12 25 48 13 30 42 38 39 11 47 43  8 38 41 48 26 15 31 35 33 10  5
 23  4 17 16 30 49 18  7 45 38 13  6 34  9 31 40  7 18 42  1 19 32 15 16
  7 39 43 37 29 14 20 43  3 15 24  2 16 14 32 37  4  4 37 14 39  2 39  4
 21 38  5  7  7  8 26 20  4 32 34 16 14 16 48  8  7  3 24 39 34 47  5 11
 12  6 48 28 19 43 33 29 29 20 27 12 45 15 10  9 26 19 13  4 40 32  8 20
 31 26 29  5  2 10 30 30 33 30 23 41 29 35 24 16 30 25 27 17  8 36 14 35
 20 17 14 28 17 25 22 48 33 28 36 45 28 37 42 21 12 29 40  9  5 15 39 14
  3  1 19 22 38 25  8 24  3  4 10 23 41 16 22 17 41 28 10  6 25 49 26  1
 48 33 33 38 25 37 34 18  1 32 10 38 30 42 44 27 49 13 19 22  7 38 45 32
 45 40 46 39 39 11 21 36 20 17  7 47 21 26 14 18 40 38 34 47  7 32 36 30
 26 47 42 23  8 15 28 23  6 10]"
1659,899,645,2.572093023255814,1.3937984496124032,"[42 34 29 31  8 32  9 34  1 43 46 24 10  7  4 27 48 17 45 16 13  8 37 35
 27 20 28 19 40 37  3 13 31  6 45 10 27 43 39 30 22 40 15 15 14  3  1 28
  6 28 26 16 31 32 43 38 39 14  3 24 13 43 24 21 49 39 48 21 31 48 45  8
 23 47 23 21 24 41  7 23 48 28 32 14 30 32 48  5 43 12  1 17 33 44 42  5
 41  9  8 10  5 29 34 40  2 20 17 31 27 41  4 13 15 30 41  1 47 33  8 10
  9  6 38 25 14 48 43 40 17 17  5 46 15 15 13 21 11  2 16 40 36 42 45 33
 19 34  1 36 25 42  2 28 19 44 10 17 48 28 38 12 26  3 37  2 19 20  8 13
 26  2 15  2 30 32 34 44 36  2 48 16 22 40 39 31  2 15 16 33  1 23 42 46
  9 30 24 36 16 11 41  7 23 28  8  4 30 27 18 38 34 41  1 20 35 24 44 19
 48 25 25 14  6 15 30 47 39 12 41 25 39 31  8 45 42 44 15 32 30 35 10 15
 38 17 10 15 36 21 19 47  8 29]"
1607,925,653,2.460949464012251,1.4165390505359878,"[26 36 18  3 41 48 13 12 29 15 38 31  6 20 18 31  2 32 26 32 10 38 26 38
 26 35  6 28 30 17 38 18 25 40  8 31  9 30  6 48  8 45 34 35 40 25 23 38
  2 27 25  2 37  6 45 37 26 21 11  5 18 23 12  2 33 25 40 14 22 35 37 28
 26 47 27 30 44 38 31 37 27 16  6 21 33 48 45  9 34  2 45 41  5 12 44 35
 26 29 20 28 34 36  2 32 46 19 13  5 25 40 48 35 26  8 16 16 28  3 30 18
 26  4 43  3 49 31  7 39  5 38 28 43 37 40 35 36 38 46 36 13 11 30 25 49
 18 25 34 27 46 46  1 23 15 40 47 33 13 28 23 15 10 25 40 20  7 10 31 28
 11 12 21 35  7 42  2 33 20 43  4 36 37  8 37 31 37  4 23 39  7  9 33  5
  6 37 13 20  9 32 30 37 21  1 49 32 25 44 25 20 48 31  3 11 33 23 28 36
 41  3 22  2 12 16 49 39 21 48 20 14 33  6 24  8 45 23  1  1 44 47 42 19
 19 39 35 47 34 48 26 19  7  3]"
1534,832,637,2.4081632653061225,1.3061224489795917,"[22 37 39  8 39 30 39 49 14 43 24 10 43 30 34 23 21  8 44 18 36 15 13 25
 15 13 20 17 45 45 43  1 23 45  2  5 45 39 36  4 10 25 33 24 24 49 35 15
 16 30 37 29  6 25 24 43 16 27 31 22  1 16 23 22 35 28 25  1 24  5 11 45
 34 10  6 48 34  5 14 11 39 19 21 46 38 39 20 37 16 46 14 28 33 21 11 12
 12 12 13 44 16 43 19  5  4 28 13 13 20 23 35  5 41 29  1  6  4 44 26 21
 27 10 45 24 22 17  5  6 35 39  3 44 33  3  1 14 24 31  3 28 44 46 48 47
  6 39  3 13 26 16 42 45 27 26  9 47  7 44 28 34 15 34 36 41 12  4 24 38
 10 27 30 45 33 12 24 27 20 34 18 14 46 29 14  9 48 33 38  7 29  2 44 46
 41 41 32 41  1 48  1  2 41 39 25  6  4 32 30  7  2 41 45 48 11 47 38 14
  9 22 10 28 26 30 25 18  9 23 42  3 48 29 25 32 40 16 39  5 27 24  9 37
 16 49 26 10 18 11  5 43 30 28]"
1589,947,637,2.4945054945054945,1.4866562009419153,"[44 48 14 39 29 24 13 29 46 31 31 28  8 36 13 28 33 23 32 25 23 28  8 47
 20  6 30 43  8 21 34 38 32  9  7  7 39 36 15 31 40 24 18 29 25 34 18  4
 39 29 34 37 41 42  5 30  3  3  6 21  1  1 17 11 22 41 47 40 22 22 39 20
 12 13 23 21 10 27 33  8 30 43 13 18 14 33 22 43 42 34 48  5  2 43 32 45
  4 13 43  2 42 27 23 15 24  2  6 25 33 39 44 20 39  5 20 37 49 29 41 33
  5 34 36 33 23 44 25  9 15 18 34 40 19 26 18 31 18 35 44 11 48 11 10 11
 27 45 26 31 40 22 26  3 36 39 37  4 47 20 24 14 41 19 21 44 24 41 15  9
 15 22 16 24 21 44  8 27  5 45 44 26 44 20 47 21 32 47 26 40  4  7 32 34
 19 35 12 17 20  9  4 31 32 14 21 11 15 42 29 24 40  5 11 18 45 27  2 36
 40 13 35 23 23 18  8 31 32 47 32 14 39 33 29  6  6 27  9  5 15 33 21 23
 39 25 16 17 45  7  3 10  8  1]"
1730,996,682,2.536656891495601,1.4604105571847508,"[22  3 41 13 15 21  7 40 42 13 31 15  2 19  3 48 26 19 15 19 49 19 25 13
 38 15 29 21 40 41  4 10 30 20 29 49 36 41 15 16 38 43 22 11 48 10 25 46
 17 42  1 17 36 19 39  7  1 46 28  5 13 17 27 49 13 29  4  7 22 10 30 29
 20 46 26 14 23 33 37 26 46 24 27 24 40 38 31 41 28  3 22  8 19  4 12 18
 46 38 11 32  1 20 42 26 43 24  7 34 26 39 14 15 46 46 30 24 31 20 23  2
  1  5 26 16  1 15 49 21 14  9 28 48 34 12 41 35 34 14  6 36 47 13 10 43
 30 19 31 27 24 31 40 12 15 46 38 20 19 20  1 38 28  8  4 34  4 19 13 17
 13 19  8 38 30 13 45 20 30 16  9 12 26 37 32 15 11 19 29 19  4 40 24 20
 42 29 16 20 27 43 25  1 10 30 37  8  3 27 29  4 39 36 21 42 33 34 39 48
 38 38 38  7 24 36 28 28 32 38 49  3 35 48  4 20  1  8 44 29 12 32 22 22
  7 43 29  7 20 33 44 36 30 43]"
1442,820,633,2.278041074249605,1.2954186413902053,"[35 22 21 28  7 35 19 11  2 30 48 42 31 32 42  8 26 28 29 15 19 38 10 37
 45 43  4 21 27 12 29 41 43 24 46 21 41 36  3 23 14 36  7 24 33 33 42  3
  3 46 33  6 35  1 10 13 18 41 24 14 36 19 16 14 32 15 33 44 23 19 49 17
  1 40 36 16 20 25 48 38 27  7 24 20 33 39 35 24 18  8 24  1 24 32  9 24
 28 49 15 23 40 38 41 13  9 11 15  4 24 23 28 17  2  6 15 34 39 38 14 49
 36 12  6 30 37 31 41 47 11 37 21 29 46 19 22  6 32 37 26 41 36 27 10 38
 42 25 10  3 34 19 25 25 26 31 28  9 12 21 20 31 34 21 31  4 22 17 40 11
 48 25 12 45 49 10 38 29 48 47 39 46 10 45 45  9 44 38  4 43 35 17 25 28
 38 37 18 34 43 12 39  9 30 26 21 43  4 32 18 30  5  3 28  3  1  2 19 41
 13 42  7 11 25 24 21 49 23 43  8 34 21 36 49 38  6 14 43 15 43 37 10 25
 38  6 22 10 25 20 39 32 45 19]"
1615,917,661,2.443267776096823,1.3872919818456884,"[22  2  3 36  6 18  5 41 26 40 10 44 39 42 19 21 23 34 48  1 13 36 24  8
 39  4  7 29 14 17 11 37  4 14 28 14 48 44  2  4 33 19  6 38  5  9 22  5
 30 13  8  9 20 12 47 17 41 22 15 25 13  6 48 24  2 16 15 37 32 30  5  1
 32 18 39 42  9 49  6  3 22 35 39 23 43  5 35  6  7 23 48 39  1 11  9 24
 42 23 48 18 17  4 29  6 14 23 12 16 13 15 38 21 49 47 20  5 35 10 12 16
  1 30 41 14 14 35 37 33 30  1 36 34 10 13 19 33 49 25 12 40  8  3  2 41
  5 47  2  2 47 32  1  4  1 24 47 20 21 43 40  9 30  3 33 22 38  6  9 16
 42 42 16 32 16 23 40 31 35 45 24 18 23 43 38 42 21 24 33 11 35 49  1 34
  6  6 43 38 37  9 34 34  9 35 18 42 27 28 32  5 37 10 11  2 38 45 34 33
  6 26  2  8 29 24 24 24 42 34 49 46 39 18  3 16 20 28 16 47 35 41 13 42
 39 40 24 46 13 23 22 22 26 18]"
2101,1247,799,2.6295369211514394,1.5607008760951189,"[28 27 32 36  3  5 24  9  7 22 25  6  4 14  2 22 26 46  6 16  4 13 45 24
 46  3 15 27 41 18  7 42 12 21 45 28 17 34 49  7 20 45 18 38  7  3 35 42
 34  5  3 36 40  8 45 15  8 39 26  8 37  4 48 41 41 43 33 37 22 39  8 48
 21 44 20 33 30 35 20 27 17 14 36 28 12 10  1 21 29 20  6 22 10 25 19  2
 14 36 23 35 37 28 30 17 30  2 27 34  3 37 26 49 37 43 47 15 35  6 25 21
 19 15 27 38 24 19  9 21 15 43  4 36 33 30  2 26 20 48  7 11  7  4 49  4
  2 15 30 22 17 35 40  2 12  6 20 29 35 19  6 28  9  7 21  6 10 25 30  6
 18 44 14 37 29  2 47 11 20 10  6 14 19 49 18 26 41 12 17 14  7 40  7 27
 22  2 34  2 21 16 28 26 22 39  9 49 11 21 23 39  9 45  7  3 15 17 35 40
  3 25 10 45 23 36 44 20  5 28 31  4 43 26 32  5 25  4  3 29 37 12 37 44
 49 38 29 16 48 47 48 38 38 44 49 17  9 13 32  2 45 20 10  1  6 24 46  1
 47 35  4 31 25 17  6 29 41 48 32 18  1 10 31  6 35 23 30 38 48 17 38  4
 17 17 21 29 22 13 12 49 25  2 30 36]"
2009,1157,786,2.5559796437659035,1.4720101781170483,"[33 14 12 16 41 47  2 10 16 31 40 35  1  4 38  2 19 45 41 11 13 23 13 13
 38 47 15  4 24 47 20 45 22 22 41  8 46 49  2 14 16 46  2 37 30  5 23  7
 48 32 38 26 37  6 30 11  9  3 26 34 24 48 24 31 17 39 24 38 34 30 21 45
  3  8  7 33  9  4  4 47 18 11  7 46 32 48 37 29 46 45 39 16 24  1 35 16
 26 22 46  9 36 42 23  3  6 24 13 29 46 43 31 19  9 22 26  7 30 35 35 25
 20  5 39 49 23 12 38  5  2 15 36  7 22 18 36 14 44 11  8 31  7 47 27 37
 30  9  8 47 33 44  9 38 10 15 48  5 38 13  5 30 42 26  8  9 18  2 38 36
 43 23 24 34 25 26 47 49 12 45  1 48 27 17 17 46 39  5 36 21 30 36 48 17
 44  4 14 25 32 37 18 13 39 26 12 39 49 15 16 11 26 38 19 36 32 29 39  8
 16 17 19 17 39 42  2 28 20 37 26 27 23 49 12 45  5  9 40 34 47 21 10 26
 14 27 26 15 45 43  5 34 19 43  5 26 15 47 32 21 16  8 25  4 49 45 42 34
 31 14  8 45 36 25 37 49 40  2 36  7 33 24  4  6  4 44  4  6 33 30  4 14
 43 38 36 42 26 39 31 12 11  8 40 20]"
2009,1119,771,2.6057068741893645,1.45136186770428,"[21 33 11 11  8 29  6 35 27 49 34 36 10 28 34 49 36 29 18 35 40  2 12 46
  3 28 40  8  6 11 44 26 24 23  3 49 47 28 43 12  3 31 47 30 24  5  9 23
 19 10 34 30 44 35 40 39 34 47  3 46 37 48 15 43 26 48 26  1 39 28  2 26
  7 37 31 33 35  7  7  2 22 10  8 21  3 14  8  6 35 29  4 23 46 40 47 23
 19 29 48 24 13  8 38 42 43 25  7 17 25 11  7 19 29 45 44 42 47 18 40 43
 41  5  4 16 29  9 13 14 13  6  6 11 37 47 24 36  5  2 48 10 43 48 21 31
  8 47 49 34 16  7  8 34  4 33  2 46 35 44 37  6 34 41 15  2 29 29 21  4
 19 16 13 37 29 41 16 24 28  6 20 45 32  9 21 23 46  9 25 27  4 30 18  6
 48 16 35 33 46 40 13 36 17 11 24 26 35  7 39 31 12 48 17 40 28  2 45 12
 23  5 44  1  2 40 37 34 45 47  7  8 42 47 26 41 32  2 46 11 40 21 46 47
 30  8 19 15  2  4 18 31 35 11 10 41 21 33 29 20 25 35 10 42 33  7 35 22
 22 17  3  5 11 23 15  7 17 41 16 41  1 46 16 26 10 27 16 22 38 20 33 41
 17 18 37 11 35 46  8  2 31 26 38 44]"
1944,1060,747,2.602409638554217,1.4190093708165998,"[44 24 19 20  5 16 19 14 47 40  8 22 18 34 49 29 39 10 15 19 47 49 10  7
 20 45 46 45 39  2 32 46  9 47 32 32 15 43 42 39  9 31 21 16 39 45 38 11
 41 22 15 43 42 27 44 46 31  2 37  3 47 36 18 23 30 10 48 18  3 27 44 42
  3 39 42 45 39 44  7 27  9  9 25 11 39 28  6 38 24  5 42 46 11 42 25 10
 38  6 13 25 37 15 31 25 33 33 14 37 23 38 34 21 14 24 43 44  1 26 26 35
 32  1 36 36  7  9 18 30  6 38 42 30  8 41 12  1 11 13  4 19 14 42 20 30
 32 23 41  9  8 37 43 21 39 49  5 42 18  8 47  3  1  6 25 43 21  8  5 17
 31 49 26 38 37 21 32 46 11 18 38 44 35 12 46  4 23 42 33 32 39 17 29  6
 13  8 12 38 21 43 16  7 16 24 43 27 41  8 25 32 45  4 42 39 33  9 45  9
  1 12 41 27 26 33 22 22 46 21 16 47 40 15 49  9 34 33 44 44  2  4 29 49
 14 47 25 49 27 33  9  5 31 46 32  8 42 17 47 15  8  8 24  8 45  7 48 49
 47 10  6 14 28 16 36 43 49 18 21 26 31 38  9  7 20 44 45 47 27 16 33  3
 30 46 43 26 24 24 42 22 41 17  9 37]"
1911,1057,780,2.45,1.3551282051282052,"[30 19  9  4 35 31 44 38 16 13 21 33 48 16 25 18 12 41 23 34 49 10 34 18
  6 10 21 25 43 23 42  7 31  1 49 37 19 25 46 20 13 44 25  8 22  5 35 23
 40  6  5 34 23 39 37  3  4 42  7 43 32 49  7 21 44 38 40 44 43 13 48 11
  9 48 11 36 42 18 49  5 16 24 21 26 41 45 10 44 43  5 16 14  3 37 28  4
 41  6  6 32 44 27 23 39  2 49 24 44 19 23 29  8  4 33 36 44  7 42 27 32
 21 34 19 16 27 18 30 43 29 40  7 42 40 24 44 11  9  5 42 23 42 41  2 11
 24 32 31 11 48 22 32 17 35  4  1  5 28 27 49 30 21 45 29 12 15  9 27 13
 25 43 33 42 42 29 40 38  9 37 20 22 17  7 40 25 17 46 19 45 26 10 28 12
 12  2 17 14 19  4 29 16 42  7 26 34 24  4 20 40 20 19  5 35  5 34  3 27
 16 45  8 21 14 27  3 10 14 46  3 10 24 10 12 11 38 20 47 14 41 33 40 45
 18 17  7 41 43 23 39 35 18 34 39  4 27 32 11 45 33 39 21 36 44  1  7 33
 13 40 14 33 26  4  2  7  1  5 40 28 32 32 43 27 28 26 38 35  6 23 31 40
 29  2 12 16 29  5 29 18 25 39 25 39]"
1969,1117,830,2.372289156626506,1.3457831325301204,"[ 2 20 40 11 36 20 46 20 16 38 26 27 13 33 41 45  7  4 23  4 38 19 37 45
 10 48 22 44 32  4 40 13 39 48 43  3 19  7 13 11 27 27  3 17  5 47 15 22
  6  2  2 30 18 47 13 19 27 11 33 38 40 47 18 32 41 19 48 11 33 47 17 32
  8 42  1 27 33 47 27  1 26  1 25 41 20 19 36  8 28 44 19 32 30 16 20 46
 26 12 35 15 24 17 41 33 44  7 13  2 38 40 44 25 32  6 45 21  6 33 28 20
  4 46 47 15 11  1 38 16 49 27  9 30 16 17  8 19 35 43 46  4 16 47 19  2
 13 17 31  7 18  7 18 12 37 44 20  1  2 35 17 42 27 20 45 19 42 11 48 14
 21 42 25 44  9 43 19 42 14 31 14 32  4 41 49 18 27 19 29 16 45 31 43 20
 12 23 38 15 44  7 14  9 17 42 15  5 31 47 28  1 41 49 15  9 20 36  1 33
 47 44  7 46 26 25 36 23  6 29 12 16 40  1  2 44 19 35 28 37 10 12 23 43
 45  5 32 48 24 41 41 46 39 47 44 39  6  7 17 25 47 36 10 32 12 10 14 48
 42 42 47 11 18 34 34  7 27 27 21 11 44 31 44 12 20  2 21 25 47 14 40 34
 35 44 27 40 45 38 16 21 20 33  2 40]"
1930,1076,767,2.516297262059974,1.4028683181225554,"[26 16 14 42 13 47 10 15 25 43 27 29 29  2 12 15  3 44 22 18 40 32 10 23
 20  8 32 44 23  9 46 41 12 49 12 32 44 23 10 30 10  7 33  6 12  1 39 19
 24 29 22 37  4  3 49  2 43 35  1 24 24 30  6 40 34  1 22 28 16  4 27 22
 34 14 27  3 15 43 33 39 21  6 37  2 39 22 45 28 10 30 37 17 47 45 32 35
 36 14 22  8 45 18 32 19  7  4 25 14 43  4 30  5 26 15 11  5 21 14 47 46
  9 35 40 35 35 39 37 39 49 10  4 10 36 46 27  2 15  4 48  7 22 11 31  8
 45 11 20 48 11 19 22 31  7 46  7 40 26 43 15  8 18 29 12  3 34 47 10 25
 13  1 11 45 41 14  1 17 19 13  5 19  7  8 35 13 40 19 12 16 30 17 43 24
 47 31 14  3 13 29 41 43 28 35 35 35 44  3 24 33 24  2 29 11 35 17  4 47
 22 26 31  5 30 26 32 31 27 40 44 45 24 12 49 29 41 42 14 19 14  5 21 25
  5 10  5 31 22 46 26 23 40 30 40 36  3 24 26  7 48 21  6 19 45 34 45 16
  9 46 43 24 23  4 48 26 34  4 45 43 28 32 21 27 40 20 28 15 49 46 17 11
 38 42 26 29  9 12 45 32 15  6 32 13]"
1856,1116,766,2.422976501305483,1.4569190600522193,"[10  1 38 17 41 30 37  7  7 22 30 44 48  1 19 23 17 41 27 38 39 45 24 49
 42 19 25 22 47 47 24 20  5 34 49 35 37 13 25 11 48 15 31 43  2 29 16 48
 25 11 21 43 10 37 45 46 22 33 10 30  5 12 12 10  7 11  3 48 13  2 26  2
 18 25 14 26 26 16  3 20  2 19 40 36 18 34 18 11 29 25 26 43 20 36 44 17
 32 14 35 40 15 16 35 38 47  7 34 15 45 10 13 38 41  4 20  1 18 24 23 33
 47 47 38  1 10  1 29 37 11 18 16  7  1 18 24 22 43 22 27 40  3 14  6 27
 30 41 10 16 29 30  9 49 46 11  3 28 23 49 30  5 40 23 28 38  7 38 48 43
 25 11  4 11  9 31 25  2 32 34 25 29 48 30 17 19  8 15 39 44 19  2 41 24
 39 16 40 25 13 42 32 30 22  4 15 25 45 36 31 12 28 23 29 14  1 31 38 24
  2 46 24 27 47 18 13 18 37 31 44 30  2 38 34 33 34 12 37 13  6 39  7 46
 14 14 16  7 33 12 36 24 48 16  2 21 31 18 45 13 29 49  3 17 17 35 39 22
 38 21 23  3  5 45 44 26 15 27 43 47 26 13 39 24 34 47 48 14  5 15 15  7
 17  1 17  1 39 17 34 23 44 13 17 27]"
1908,1072,779,2.449293966623877,1.3761232349165597,"[ 8 48 47 40  2  5  1 20 43  1 42  4 46 39 30 24 35 13 26 13 24 44 45 13
 16 37  3  9 34 22  5 47 46 17 15 48 48 46 32 26 18 14 12 30 28 32 29 33
 14 37  5 36 15  6  1 44 16  8 18 28 42 49 16 34  5 28 20 11 48 34 47 24
 45 49 36 36 47 44 32 28 33 34 46 34 44 42 43 21  9  1 36 28 45 22  4 46
 10  7  8  2 24 27 38 40 39 27 41 31 24 13 24 44 49 13 44 40 28 44 41 43
 43 24 16 38  2  9 12 19 35 24 13  6 32 26 48 30 20 33 12 37  2 24 40 16
 48 24 39 41 48 28  5 44 27 11 24 24 11  6 45 20 42 39 48 12 49 33  8 32
 32 13  6 16 45 40 36  3  6 47 18 27  5  8 24 16  5 11  4  8 44 43 49 24
 34 20 20  2 30 12 13 24 24 42 42 46  9 38  5 29 33 38 10  4 48 47 11  4
 23 27 20 31 29 24 34 16 40 38 37 38 20  3 41 26 29 36 20 15 49 25 42 38
 45  9 40 15 13 16 48 13 22  1 36 21 43 16 37 12 20 38 25  9 40 36 49 38
 33 17 42  1 12 27 34 34 33 17 14  2 26 29 35 21 32 16 16 49 27 12 31 35
 44 19 19 13 47  6  2 29 23 41 25 30]"
1821,1053,773,2.355756791720569,1.3622250970245795,"[12 49 44 39 16 46 42 18 45 49 19 15 14 26  1  7 35 15  6 34  9 30 47 16
  9  2 21 24 31 17 17 36 21 25  8 46 39  1 37 40 45 40 29  9 44 38  5 44
  7 28 30 32  6  6 20 32 16 11 18 30  2 21 42 47 26 41 20 34 23 43 15 40
  1 44 14 40 32 45 36 12 48 19 22 19 25  8 25 42 49  2  3  7 18  8  8 45
 36 28 18  3 13 47 15 26 43 46 42 34 33 35 40 31 38  1 18 47 38 49 43 49
 41 35 35  2 47 22 35 13 25 44 30 30 10 26 33 24 16 44 17 30 45  1 41  6
 35 42  1 29  5 38 43 48 48 15 32 24  7 22 13 43 43 30 16 14  3 19 17 27
 25 36 42 25 37 25 17 14  7 36 45  6  9  4 29 26 15 10 32 31  8 26 28  6
 35 34 17  9 48 12 40 20 15  4 17 39 17 25 48 39 45 42 47 26 20  3  8 14
 10 24 35 44  5  9  3 18 32 19 32 18  7 17 44 47 14 18 16  2 13  5 49 42
 23  1  1 27 30  9  3 42  8 30 16 14 37 20  7 49 30  2  2  8  8 38 33  9
 10 19 45  7 12 47 32 13 33 10  6 24 21 34 36 37 44 35 28 36 27 14 28  4
 13 45 24  2 10 37  7  8 35 27 11 40]"
