Virtual cost,Physical cost,Optimal Cost,vCost/OptimalCost,pCost/OptimalCost,Sequence
9,7,5,1.8,1.4,"[11, 8, 9, 10, 10, 12, 9, 10, 11, 12]"
6,6,5,1.2,1.2,"[9, 9, 10, 13, 10, 11, 10, 9, 10, 11]"
6,4,3,2.0,1.3333333333333333,"[10, 10, 8, 11, 11, 11, 8, 9, 9, 11]"
9,9,7,1.2857142857142858,1.2857142857142858,"[12, 10, 9, 9, 8, 9, 11, 10, 10, 11]"
7,7,4,1.75,1.75,"[12, 11, 10, 9, 11, 11, 10, 11, 9, 8]"
26,16,10,2.6,1.6,"[8, 11, 10, 10, 10, 12, 11, 11, 10, 10, 8, 9, 12, 10, 8, 9, 11, 11, 10, 9]"
11,9,5,2.2,1.8,"[9, 10, 10, 9, 10, 9, 11, 10, 8, 10, 10, 11, 11, 11, 10, 10, 11, 11, 10, 10]"
14,14,8,1.75,1.75,"[12, 10, 11, 10, 11, 9, 11, 9, 7, 10, 11, 10, 9, 9, 10, 8, 12, 10, 10, 10]"
15,15,7,2.142857142857143,2.142857142857143,"[11, 9, 10, 11, 11, 10, 11, 10, 12, 10, 10, 10, 10, 9, 10, 11, 10, 10, 10, 11]"
3,3,3,1.0,1.0,"[9, 10, 10, 10, 9, 10, 10, 10, 9, 11, 8, 11, 11, 9, 11, 12, 11, 10, 10, 8]"
11,9,7,1.5714285714285714,1.2857142857142858,"[10, 12, 11, 11, 10, 10, 9, 10, 10, 9, 9, 10, 9, 12, 9, 8, 9, 11, 10, 11]"
10,10,4,2.5,2.5,"[9, 10, 12, 9, 10, 12, 10, 10, 10, 10, 10, 11, 11, 10, 11, 10, 10, 9, 10, 10]"
20,14,6,3.3333333333333335,2.3333333333333335,"[12, 10, 11, 11, 9, 8, 10, 12, 10, 11, 10, 10, 11, 10, 10, 12, 11, 12, 9, 9]"
9,7,5,1.8,1.4,"[8, 9, 11, 11, 10, 10, 10, 10, 11, 8, 10, 10, 10, 10, 10, 10, 11, 10, 9, 9]"
13,11,7,1.8571428571428572,1.5714285714285714,"[10, 10, 9, 10, 11, 8, 10, 10, 10, 10, 8, 9, 10, 10, 12, 8, 11, 9, 11, 9]"
25,21,11,2.272727272727273,1.9090909090909092,"[11, 8, 9, 12, 11, 10, 10, 11, 10, 8, 11, 11, 10, 10, 11, 8, 9, 10, 10, 9, 12, 9, 10, 10, 9, 8, 11, 11, 11, 10, 10, 11, 10, 10, 10, 11, 10, 10, 11, 10, 10, 10, 10, 9, 11, 11, 11, 11, 9, 9]"
15,13,4,3.75,3.25,"[9, 12, 12, 9, 11, 9, 9, 10, 11, 10, 10, 10, 10, 11, 10, 9, 9, 12, 10, 10, 7, 11, 10, 12, 10, 10, 11, 11, 10, 9, 10, 10, 12, 10, 11, 12, 9, 9, 9, 9, 11, 9, 9, 9, 11, 9, 11, 10, 9, 11]"
33,33,14,2.357142857142857,2.357142857142857,"[9, 11, 9, 10, 10, 9, 12, 11, 12, 9, 11, 11, 10, 10, 11, 10, 10, 10, 10, 9, 10, 9, 11, 10, 9, 10, 11, 11, 10, 11, 9, 10, 8, 10, 10, 8, 10, 10, 9, 10, 12, 10, 8, 7, 9, 10, 11, 11, 10, 10]"
20,18,4,5.0,4.5,"[9, 11, 10, 11, 11, 12, 10, 10, 9, 10, 10, 12, 11, 9, 10, 8, 12, 11, 11, 10, 9, 10, 11, 10, 11, 10, 9, 10, 10, 11, 9, 9, 10, 9, 12, 9, 9, 10, 9, 11, 11, 9, 10, 12, 10, 13, 11, 10, 9, 10]"
14,14,5,2.8,2.8,"[11, 11, 11, 10, 11, 9, 9, 10, 10, 9, 9, 9, 9, 11, 9, 8, 10, 10, 11, 11, 8, 10, 11, 10, 10, 11, 11, 11, 11, 10, 10, 11, 9, 10, 10, 10, 7, 10, 9, 9, 10, 9, 8, 9, 11, 10, 10, 9, 11, 9]"
21,19,9,2.3333333333333335,2.111111111111111,"[11, 10, 8, 9, 13, 10, 11, 11, 9, 10, 10, 11, 10, 10, 10, 9, 10, 11, 10, 10, 10, 11, 10, 11, 10, 11, 10, 11, 11, 11, 10, 9, 9, 11, 10, 11, 10, 9, 9, 10, 10, 10, 9, 10, 10, 9, 10, 11, 10, 8]"
22,20,8,2.75,2.5,"[8, 11, 9, 10, 10, 9, 9, 9, 10, 10, 9, 10, 10, 10, 11, 9, 10, 12, 10, 10, 9, 9, 10, 10, 8, 11, 9, 11, 9, 11, 11, 10, 8, 11, 9, 9, 9, 11, 10, 9, 10, 11, 10, 10, 9, 11, 10, 10, 10, 8]"
23,19,7,3.2857142857142856,2.7142857142857144,"[11, 9, 10, 11, 9, 12, 9, 12, 11, 11, 11, 9, 9, 8, 11, 9, 10, 10, 8, 9, 10, 9, 10, 9, 11, 9, 9, 10, 11, 10, 11, 10, 11, 9, 8, 7, 10, 9, 10, 10, 9, 11, 10, 10, 11, 9, 9, 10, 8, 10]"
20,16,8,2.5,2.0,"[9, 8, 10, 10, 8, 8, 7, 11, 9, 10, 10, 11, 11, 11, 10, 10, 11, 10, 10, 10, 10, 10, 10, 11, 11, 10, 11, 10, 10, 10, 11, 10, 10, 9, 9, 11, 10, 8, 10, 11, 9, 10, 11, 10, 10, 10, 11, 11, 11, 10]"
30,24,14,2.142857142857143,1.7142857142857142,"[9, 9, 11, 9, 11, 10, 8, 10, 12, 11, 10, 12, 9, 11, 9, 12, 11, 9, 10, 9, 11, 9, 10, 9, 12, 11, 9, 10, 8, 11, 8, 10, 11, 10, 10, 11, 10, 10, 9, 12, 10, 10, 9, 11, 9, 11, 10, 9, 11, 9]"
39,35,11,3.5454545454545454,3.1818181818181817,"[10, 11, 10, 8, 11, 9, 10, 9, 11, 9, 10, 10, 9, 11, 9, 9, 10, 10, 9, 11, 11, 9, 11, 11, 10, 10, 10, 11, 10, 10, 10, 10, 12, 10, 10, 10, 9, 10, 8, 10, 10, 11, 10, 10, 10, 9, 11, 11, 10, 10, 10, 8, 10, 9, 9, 10, 9, 10, 10, 11, 10, 8, 10, 10, 10, 11, 10, 12, 10, 9, 10, 11, 11, 9, 10, 11, 10, 9, 11, 10, 11, 10, 11, 10, 11, 9, 10, 10, 11, 9, 10, 10, 10, 10, 9, 10, 10, 12, 10, 8]"
36,30,10,3.6,3.0,"[10, 10, 10, 10, 9, 11, 10, 12, 11, 10, 10, 10, 9, 12, 9, 11, 12, 10, 12, 10, 11, 12, 11, 10, 9, 9, 11, 9, 9, 11, 9, 10, 11, 10, 11, 9, 10, 9, 10, 11, 8, 10, 11, 10, 9, 9, 9, 9, 10, 9, 8, 11, 12, 10, 10, 10, 11, 10, 9, 10, 9, 10, 12, 12, 12, 7, 10, 10, 8, 9, 9, 8, 10, 10, 10, 9, 10, 11, 10, 9, 11, 9, 10, 10, 9, 11, 10, 10, 10, 10, 10, 8, 10, 8, 11, 12, 10, 10, 11, 10]"
17,17,5,3.4,3.4,"[10, 9, 9, 10, 10, 10, 11, 10, 10, 9, 10, 10, 10, 10, 8, 8, 11, 10, 10, 9, 10, 10, 9, 11, 9, 10, 13, 11, 9, 10, 8, 10, 10, 10, 12, 9, 10, 10, 9, 10, 11, 10, 8, 12, 10, 9, 12, 12, 10, 9, 11, 11, 10, 10, 9, 11, 11, 11, 10, 10, 12, 9, 11, 10, 11, 9, 10, 9, 9, 9, 9, 11, 11, 10, 10, 11, 10, 10, 9, 10, 10, 10, 10, 8, 10, 11, 9, 11, 9, 9, 9, 9, 8, 10, 11, 12, 10, 11, 11, 9]"
32,30,8,4.0,3.75,"[13, 11, 12, 10, 9, 11, 13, 9, 10, 12, 10, 10, 11, 10, 10, 10, 11, 9, 9, 11, 9, 12, 11, 11, 9, 10, 9, 12, 10, 9, 10, 10, 10, 9, 9, 9, 10, 10, 11, 10, 10, 12, 10, 11, 9, 10, 8, 10, 10, 9, 10, 11, 9, 8, 10, 9, 9, 8, 10, 10, 10, 10, 10, 9, 9, 10, 11, 11, 10, 11, 11, 10, 10, 10, 10, 10, 9, 10, 10, 10, 10, 10, 10, 12, 10, 8, 11, 9, 9, 10, 10, 10, 11, 11, 10, 9, 10, 9, 8, 10]"
34,32,10,3.4,3.2,"[8, 11, 11, 10, 10, 10, 9, 11, 9, 11, 12, 12, 9, 10, 10, 8, 13, 11, 11, 10, 10, 12, 11, 9, 10, 11, 8, 9, 11, 9, 10, 9, 9, 9, 11, 10, 11, 10, 10, 10, 10, 10, 9, 10, 11, 11, 11, 9, 11, 9, 9, 10, 11, 10, 11, 10, 11, 10, 10, 11, 8, 11, 10, 12, 8, 9, 9, 10, 11, 10, 11, 10, 10, 10, 10, 10, 12, 12, 11, 9, 10, 11, 11, 11, 9, 9, 9, 12, 10, 8, 11, 11, 9, 11, 11, 9, 10, 11, 9, 10]"
22,20,6,3.6666666666666665,3.3333333333333335,"[10, 9, 12, 10, 10, 10, 10, 12, 10, 11, 11, 10, 11, 10, 8, 10, 11, 11, 11, 10, 10, 11, 11, 9, 11, 10, 9, 8, 12, 9, 8, 10, 9, 11, 10, 9, 10, 12, 10, 9, 10, 11, 9, 9, 11, 11, 8, 10, 8, 9, 12, 9, 12, 10, 10, 10, 9, 10, 12, 11, 10, 10, 8, 10, 12, 11, 10, 10, 9, 8, 10, 11, 10, 12, 10, 11, 11, 11, 9, 11, 9, 11, 10, 10, 11, 8, 10, 12, 9, 11, 8, 11, 11, 9, 9, 11, 10, 11, 10, 10]"
48,42,16,3.0,2.625,"[10, 10, 10, 10, 9, 11, 11, 11, 10, 10, 10, 10, 8, 10, 11, 10, 11, 10, 11, 12, 11, 8, 10, 10, 9, 11, 8, 12, 8, 11, 10, 11, 10, 9, 9, 9, 10, 11, 10, 12, 12, 9, 9, 11, 9, 11, 11, 9, 11, 11, 9, 12, 10, 10, 9, 11, 10, 10, 9, 11, 10, 10, 10, 10, 9, 11, 10, 8, 9, 9, 10, 9, 11, 11, 12, 10, 11, 10, 10, 12, 10, 10, 9, 12, 10, 12, 10, 9, 9, 9, 11, 9, 9, 12, 11, 10, 10, 10, 11, 9]"
54,40,17,3.176470588235294,2.3529411764705883,"[11, 11, 10, 10, 10, 10, 10, 10, 8, 11, 11, 10, 11, 10, 10, 10, 10, 10, 10, 13, 10, 8, 9, 11, 10, 9, 11, 10, 10, 10, 10, 10, 10, 10, 10, 10, 10, 8, 10, 9, 10, 11, 9, 9, 10, 9, 12, 12, 9, 9, 10, 10, 12, 9, 12, 10, 9, 10, 7, 10, 12, 11, 11, 9, 8, 10, 11, 10, 10, 11, 9, 10, 9, 10, 10, 10, 9, 10, 10, 11, 10, 10, 11, 9, 11, 9, 9, 11, 9, 11, 10, 11, 11, 8, 12, 11, 10, 9, 11, 10]"
44,38,14,3.142857142857143,2.7142857142857144,"[11, 8, 10, 11, 10, 9, 8, 10, 9, 11, 10, 8, 9, 11, 10, 11, 10, 11, 10, 10, 11, 9, 9, 9, 10, 9, 11, 11, 11, 9, 10, 10, 11, 11, 10, 10, 12, 10, 11, 8, 12, 11, 10, 9, 12, 9, 10, 12, 9, 9, 13, 10, 11, 11, 10, 10, 10, 11, 12, 9, 9, 9, 9, 8, 12, 10, 9, 10, 10, 12, 10, 10, 8, 11, 10, 10, 9, 10, 10, 11, 9, 11, 11, 9, 9, 10, 9, 9, 11, 9, 11, 8, 9, 10, 9, 9, 9, 10, 9, 11]"
49,41,9,5.444444444444445,4.555555555555555,"[10, 10, 10, 11, 10, 11, 11, 9, 10, 9, 11, 11, 10, 11, 11, 10, 10, 8, 9, 12, 11, 8, 9, 10, 11, 10, 11, 12, 10, 10, 8, 9, 9, 8, 11, 9, 9, 10, 10, 11, 10, 12, 10, 12, 11, 10, 10, 13, 8, 11, 12, 8, 11, 11, 9, 11, 9, 9, 10, 10, 10, 11, 9, 12, 12, 9, 9, 10, 10, 11, 9, 9, 8, 9, 9, 10, 12, 9, 9, 9, 9, 9, 9, 10, 9, 10, 10, 8, 9, 11, 9, 10, 10, 10, 9, 10, 9, 9, 9, 9]"
27,21,7,3.857142857142857,3.0,"[14, 9, 10, 10, 10, 11, 10, 10, 9, 11, 8, 11, 10, 11, 10, 11, 10, 11, 9, 10, 12, 9, 10, 10, 11, 10, 10, 9, 10, 9, 9, 9, 10, 10, 10, 9, 11, 11, 10, 9, 10, 10, 11, 10, 12, 10, 10, 10, 11, 10, 9, 12, 10, 9, 10, 9, 9, 11, 11, 9, 10, 9, 9, 11, 11, 10, 9, 10, 10, 11, 10, 11, 12, 10, 11, 11, 10, 8, 11, 13, 9, 10, 10, 11, 10, 10, 10, 10, 11, 9, 8, 9, 10, 10, 9, 11, 11, 11, 8, 11, 9, 10, 9, 11, 11, 8, 10, 10, 11, 9, 9, 11, 10, 11, 9, 10, 12, 11, 10, 11, 10, 10, 12, 10, 10, 10, 11, 9, 8, 11, 10, 11, 8, 8, 11, 10, 9, 9, 11, 10, 10, 10, 9, 10, 11, 11, 12, 9, 10, 10]"
40,34,14,2.857142857142857,2.4285714285714284,"[11, 10, 9, 11, 9, 10, 10, 11, 10, 10, 12, 10, 8, 11, 10, 9, 9, 11, 11, 10, 9, 9, 9, 9, 9, 10, 10, 10, 9, 10, 9, 11, 11, 11, 10, 9, 9, 11, 11, 10, 10, 9, 8, 10, 10, 9, 9, 10, 11, 12, 10, 11, 11, 11, 10, 10, 10, 9, 11, 10, 10, 10, 11, 10, 9, 13, 11, 12, 10, 10, 12, 10, 12, 9, 12, 9, 9, 10, 7, 10, 9, 10, 11, 9, 11, 9, 11, 11, 9, 9, 10, 10, 9, 8, 10, 8, 9, 9, 11, 11, 11, 9, 10, 10, 10, 10, 9, 9, 11, 9, 9, 11, 9, 9, 10, 10, 8, 11, 11, 9, 9, 9, 10, 10, 10, 11, 9, 10, 9, 12, 11, 10, 10, 11, 11, 9, 10, 10, 8, 9, 8, 9, 9, 10, 11, 9, 10, 9, 9, 9]"
66,60,18,3.6666666666666665,3.3333333333333335,"[11, 8, 8, 9, 9, 9, 10, 8, 10, 8, 11, 8, 9, 8, 10, 11, 12, 12, 9, 10, 9, 11, 10, 10, 10, 9, 12, 10, 10, 10, 10, 11, 11, 10, 11, 9, 11, 10, 11, 11, 9, 12, 8, 11, 10, 11, 8, 12, 11, 10, 9, 10, 10, 12, 9, 10, 9, 11, 12, 10, 9, 8, 10, 10, 11, 9, 11, 10, 9, 12, 10, 11, 12, 9, 10, 10, 10, 10, 10, 12, 11, 13, 12, 10, 11, 10, 10, 9, 10, 11, 10, 10, 9, 10, 11, 10, 11, 9, 11, 11, 9, 10, 10, 10, 10, 10, 10, 10, 10, 10, 11, 10, 10, 9, 8, 9, 10, 10, 10, 9, 11, 12, 10, 10, 10, 10, 11, 9, 10, 10, 11, 9, 9, 10, 12, 11, 11, 9, 8, 10, 10, 9, 10, 11, 10, 12, 10, 9, 11, 11]"
68,58,19,3.5789473684210527,3.0526315789473686,"[10, 10, 9, 9, 10, 10, 9, 8, 9, 11, 11, 9, 10, 10, 8, 11, 7, 10, 9, 10, 11, 10, 10, 12, 10, 10, 8, 10, 9, 10, 11, 11, 13, 10, 11, 9, 9, 11, 10, 9, 6, 8, 9, 10, 9, 10, 11, 10, 11, 11, 9, 9, 9, 9, 10, 11, 10, 10, 11, 10, 12, 9, 10, 10, 10, 10, 9, 11, 9, 11, 10, 10, 10, 11, 12, 10, 12, 11, 9, 10, 9, 10, 11, 9, 11, 11, 10, 9, 10, 9, 11, 10, 8, 9, 11, 12, 9, 10, 11, 10, 9, 11, 9, 10, 11, 11, 10, 10, 10, 9, 11, 11, 10, 9, 10, 10, 9, 11, 10, 10, 9, 10, 10, 11, 9, 9, 11, 8, 6, 7, 11, 12, 11, 9, 11, 8, 10, 10, 11, 10, 10, 11, 11, 11, 9, 9, 8, 10, 11, 10]"
18,16,2,9.0,8.0,"[10, 10, 9, 11, 9, 10, 10, 9, 9, 10, 11, 10, 10, 10, 12, 9, 9, 10, 11, 10, 11, 9, 8, 9, 10, 9, 11, 11, 10, 13, 11, 10, 10, 11, 10, 9, 12, 9, 11, 10, 12, 9, 12, 11, 9, 9, 9, 10, 10, 12, 10, 10, 9, 8, 9, 12, 9, 11, 10, 9, 12, 10, 10, 8, 9, 10, 10, 10, 9, 9, 11, 9, 9, 10, 9, 10, 10, 12, 10, 10, 9, 11, 11, 10, 12, 11, 10, 11, 11, 10, 9, 12, 9, 11, 10, 11, 11, 11, 10, 10, 11, 11, 9, 9, 9, 8, 10, 11, 11, 10, 8, 11, 10, 10, 9, 10, 11, 10, 10, 10, 10, 11, 11, 11, 10, 9, 9, 9, 10, 10, 8, 11, 10, 12, 10, 10, 10, 8, 10, 11, 11, 10, 11, 11, 10, 11, 10, 10, 9, 10]"
50,42,12,4.166666666666667,3.5,"[9, 12, 10, 10, 12, 9, 9, 10, 9, 10, 11, 11, 9, 11, 10, 10, 10, 10, 10, 11, 10, 10, 12, 11, 9, 10, 10, 9, 10, 10, 10, 10, 11, 9, 10, 11, 9, 11, 10, 10, 9, 10, 8, 11, 10, 9, 11, 9, 11, 9, 9, 9, 10, 10, 11, 8, 9, 12, 11, 11, 10, 9, 12, 10, 11, 11, 9, 10, 12, 9, 10, 11, 8, 11, 11, 11, 10, 12, 10, 10, 10, 10, 10, 10, 10, 10, 11, 10, 9, 11, 10, 9, 10, 12, 8, 9, 9, 8, 10, 10, 10, 10, 9, 8, 11, 8, 10, 10, 10, 10, 11, 9, 9, 10, 10, 12, 12, 10, 10, 10, 9, 12, 9, 9, 9, 10, 11, 11, 10, 9, 9, 10, 10, 8, 11, 10, 10, 10, 9, 9, 14, 11, 10, 9, 11, 11, 11, 10, 10, 9]"
72,62,25,2.88,2.48,"[10, 9, 10, 9, 10, 10, 10, 8, 11, 9, 12, 10, 8, 8, 10, 10, 9, 11, 9, 10, 10, 10, 10, 9, 11, 10, 10, 8, 11, 9, 9, 8, 11, 7, 10, 10, 10, 11, 10, 11, 9, 9, 11, 11, 9, 10, 9, 9, 11, 10, 12, 10, 8, 10, 10, 11, 13, 9, 10, 11, 6, 11, 11, 9, 11, 12, 10, 12, 9, 8, 10, 12, 10, 10, 9, 11, 9, 9, 10, 9, 10, 10, 11, 10, 10, 10, 10, 11, 11, 10, 10, 8, 9, 10, 12, 10, 10, 9, 11, 9, 9, 9, 11, 9, 12, 10, 10, 8, 10, 11, 11, 10, 11, 10, 11, 11, 10, 10, 10, 11, 10, 10, 10, 11, 11, 12, 11, 12, 10, 11, 12, 11, 10, 10, 11, 10, 8, 11, 9, 9, 10, 11, 11, 10, 11, 10, 10, 7, 10, 10]"
45,39,10,4.5,3.9,"[10, 10, 9, 10, 9, 10, 12, 10, 11, 9, 10, 11, 9, 10, 9, 10, 11, 11, 10, 9, 9, 9, 9, 10, 10, 8, 12, 9, 10, 11, 11, 11, 12, 10, 10, 9, 10, 11, 10, 9, 10, 9, 8, 9, 9, 11, 9, 10, 10, 10, 10, 11, 11, 9, 9, 11, 10, 10, 9, 9, 10, 10, 10, 11, 11, 9, 10, 10, 9, 10, 11, 9, 9, 11, 9, 9, 10, 11, 10, 9, 10, 11, 10, 9, 10, 9, 11, 11, 10, 9, 11, 10, 11, 10, 11, 12, 10, 9, 9, 8, 10, 9, 11, 11, 8, 10, 9, 9, 10, 12, 10, 9, 10, 11, 10, 11, 10, 9, 11, 9, 9, 11, 11, 10, 8, 10, 11, 10, 10, 11, 10, 10, 11, 8, 12, 10, 9, 13, 10, 10, 11, 10, 9, 9, 10, 12, 10, 9, 9, 10]"
10,10,2,5.0,5.0,"[11, 9, 10, 11, 9, 10, 10, 10, 9, 9, 10, 10, 8, 8, 11, 10, 9, 11, 9, 9, 10, 8, 12, 11, 9, 10, 9, 10, 11, 10, 11, 10, 11, 11, 11, 11, 11, 10, 9, 8, 9, 11, 10, 10, 11, 11, 9, 9, 10, 7, 10, 9, 9, 9, 11, 11, 10, 9, 10, 10, 11, 11, 7, 9, 9, 10, 10, 11, 9, 10, 11, 9, 11, 9, 10, 9, 9, 10, 10, 10, 10, 10, 10, 9, 10, 11, 11, 11, 10, 11, 11, 9, 9, 11, 12, 10, 10, 9, 10, 10, 10, 10, 11, 9, 11, 8, 8, 10, 9, 11, 9, 11, 9, 10, 11, 11, 10, 11, 10, 10, 10, 7, 10, 10, 11, 9, 10, 11, 9, 11, 10, 10, 12, 10, 10, 10, 9, 8, 10, 12, 11, 11, 10, 10, 11, 10, 10, 10, 10, 10]"
41,41,11,3.727272727272727,3.727272727272727,"[11, 9, 10, 11, 9, 10, 9, 10, 9, 10, 9, 11, 12, 11, 10, 9, 8, 11, 10, 9, 11, 9, 10, 12, 10, 9, 11, 10, 10, 11, 10, 11, 10, 10, 12, 11, 10, 9, 9, 11, 10, 8, 11, 9, 10, 11, 12, 12, 11, 11, 10, 11, 10, 11, 12, 11, 10, 10, 11, 12, 10, 12, 9, 10, 10, 11, 10, 12, 10, 11, 11, 10, 9, 10, 10, 10, 9, 10, 10, 10, 12, 9, 11, 10, 9, 11, 9, 10, 10, 10, 10, 11, 10, 11, 10, 10, 7, 11, 10, 10, 10, 11, 8, 9, 11, 9, 10, 9, 9, 12, 10, 10, 12, 9, 10, 12, 12, 10, 9, 11, 10, 11, 9, 9, 10, 10, 11, 10, 9, 9, 11, 9, 10, 11, 9, 11, 10, 11, 9, 10, 11, 11, 13, 10, 10, 11, 9, 8, 11, 10]"
90,74,19,4.7368421052631575,3.8947368421052633,"[12, 10, 11, 12, 10, 10, 12, 12, 10, 9, 12, 10, 9, 11, 11, 10, 9, 10, 11, 9, 12, 9, 10, 11, 9, 10, 11, 13, 10, 10, 10, 10, 9, 9, 9, 11, 9, 9, 9, 9, 11, 10, 8, 11, 10, 10, 11, 9, 10, 11, 10, 11, 9, 8, 9, 10, 10, 10, 8, 12, 11, 10, 10, 9, 10, 8, 10, 12, 11, 8, 10, 10, 12, 10, 10, 11, 9, 10, 9, 11, 10, 8, 11, 10, 11, 11, 11, 12, 11, 10, 11, 11, 10, 11, 8, 10, 10, 11, 11, 9, 10, 9, 8, 10, 13, 11, 9, 11, 11, 12, 10, 11, 11, 8, 9, 11, 11, 9, 9, 9, 11, 8, 10, 9, 10, 8, 9, 8, 8, 9, 10, 9, 10, 9, 10, 10, 9, 11, 12, 11, 11, 9, 10, 10, 11, 10, 10, 11, 9, 9]"
73,61,14,5.214285714285714,4.357142857142857,"[10, 12, 9, 9, 10, 12, 10, 10, 12, 11, 10, 10, 8, 10, 11, 12, 9, 10, 9, 11, 10, 9, 9, 9, 9, 10, 9, 9, 11, 9, 9, 11, 10, 12, 12, 11, 10, 10, 12, 13, 10, 12, 9, 10, 9, 10, 9, 7, 10, 10, 9, 10, 9, 9, 10, 10, 10, 10, 10, 11, 11, 11, 8, 11, 12, 11, 10, 9, 9, 9, 10, 9, 8, 11, 11, 10, 10, 11, 11, 11, 9, 11, 8, 9, 10, 10, 10, 11, 12, 10, 10, 10, 11, 11, 11, 10, 12, 11, 11, 10, 9, 10, 9, 11, 9, 10, 10, 10, 10, 10, 10, 11, 11, 10, 9, 9, 11, 10, 10, 12, 9, 11, 9, 9, 11, 9, 9, 8, 10, 12, 10, 11, 11, 12, 9, 9, 10, 10, 10, 10, 9, 9, 11, 9, 10, 10, 11, 9, 9, 10]"
15,15,8,1.875,1.875,"[8, 11, 10, 11, 10, 9, 8, 10, 10, 11, 9, 9, 9, 10, 8, 9, 11, 11, 11, 10]"
18,14,9,2.0,1.5555555555555556,"[10, 10, 8, 10, 9, 9, 9, 12, 8, 9, 7, 11, 11, 12, 10, 11, 11, 9, 10, 9]"
11,11,5,2.2,2.2,"[9, 11, 12, 8, 10, 10, 9, 9, 12, 9, 9, 11, 10, 10, 9, 9, 10, 9, 10, 11]"
9,9,5,1.8,1.8,"[10, 12, 9, 10, 9, 10, 10, 10, 10, 11, 10, 10, 10, 8, 11, 10, 10, 10, 9, 9]"
16,10,8,2.0,1.25,"[9, 10, 9, 11, 12, 10, 10, 9, 10, 9, 9, 12, 8, 10, 9, 11, 12, 10, 8, 10]"
12,10,6,2.0,1.6666666666666667,"[12, 11, 9, 9, 10, 9, 10, 9, 9, 11, 11, 10, 11, 10, 10, 11, 11, 10, 10, 11]"
18,16,9,2.0,1.7777777777777777,"[10, 9, 9, 12, 11, 8, 10, 9, 10, 10, 12, 10, 10, 9, 9, 11, 12, 11, 12, 9]"
24,18,16,1.5,1.125,"[9, 8, 11, 11, 10, 9, 9, 11, 11, 11, 11, 11, 9, 11, 10, 12, 9, 9, 7, 9]"
20,20,12,1.6666666666666667,1.6666666666666667,"[10, 8, 9, 10, 9, 10, 10, 9, 9, 9, 10, 12, 8, 9, 11, 12, 12, 12, 9, 8, 8, 9, 10, 12, 10, 10, 9, 10, 11, 10, 9, 11, 10, 9, 10, 9, 10, 10, 10, 10, 9, 10, 9, 10, 12, 9, 9, 12, 10, 10]"
43,33,15,2.8666666666666667,2.2,"[9, 10, 10, 8, 12, 10, 8, 11, 12, 11, 11, 10, 11, 9, 11, 12, 9, 9, 12, 11, 10, 11, 12, 8, 12, 9, 10, 8, 8, 11, 10, 10, 10, 10, 8, 12, 10, 11, 10, 9, 9, 10, 11, 9, 8, 9, 12, 11, 10, 9]"
37,37,19,1.9473684210526316,1.9473684210526316,"[11, 10, 10, 10, 10, 11, 10, 10, 12, 11, 12, 11, 9, 8, 11, 11, 11, 9, 9, 10, 10, 9, 10, 11, 11, 11, 10, 10, 9, 11, 11, 9, 11, 9, 10, 9, 11, 8, 11, 9, 11, 10, 10, 9, 9, 12, 9, 10, 9, 8]"
22,20,6,3.6666666666666665,3.3333333333333335,"[8, 10, 10, 10, 11, 8, 10, 10, 9, 12, 10, 9, 9, 11, 11, 10, 10, 9, 10, 11, 10, 8, 10, 9, 10, 10, 10, 10, 10, 11, 10, 10, 10, 11, 10, 10, 7, 10, 11, 10, 10, 10, 8, 10, 9, 11, 9, 9, 10, 10]"
41,25,14,2.9285714285714284,1.7857142857142858,"[9, 9, 11, 11, 10, 9, 11, 10, 7, 11, 10, 8, 11, 10, 10, 9, 10, 8, 11, 11, 10, 12, 8, 9, 11, 11, 10, 9, 9, 11, 10, 11, 10, 8, 11, 11, 9, 9, 11, 11, 11, 10, 10, 9, 11, 11, 9, 9, 10, 10]"
43,35,21,2.0476190476190474,1.6666666666666667,"[9, 10, 10, 10, 10, 10, 10, 13, 10, 9, 10, 10, 10, 9, 12, 9, 11, 12, 10, 9, 10, 10, 9, 10, 8, 10, 11, 10, 11, 9, 10, 10, 9, 10, 8, 10, 12, 10, 10, 12, 12, 11, 12, 10, 10, 10, 10, 10, 9, 10]"
34,30,14,2.4285714285714284,2.142857142857143,"[11, 10, 11, 9, 11, 8, 11, 8, 9, 9, 9, 11, 10, 10, 11, 10, 9, 11, 10, 11, 12, 10, 12, 10, 10, 10, 10, 11, 7, 11, 11, 10, 11, 13, 9, 9, 8, 12, 10, 10, 9, 9, 10, 10, 10, 10, 10, 8, 11, 9]"
47,39,19,2.473684210526316,2.0526315789473686,"[10, 9, 10, 10, 8, 11, 12, 9, 9, 11, 10, 10, 9, 11, 11, 10, 10, 10, 10, 11, 10, 11, 9, 10, 11, 9, 12, 10, 10, 10, 11, 10, 10, 9, 8, 11, 10, 11, 11, 12, 11, 8, 10, 9, 11, 11, 10, 9, 10, 9]"
58,44,21,2.761904761904762,2.0952380952380953,"[10, 10, 8, 11, 9, 10, 9, 10, 10, 10, 10, 9, 11, 9, 9, 10, 9, 10, 10, 11, 9, 11, 10, 9, 11, 11, 10, 10, 11, 11, 11, 9, 9, 9, 11, 8, 10, 9, 11, 9, 9, 11, 10, 9, 9, 10, 11, 9, 9, 9, 11, 9, 10, 11, 11, 11, 10, 11, 8, 11, 10, 12, 10, 9, 11, 8, 10, 8, 9, 9, 11, 9, 10, 10, 11, 9, 12, 11, 11, 9, 10, 8, 8, 11, 11, 10, 13, 9, 11, 10, 9, 12, 10, 10, 10, 10, 10, 10, 8, 10]"
45,43,11,4.090909090909091,3.909090909090909,"[10, 8, 8, 11, 10, 11, 9, 9, 10, 10, 10, 10, 11, 13, 9, 11, 10, 10, 10, 11, 12, 9, 11, 9, 10, 12, 10, 10, 11, 9, 9, 11, 10, 9, 10, 11, 11, 10, 9, 10, 12, 10, 10, 10, 11, 9, 9, 10, 11, 9, 12, 9, 11, 10, 10, 9, 10, 11, 11, 10, 10, 10, 11, 10, 8, 10, 10, 10, 9, 10, 10, 9, 8, 9, 8, 9, 12, 11, 10, 9, 9, 9, 8, 10, 10, 11, 11, 9, 11, 10, 11, 9, 9, 10, 10, 12, 9, 10, 8, 11]"
59,51,21,2.8095238095238093,2.4285714285714284,"[10, 8, 9, 10, 10, 11, 11, 10, 10, 9, 10, 11, 11, 9, 11, 12, 10, 10, 10, 9, 10, 10, 10, 10, 9, 9, 10, 10, 11, 9, 10, 10, 8, 11, 11, 10, 9, 10, 12, 9, 10, 11, 10, 8, 9, 12, 10, 10, 9, 10, 9, 11, 9, 10, 11, 11, 10, 10, 9, 8, 8, 8, 10, 10, 11, 10, 11, 10, 10, 10, 10, 9, 9, 10, 9, 10, 9, 11, 11, 9, 9, 11, 10, 11, 13, 10, 10, 11, 9, 9, 10, 11, 9, 10, 9, 12, 11, 11, 11, 12]"
28,24,8,3.5,3.0,"[10, 8, 10, 9, 10, 11, 11, 11, 9, 8, 12, 10, 9, 9, 9, 10, 8, 10, 10, 11, 11, 11, 10, 10, 10, 12, 10, 9, 11, 10, 8, 11, 11, 9, 10, 9, 11, 10, 10, 10, 9, 10, 9, 10, 10, 9, 10, 10, 8, 9, 10, 11, 9, 9, 10, 11, 9, 9, 9, 10, 9, 11, 10, 10, 10, 8, 11, 11, 10, 10, 10, 12, 9, 11, 10, 11, 9, 10, 11, 11, 11, 11, 9, 10, 8, 9, 10, 8, 11, 10, 9, 10, 10, 8, 9, 8, 10, 10, 8, 11]"
39,31,18,2.1666666666666665,1.7222222222222223,"[9, 9, 10, 10, 10, 12, 8, 10, 10, 10, 11, 13, 12, 9, 11, 10, 10, 11, 9, 8, 10, 10, 10, 10, 10, 8, 10, 10, 9, 9, 9, 10, 10, 11, 9, 9, 9, 10, 9, 10, 8, 9, 9, 9, 11, 10, 9, 10, 10, 11, 10, 10, 10, 11, 10, 9, 9, 9, 10, 12, 9, 9, 7, 7, 10, 12, 9, 10, 10, 8, 10, 9, 9, 10, 10, 12, 9, 11, 10, 10, 11, 9, 10, 10, 10, 9, 10, 9, 11, 10, 10, 9, 10, 10, 10, 10, 10, 11, 11, 9]"
93,69,29,3.206896551724138,2.3793103448275863,"[11, 9, 9, 10, 11, 10, 13, 9, 10, 11, 9, 10, 8, 10, 9, 9, 11, 11, 10, 9, 11, 11, 8, 10, 10, 10, 10, 10, 8, 12, 11, 11, 10, 11, 9, 10, 12, 11, 10, 6, 11, 11, 11, 12, 11, 11, 11, 10, 10, 10, 11, 11, 11, 10, 9, 10, 11, 10, 9, 9, 7, 12, 9, 10, 11, 9, 9, 10, 9, 11, 10, 13, 10, 11, 10, 10, 8, 10, 11, 9, 11, 11, 9, 10, 11, 12, 11, 11, 10, 10, 12, 10, 9, 9, 10, 10, 9, 9, 9, 10]"
39,31,16,2.4375,1.9375,"[9, 10, 10, 8, 10, 10, 10, 12, 10, 10, 10, 11, 11, 11, 8, 9, 10, 10, 10, 11, 10, 10, 11, 11, 10, 10, 9, 9, 10, 11, 11, 10, 11, 11, 11, 11, 10, 11, 11, 11, 11, 11, 10, 11, 11, 10, 11, 11, 11, 10, 11, 10, 9, 9, 10, 11, 9, 12, 10, 11, 9, 10, 9, 8, 8, 10, 9, 9, 11, 12, 9, 9, 13, 10, 12, 11, 12, 10, 10, 12, 11, 10, 10, 10, 11, 11, 12, 11, 11, 10, 9, 9, 11, 10, 11, 11, 10, 10, 10, 10]"
54,46,14,3.857142857142857,3.2857142857142856,"[12, 9, 8, 11, 10, 9, 9, 10, 8, 11, 11, 11, 11, 9, 10, 9, 10, 10, 11, 12, 10, 11, 8, 11, 10, 10, 9, 11, 10, 10, 11, 10, 10, 10, 10, 9, 11, 11, 11, 9, 10, 11, 9, 11, 10, 8, 11, 8, 9, 9, 9, 11, 11, 9, 9, 9, 9, 9, 12, 10, 8, 11, 12, 9, 10, 11, 9, 10, 10, 11, 10, 9, 10, 11, 10, 11, 10, 11, 12, 9, 11, 10, 9, 10, 11, 11, 10, 9, 10, 10, 9, 11, 11, 9, 9, 10, 8, 9, 11, 10]"
55,45,14,3.9285714285714284,3.2142857142857144,"[10, 9, 12, 8, 10, 10, 10, 12, 11, 9, 8, 11, 11, 10, 11, 10, 12, 9, 11, 9, 11, 9, 9, 11, 8, 11, 9, 10, 8, 9, 10, 9, 9, 10, 10, 11, 11, 11, 10, 12, 11, 11, 12, 9, 10, 11, 11, 11, 10, 11, 9, 10, 9, 9, 9, 10, 10, 10, 10, 10, 11, 12, 11, 10, 9, 7, 10, 9, 10, 8, 10, 10, 10, 10, 12, 11, 10, 11, 9, 11, 9, 9, 11, 9, 10, 12, 11, 11, 9, 9, 10, 11, 10, 10, 9, 9, 8, 9, 11, 10]"
59,51,23,2.5652173913043477,2.217391304347826,"[10, 9, 9, 12, 11, 9, 11, 11, 11, 10, 8, 11, 10, 11, 10, 11, 10, 10, 12, 11, 10, 11, 10, 11, 10, 11, 12, 10, 9, 11, 10, 10, 10, 10, 9, 9, 9, 11, 10, 8, 10, 12, 11, 9, 10, 8, 11, 9, 8, 9, 10, 9, 10, 9, 11, 9, 9, 8, 11, 9, 9, 9, 10, 9, 10, 9, 11, 10, 11, 10, 10, 10, 11, 9, 9, 12, 10, 9, 9, 8, 12, 11, 11, 9, 10, 10, 10, 12, 10, 10, 10, 12, 12, 9, 8, 13, 10, 10, 11, 10]"
27,23,9,3.0,2.5555555555555554,"[8, 9, 10, 12, 9, 10, 10, 10, 11, 8, 9, 9, 10, 10, 11, 11, 11, 9, 10, 10, 9, 11, 10, 8, 10, 11, 10, 9, 10, 9, 9, 10, 10, 10, 11, 10, 10, 8, 11, 9, 11, 9, 10, 9, 10, 10, 9, 9, 9, 10, 9, 10, 11, 10, 10, 9, 11, 10, 10, 9, 9, 11, 11, 9, 11, 11, 11, 9, 10, 10, 9, 9, 9, 9, 10, 10, 10, 12, 12, 10, 10, 10, 9, 10, 11, 12, 10, 10, 11, 11, 10, 11, 8, 9, 10, 10, 10, 12, 11, 9]"
24,24,12,2.0,2.0,"[10, 12, 9, 10, 9, 10, 11, 11, 9, 9, 10, 12, 9, 10, 9, 10, 10, 9, 12, 11, 9, 9, 9, 10, 10, 10, 11, 10, 11, 9, 11, 11, 11, 9, 9, 9, 9, 9, 10, 10, 9, 10, 9, 11, 12, 10, 10, 9, 9, 10, 11, 11, 8, 10, 11, 11, 11, 11, 9, 10, 11, 12, 10, 10, 11, 10, 10, 11, 9, 10, 10, 10, 9, 9, 10, 11, 10, 10, 10, 10, 11, 11, 10, 9, 11, 11, 11, 9, 11, 9, 9, 10, 10, 11, 10, 11, 11, 8, 12, 12]"
48,46,22,2.1818181818181817,2.090909090909091,"[10, 9, 10, 10, 9, 11, 10, 11, 9, 10, 9, 9, 8, 10, 11, 10, 11, 9, 10, 12, 9, 9, 10, 11, 10, 10, 9, 10, 10, 9, 10, 10, 11, 10, 9, 10, 11, 9, 10, 11, 9, 8, 10, 12, 12, 10, 9, 10, 9, 9, 9, 10, 9, 10, 10, 11, 10, 11, 10, 11, 9, 9, 11, 10, 10, 10, 10, 9, 11, 9, 11, 10, 10, 9, 9, 11, 9, 10, 11, 10, 10, 11, 11, 11, 11, 9, 9, 10, 10, 9, 11, 10, 9, 8, 8, 10, 9, 10, 10, 9]"
68,46,15,4.533333333333333,3.066666666666667,"[8, 8, 10, 11, 9, 10, 8, 10, 10, 9, 10, 10, 10, 11, 11, 11, 9, 10, 8, 11, 9, 10, 11, 8, 11, 10, 9, 12, 10, 10, 11, 10, 10, 10, 9, 12, 10, 11, 10, 9, 9, 8, 9, 10, 9, 10, 10, 12, 10, 10, 11, 10, 8, 11, 8, 9, 9, 10, 10, 9, 13, 10, 10, 11, 9, 12, 10, 10, 10, 8, 10, 12, 11, 10, 10, 10, 12, 9, 11, 9, 11, 7, 9, 8, 10, 11, 11, 9, 10, 12, 11, 11, 11, 11, 10, 11, 9, 9, 10, 10]"
67,57,16,4.1875,3.5625,"[10, 11, 9, 10, 10, 10, 11, 8, 11, 10, 9, 8, 11, 12, 10, 10, 12, 9, 10, 10, 11, 11, 11, 11, 11, 8, 10, 10, 10, 11, 9, 10, 9, 10, 11, 11, 11, 10, 9, 10, 11, 10, 11, 9, 12, 11, 11, 12, 9, 9, 9, 10, 10, 10, 11, 11, 9, 10, 10, 10, 10, 10, 10, 9, 10, 9, 9, 10, 10, 11, 11, 11, 10, 8, 9, 8, 10, 9, 9, 10, 11, 12, 10, 9, 10, 10, 12, 9, 9, 11, 11, 11, 9, 10, 10, 10, 10, 9, 10, 9, 9, 11, 11, 11, 10, 8, 9, 10, 9, 10, 10, 10, 11, 12, 10, 7, 10, 10, 9, 11, 9, 10, 9, 11, 10, 9, 9, 9, 9, 9, 8, 9, 10, 11, 11, 10, 9, 10, 10, 11, 11, 11, 10, 10, 12, 11, 10, 9, 9, 10]"
73,61,26,2.8076923076923075,2.3461538461538463,"[10, 9, 10, 9, 10, 9, 11, 9, 10, 10, 9, 11, 9, 10, 9, 9, 10, 9, 10, 11, 10, 11, 10, 10, 9, 10, 10, 10, 9, 10, 10, 9, 10, 9, 11, 12, 11, 9, 11, 10, 11, 10, 11, 9, 10, 8, 9, 10, 11, 11, 9, 10, 9, 9, 9, 9, 11, 10, 9, 9, 10, 11, 9, 10, 11, 10, 10, 9, 12, 10, 11, 11, 10, 11, 9, 9, 10, 10, 10, 10, 10, 9, 10, 10, 9, 11, 10, 11, 12, 10, 11, 9, 9, 11, 10, 10, 9, 9, 10, 9, 8, 10, 11, 9, 9, 10, 10, 10, 10, 10, 10, 10, 10, 11, 11, 10, 11, 12, 9, 9, 10, 11, 9, 10, 11, 10, 10, 9, 10, 8, 9, 10, 10, 8, 12, 8, 11, 10, 9, 9, 10, 10, 9, 11, 11, 9, 9, 11, 12, 10]"
51,49,15,3.4,3.2666666666666666,"[11, 12, 11, 9, 9, 11, 10, 10, 11, 11, 10, 10, 12, 9, 8, 11, 8, 8, 11, 9, 11, 9, 11, 10, 11, 10, 11, 9, 8, 10, 10, 10, 12, 10, 10, 11, 10, 9, 10, 11, 12, 9, 11, 10, 10, 8, 11, 9, 9, 10, 8, 10, 11, 9, 9, 11, 8, 12, 9, 10, 10, 9, 9, 11, 8, 10, 9, 9, 10, 9, 10, 11, 10, 9, 10, 10, 10, 11, 11, 11, 9, 11, 10, 11, 10, 10, 10, 10, 10, 11, 11, 9, 8, 10, 10, 10, 11, 11, 9, 11, 11, 10, 11, 10, 10, 9, 11, 11, 11, 11, 9, 9, 9, 10, 10, 11, 10, 9, 9, 11, 10, 10, 9, 10, 10, 11, 8, 10, 11, 11, 10, 9, 10, 11, 9, 10, 9, 9, 10, 11, 10, 10, 11, 11, 11, 9, 10, 11, 10, 11]"
104,89,30,3.466666666666667,2.966666666666667,"[12, 9, 9, 11, 11, 10, 12, 11, 10, 10, 10, 10, 12, 11, 9, 10, 9, 10, 9, 10, 11, 9, 11, 12, 9, 9, 10, 11, 9, 11, 10, 11, 11, 9, 9, 10, 10, 10, 10, 8, 9, 10, 11, 9, 9, 11, 9, 10, 8, 9, 10, 11, 10, 11, 9, 9, 9, 12, 9, 10, 10, 8, 10, 12, 10, 9, 8, 12, 9, 8, 11, 11, 10, 11, 10, 11, 10, 10, 11, 12, 10, 10, 9, 11, 12, 10, 9, 8, 9, 11, 11, 10, 12, 10, 10, 10, 10, 9, 10, 9, 10, 11, 8, 8, 9, 11, 9, 10, 9, 10, 12, 11, 9, 11, 10, 11, 11, 10, 11, 10, 10, 9, 9, 9, 11, 11, 10, 10, 9, 9, 10, 9, 12, 9, 10, 9, 10, 13, 10, 9, 10, 12, 10, 12, 10, 11, 12, 9, 10, 10]"
87,65,23,3.782608695652174,2.8260869565217392,"[11, 11, 9, 10, 10, 12, 10, 10, 11, 9, 11, 10, 11, 11, 10, 11, 9, 11, 8, 10, 11, 12, 10, 9, 10, 9, 9, 9, 11, 9, 10, 10, 10, 9, 10, 10, 9, 11, 8, 9, 11, 9, 9, 10, 9, 11, 9, 10, 10, 9, 9, 9, 10, 9, 10, 10, 9, 10, 10, 10, 8, 9, 10, 9, 10, 9, 11, 11, 9, 9, 11, 11, 11, 12, 8, 9, 12, 10, 9, 9, 10, 12, 10, 10, 11, 10, 11, 8, 10, 10, 8, 10, 8, 10, 11, 10, 10, 11, 10, 9, 10, 11, 9, 10, 10, 9, 10, 10, 8, 10, 12, 9, 11, 10, 10, 10, 8, 13, 10, 9, 10, 12, 9, 10, 11, 12, 9, 8, 10, 11, 10, 10, 10, 11, 10, 11, 9, 10, 9, 9, 9, 9, 10, 10, 12, 9, 9, 10, 11, 8]"
90,66,18,5.0,3.6666666666666665,"[9, 10, 9, 11, 10, 9, 11, 10, 9, 9, 11, 8, 12, 10, 13, 9, 9, 11, 11, 10, 10, 10, 11, 12, 10, 12, 10, 9, 10, 10, 10, 10, 11, 10, 9, 10, 9, 11, 9, 11, 11, 11, 10, 9, 8, 9, 10, 10, 10, 8, 10, 10, 11, 9, 11, 12, 9, 9, 11, 12, 9, 8, 11, 11, 11, 11, 11, 9, 10, 10, 10, 11, 10, 9, 10, 10, 11, 12, 9, 11, 12, 8, 10, 9, 11, 10, 11, 10, 10, 10, 10, 9, 10, 9, 9, 11, 9, 10, 10, 10, 8, 10, 10, 11, 9, 9, 9, 10, 10, 11, 10, 9, 9, 9, 10, 12, 10, 11, 9, 9, 12, 8, 12, 10, 10, 12, 11, 10, 8, 11, 10, 10, 11, 9, 10, 10, 11, 10, 10, 9, 9, 11, 9, 10, 10, 9, 10, 10, 9, 11]"
86,72,25,3.44,2.88,"[10, 10, 10, 11, 11, 11, 9, 12, 10, 8, 9, 11, 10, 10, 11, 11, 9, 10, 10, 10, 12, 10, 9, 10, 11, 10, 11, 9, 10, 11, 8, 10, 10, 10, 10, 10, 9, 9, 11, 10, 9, 9, 9, 9, 10, 10, 10, 9, 12, 9, 10, 11, 12, 10, 9, 11, 11, 10, 11, 10, 10, 9, 12, 9, 10, 10, 8, 9, 10, 9, 10, 11, 11, 9, 9, 9, 10, 11, 8, 9, 9, 11, 10, 11, 11, 11, 11, 9, 10, 9, 11, 10, 10, 10, 9, 11, 8, 11, 8, 11, 11, 12, 7, 9, 10, 9, 9, 12, 8, 10, 11, 11, 8, 9, 11, 11, 10, 10, 10, 11, 8, 11, 8, 13, 9, 10, 10, 9, 10, 10, 11, 9, 12, 9, 9, 10, 12, 12, 8, 10, 10, 11, 10, 8, 9, 11, 10, 10, 8, 10]"
84,70,23,3.652173913043478,3.0434782608695654,"[9, 11, 11, 12, 8, 10, 9, 11, 12, 11, 12, 10, 10, 12, 11, 8, 9, 11, 10, 10, 9, 9, 10, 10, 11, 10, 9, 11, 9, 8, 10, 9, 10, 11, 11, 8, 10, 11, 11, 10, 11, 11, 9, 9, 10, 10, 10, 12, 9, 11, 10, 10, 9, 10, 10, 11, 9, 9, 11, 12, 11, 9, 9, 10, 12, 12, 8, 10, 12, 11, 12, 9, 9, 11, 10, 11, 11, 10, 12, 9, 10, 9, 11, 11, 11, 9, 10, 10, 10, 8, 11, 9, 11, 10, 10, 10, 8, 9, 9, 9, 10, 10, 9, 10, 10, 9, 10, 10, 10, 9, 9, 11, 12, 10, 10, 9, 11, 10, 9, 10, 12, 10, 9, 11, 10, 10, 10, 11, 7, 10, 9, 11, 11, 8, 10, 10, 9, 10, 10, 11, 8, 8, 10, 10, 9, 11, 9, 11, 10, 11]"
75,71,22,3.409090909090909,3.227272727272727,"[9, 11, 10, 11, 9, 11, 10, 10, 12, 10, 10, 9, 11, 11, 10, 10, 9, 10, 8, 10, 11, 12, 10, 9, 11, 8, 10, 11, 10, 10, 8, 10, 11, 11, 10, 11, 9, 11, 11, 10, 12, 9, 10, 9, 11, 10, 9, 10, 10, 10, 9, 10, 11, 10, 11, 10, 11, 8, 9, 10, 11, 12, 10, 10, 10, 9, 9, 9, 8, 10, 9, 10, 9, 11, 11, 9, 9, 11, 9, 9, 9, 9, 8, 9, 9, 10, 11, 11, 11, 9, 11, 10, 10, 8, 11, 10, 10, 10, 12, 10, 9, 9, 9, 8, 11, 10, 10, 9, 10, 10, 12, 9, 13, 10, 10, 10, 9, 9, 10, 10, 11, 10, 9, 10, 9, 10, 10, 11, 8, 9, 11, 11, 11, 10, 11, 11, 11, 8, 10, 10, 11, 10, 14, 9, 10, 9, 10, 9, 11, 12]"
96,84,30,3.2,2.8,"[11, 9, 11, 9, 10, 10, 11, 10, 8, 10, 12, 10, 8, 11, 12, 11, 10, 9, 11, 11, 9, 10, 11, 9, 9, 9, 10, 10, 11, 12, 11, 9, 9, 11, 10, 9, 9, 9, 9, 10, 9, 11, 10, 11, 11, 11, 10, 9, 9, 10, 10, 10, 10, 12, 12, 9, 9, 8, 11, 10, 10, 9, 8, 11, 9, 9, 10, 10, 12, 11, 10, 11, 11, 10, 10, 10, 10, 9, 10, 10, 9, 10, 11, 9, 10, 10, 9, 11, 11, 11, 10, 10, 10, 12, 10, 14, 12, 10, 10, 8, 11, 9, 10, 9, 10, 11, 9, 11, 12, 10, 9, 9, 10, 10, 10, 10, 11, 10, 10, 8, 10, 9, 10, 11, 10, 12, 11, 10, 9, 9, 10, 10, 10, 10, 9, 11, 10, 13, 10, 9, 12, 9, 10, 10, 10, 8, 11, 11, 10, 11]"
78,68,17,4.588235294117647,4.0,"[11, 8, 10, 9, 9, 9, 11, 10, 11, 10, 9, 10, 11, 9, 10, 11, 13, 11, 9, 13, 11, 10, 10, 12, 11, 11, 11, 10, 10, 11, 10, 10, 10, 9, 9, 11, 11, 12, 11, 11, 9, 12, 11, 10, 12, 11, 11, 10, 9, 10, 11, 9, 11, 10, 10, 10, 11, 10, 10, 11, 9, 8, 10, 10, 9, 9, 8, 11, 10, 10, 10, 10, 10, 9, 11, 11, 11, 10, 11, 10, 8, 11, 11, 12, 10, 10, 10, 11, 10, 7, 10, 9, 11, 8, 9, 9, 8, 11, 11, 8, 9, 11, 12, 9, 10, 11, 9, 10, 11, 9, 11, 11, 10, 12, 9, 11, 11, 12, 9, 9, 8, 11, 10, 11, 11, 10, 10, 12, 12, 9, 10, 9, 8, 9, 10, 10, 10, 11, 8, 9, 10, 12, 11, 12, 10, 11, 12, 9, 10, 9]"
51,49,14,3.642857142857143,3.5,"[10, 9, 9, 9, 11, 9, 10, 7, 10, 11, 10, 10, 11, 11, 9, 10, 10, 10, 10, 9, 12, 9, 11, 10, 10, 10, 9, 10, 11, 10, 9, 10, 10, 10, 10, 10, 10, 11, 11, 10, 10, 9, 11, 9, 10, 11, 11, 13, 10, 11, 10, 10, 10, 10, 11, 9, 10, 9, 10, 10, 11, 11, 8, 9, 10, 10, 10, 11, 11, 10, 10, 9, 10, 9, 10, 9, 11, 9, 10, 10, 11, 10, 11, 11, 12, 10, 9, 10, 12, 9, 9, 10, 10, 10, 9, 10, 11, 10, 9, 11, 10, 10, 12, 8, 10, 11, 8, 10, 11, 10, 12, 9, 8, 12, 11, 9, 11, 9, 11, 10, 11, 10, 7, 10, 10, 9, 10, 11, 9, 10, 10, 10, 11, 9, 10, 11, 10, 9, 11, 11, 10, 12, 12, 10, 11, 11, 11, 8, 10, 10]"
82,74,29,2.8275862068965516,2.5517241379310347,"[10, 11, 9, 10, 11, 11, 9, 11, 11, 11, 11, 10, 9, 11, 9, 8, 8, 9, 11, 10, 10, 10, 12, 10, 12, 10, 10, 10, 10, 10, 9, 8, 11, 10, 10, 11, 10, 11, 9, 11, 10, 12, 10, 11, 10, 10, 9, 8, 10, 10, 10, 12, 12, 10, 11, 10, 9, 11, 10, 9, 11, 10, 10, 10, 10, 10, 10, 9, 9, 10, 10, 11, 9, 10, 9, 11, 8, 10, 10, 11, 10, 9, 10, 11, 10, 10, 10, 11, 9, 9, 9, 8, 9, 7, 11, 9, 12, 11, 10, 9, 11, 9, 10, 11, 10, 11, 10, 10, 9, 11, 11, 9, 10, 11, 11, 12, 9, 10, 13, 9, 11, 10, 10, 12, 10, 10, 9, 9, 12, 10, 9, 10, 9, 9, 10, 11, 9, 10, 9, 11, 10, 10, 10, 11, 9, 9, 9, 10, 9, 10]"
50,44,12,4.166666666666667,3.6666666666666665,"[11, 11, 8, 9, 12, 11, 10, 11, 10, 9, 10, 10, 9, 10, 9, 10, 10, 10, 10, 9, 10, 8, 10, 9, 9, 9, 10, 11, 8, 9, 10, 11, 12, 11, 11, 11, 10, 10, 10, 10, 8, 10, 8, 10, 8, 10, 10, 9, 10, 10, 11, 9, 11, 11, 9, 10, 10, 11, 11, 11, 10, 10, 9, 11, 9, 9, 9, 12, 10, 8, 10, 9, 9, 9, 10, 7, 10, 10, 11, 9, 10, 10, 9, 10, 10, 11, 10, 10, 10, 10, 10, 10, 11, 10, 9, 10, 11, 10, 10, 7, 9, 9, 10, 11, 10, 10, 11, 7, 10, 12, 10, 11, 11, 9, 8, 11, 8, 10, 12, 10, 10, 12, 8, 12, 10, 10, 9, 10, 8, 10, 8, 10, 9, 10, 11, 12, 9, 10, 12, 9, 10, 10, 8, 12, 10, 9, 9, 10, 10, 9]"
58,52,11,5.2727272727272725,4.7272727272727275,"[9, 9, 11, 9, 9, 10, 9, 10, 9, 11, 10, 9, 10, 10, 10, 10, 11, 10, 10, 10, 10, 10, 11, 11, 10, 8, 10, 8, 10, 11, 11, 8, 11, 10, 12, 11, 9, 8, 10, 10, 7, 9, 9, 9, 9, 11, 10, 11, 12, 10, 11, 9, 11, 10, 9, 10, 9, 10, 9, 11, 12, 9, 10, 9, 9, 10, 10, 10, 9, 10, 9, 11, 13, 11, 11, 11, 10, 9, 10, 11, 10, 7, 11, 11, 10, 9, 11, 8, 9, 9, 9, 10, 12, 8, 8, 10, 9, 12, 11, 11, 9, 11, 10, 9, 10, 10, 10, 9, 9, 9, 11, 9, 11, 11, 10, 9, 11, 9, 11, 10, 11, 11, 12, 11, 11, 11, 10, 11, 9, 8, 11, 10, 10, 11, 8, 11, 9, 9, 10, 9, 10, 9, 9, 9, 10, 10, 11, 11, 8, 10]"
81,59,20,4.05,2.95,"[9, 10, 9, 10, 10, 10, 10, 11, 10, 11, 7, 10, 11, 10, 9, 9, 10, 10, 11, 8, 11, 11, 10, 11, 10, 9, 10, 12, 11, 10, 10, 9, 11, 10, 12, 10, 11, 9, 9, 10, 11, 10, 11, 10, 11, 11, 8, 10, 9, 9, 12, 11, 10, 11, 11, 11, 10, 12, 10, 10, 12, 10, 9, 11, 9, 12, 9, 10, 10, 11, 11, 12, 11, 10, 11, 10, 10, 9, 11, 9, 10, 11, 10, 12, 12, 11, 10, 11, 11, 9, 10, 10, 11, 9, 9, 10, 10, 10, 11, 11, 10, 9, 12, 10, 11, 9, 9, 11, 11, 10, 12, 9, 9, 10, 10, 8, 9, 11, 10, 11, 12, 10, 10, 9, 10, 10, 8, 9, 10, 10, 10, 11, 9, 8, 11, 10, 9, 10, 13, 10, 11, 10, 11, 8, 9, 11, 11, 10, 11, 11]"
53,39,12,4.416666666666667,3.25,"[10, 11, 10, 11, 10, 10, 12, 11, 9, 9, 8, 10, 10, 8, 8, 9, 11, 11, 10, 10, 11, 9, 11, 9, 9, 10, 11, 10, 9, 11, 11, 12, 10, 10, 11, 11, 9, 10, 10, 10, 9, 9, 11, 8, 9, 9, 9, 11, 8, 11, 9, 10, 10, 8, 12, 11, 12, 10, 11, 10, 10, 10, 12, 11, 10, 10, 9, 10, 10, 9, 11, 9, 10, 10, 11, 11, 9, 11, 12, 9, 11, 10, 10, 11, 11, 10, 10, 9, 11, 12, 10, 9, 11, 11, 10, 10, 10, 11, 11, 10, 11, 10, 9, 11, 9, 10, 10, 9, 9, 8, 9, 9, 10, 10, 10, 11, 9, 9, 9, 9, 9, 11, 10, 9, 9, 10, 10, 9, 10, 11, 10, 10, 12, 9, 11, 10, 12, 10, 12, 10, 9, 9, 10, 10, 10, 10, 9, 11, 11, 8]"
85,65,17,5.0,3.823529411764706,"[12, 9, 11, 10, 10, 8, 9, 11, 9, 12, 10, 10, 10, 10, 11, 10, 12, 10, 10, 10, 12, 11, 11, 12, 10, 9, 10, 9, 10, 9, 11, 9, 12, 10, 10, 11, 9, 9, 10, 9, 11, 10, 11, 12, 10, 13, 12, 11, 11, 8, 11, 11, 10, 10, 11, 10, 9, 11, 10, 10, 6, 10, 10, 9, 8, 11, 10, 10, 9, 9, 10, 9, 10, 10, 9, 9, 10, 10, 9, 11, 10, 9, 9, 10, 9, 12, 8, 12, 10, 11, 11, 11, 10, 12, 9, 10, 9, 11, 10, 10, 10, 12, 10, 11, 10, 9, 11, 10, 10, 11, 11, 8, 10, 11, 9, 10, 9, 10, 10, 12, 8, 9, 11, 11, 10, 10, 10, 10, 9, 10, 10, 11, 11, 10, 10, 11, 11, 9, 8, 10, 10, 11, 12, 10, 10, 9, 11, 9, 10, 9]"
61,45,15,4.066666666666666,3.0,"[10, 8, 10, 9, 11, 8, 12, 10, 11, 9, 11, 11, 10, 10, 10, 10, 11, 9, 10, 11, 10, 12, 8, 11, 10, 10, 10, 10, 10, 11, 11, 10, 10, 9, 11, 10, 10, 11, 12, 9, 9, 11, 10, 9, 9, 9, 9, 8, 11, 9, 11, 10, 10, 11, 10, 11, 9, 9, 11, 10, 11, 10, 9, 9, 10, 6, 11, 11, 9, 11, 11, 10, 11, 9, 9, 11, 12, 11, 10, 10, 11, 10, 10, 11, 11, 11, 10, 12, 10, 10, 7, 10, 10, 9, 10, 9, 9, 9, 10, 12, 10, 9, 10, 11, 10, 11, 9, 12, 11, 10, 10, 10, 10, 12, 10, 10, 11, 10, 11, 11, 11, 7, 11, 10, 10, 10, 9, 10, 12, 9, 9, 9, 11, 9, 11, 10, 10, 10, 10, 12, 12, 10, 9, 11, 9, 10, 10, 10, 10, 10]"
64,58,15,4.266666666666667,3.8666666666666667,"[9, 12, 11, 10, 11, 9, 9, 11, 11, 12, 10, 9, 8, 10, 12, 9, 10, 12, 9, 9, 11, 10, 9, 11, 9, 8, 10, 11, 12, 11, 9, 10, 10, 9, 10, 10, 11, 11, 9, 11, 10, 12, 11, 9, 9, 8, 7, 9, 12, 9, 10, 11, 11, 10, 10, 9, 11, 11, 11, 10, 9, 10, 9, 8, 11, 8, 10, 10, 9, 11, 9, 9, 10, 11, 10, 10, 10, 7, 11, 11, 9, 9, 10, 9, 9, 10, 11, 9, 10, 11, 11, 10, 10, 10, 9, 11, 9, 10, 9, 10, 10, 11, 10, 10, 10, 10, 10, 10, 10, 10, 10, 10, 10, 9, 11, 10, 10, 9, 10, 11, 7, 10, 10, 9, 10, 12, 12, 9, 10, 10, 11, 10, 10, 9, 11, 12, 10, 9, 10, 8, 10, 11, 9, 10, 10, 10, 9, 10, 10, 10]"
57,53,19,3.0,2.789473684210526,"[9, 12, 10, 10, 10, 10, 10, 10, 10, 11, 10, 10, 11, 9, 9, 9, 10, 10, 10, 10, 11, 10, 9, 11, 9, 9, 9, 9, 9, 11, 11, 8, 10, 9, 9, 10, 9, 10, 10, 10, 11, 10, 11, 9, 10, 10, 11, 12, 11, 9, 10, 9, 11, 12, 8, 9, 8, 10, 12, 10, 10, 10, 10, 9, 12, 10, 10, 9, 10, 10, 10, 9, 9, 12, 11, 8, 10, 11, 12, 10, 10, 10, 10, 9, 10, 8, 11, 9, 10, 9, 10, 11, 10, 9, 10, 10, 11, 10, 10, 10, 11, 8, 9, 10, 8, 10, 11, 10, 9, 10, 10, 11, 11, 9, 9, 10, 10, 11, 9, 10, 10, 10, 9, 10, 9, 10, 9, 9, 11, 9, 11, 10, 10, 9, 9, 10, 11, 10, 9, 10, 9, 10, 12, 10, 11, 10, 9, 9, 11, 9]"
84,70,23,3.652173913043478,3.0434782608695654,"[12, 11, 10, 10, 10, 11, 11, 11, 10, 10, 11, 11, 12, 9, 11, 11, 9, 9, 10, 12, 10, 11, 10, 11, 11, 11, 9, 13, 9, 9, 10, 10, 10, 10, 10, 11, 10, 9, 11, 12, 11, 9, 10, 10, 11, 11, 12, 10, 11, 9, 11, 10, 11, 10, 8, 11, 10, 10, 8, 8, 9, 11, 11, 10, 11, 9, 10, 10, 9, 8, 9, 8, 11, 9, 9, 9, 10, 12, 10, 10, 9, 8, 9, 11, 9, 10, 10, 9, 11, 10, 11, 12, 10, 9, 9, 11, 9, 9, 10, 11, 12, 11, 11, 10, 12, 12, 11, 10, 9, 9, 10, 10, 9, 10, 10, 9, 10, 11, 10, 8, 10, 10, 8, 12, 10, 11, 9, 10, 10, 9, 10, 9, 10, 8, 9, 11, 12, 11, 11, 10, 10, 11, 9, 12, 9, 12, 11, 10, 10, 12]"
79,65,23,3.4347826086956523,2.8260869565217392,"[10, 11, 9, 9, 11, 10, 9, 11, 10, 10, 8, 12, 8, 9, 12, 9, 10, 9, 10, 10, 10, 10, 9, 12, 8, 10, 10, 11, 10, 10, 11, 10, 11, 8, 9, 10, 11, 12, 11, 10, 12, 9, 12, 7, 10, 10, 9, 11, 10, 9, 9, 11, 10, 9, 11, 10, 8, 9, 10, 9, 8, 10, 9, 10, 11, 9, 9, 9, 10, 11, 10, 9, 10, 11, 12, 10, 10, 11, 9, 9, 10, 9, 11, 11, 11, 9, 8, 10, 9, 11, 10, 11, 9, 9, 9, 11, 11, 9, 9, 9, 8, 13, 9, 11, 12, 11, 11, 11, 12, 9, 9, 10, 11, 9, 11, 9, 12, 10, 9, 9, 10, 10, 9, 11, 11, 11, 10, 10, 9, 10, 11, 11, 10, 10, 12, 9, 9, 8, 10, 10, 9, 11, 11, 10, 10, 11, 10, 10, 9, 10]"
63,57,17,3.7058823529411766,3.3529411764705883,"[10, 8, 10, 10, 11, 9, 10, 9, 10, 8, 9, 11, 10, 11, 10, 10, 10, 10, 9, 9, 12, 10, 9, 9, 12, 10, 11, 10, 11, 10, 10, 9, 9, 10, 10, 12, 10, 11, 9, 10, 9, 9, 11, 10, 10, 11, 10, 10, 10, 10, 9, 8, 10, 12, 9, 9, 10, 10, 11, 11, 11, 9, 11, 9, 9, 11, 12, 12, 11, 9, 10, 9, 10, 11, 8, 11, 11, 10, 10, 11, 10, 9, 9, 10, 10, 11, 10, 10, 10, 11, 9, 10, 10, 10, 9, 10, 10, 10, 9, 11, 11, 10, 10, 8, 11, 9, 9, 8, 10, 10, 11, 10, 10, 11, 11, 11, 9, 10, 10, 10, 9, 12, 9, 10, 12, 10, 10, 10, 11, 11, 10, 11, 9, 8, 11, 11, 8, 10, 9, 10, 11, 10, 9, 10, 10, 12, 10, 10, 10, 10]"
75,67,24,3.125,2.7916666666666665,"[8, 10, 10, 10, 9, 9, 10, 9, 9, 10, 10, 10, 9, 11, 8, 11, 10, 12, 10, 11, 11, 9, 10, 10, 8, 11, 9, 10, 10, 10, 10, 11, 9, 12, 10, 10, 9, 11, 9, 9, 9, 9, 9, 11, 10, 10, 9, 10, 10, 10, 10, 11, 10, 10, 10, 8, 11, 10, 10, 10, 11, 11, 9, 11, 10, 11, 8, 11, 11, 11, 11, 12, 11, 8, 10, 10, 10, 9, 9, 12, 12, 9, 9, 10, 10, 12, 12, 9, 12, 9, 9, 11, 11, 11, 8, 11, 9, 10, 10, 10, 10, 10, 9, 11, 12, 8, 9, 9, 11, 10, 8, 9, 8, 10, 10, 9, 10, 10, 10, 9, 10, 11, 7, 10, 11, 11, 11, 9, 10, 10, 11, 9, 10, 11, 9, 10, 8, 11, 9, 12, 12, 11, 8, 11, 11, 8, 10, 10, 10, 10]"
41,37,11,3.727272727272727,3.3636363636363638,"[9, 9, 12, 10, 10, 10, 9, 9, 11, 10, 11, 11, 10, 12, 10, 11, 10, 10, 8, 11, 10, 11, 11, 9, 9, 9, 9, 10, 8, 9, 9, 9, 10, 10, 11, 11, 11, 9, 11, 10, 10, 10, 10, 10, 9, 10, 10, 9, 8, 9, 10, 11, 10, 10, 10, 9, 9, 11, 11, 9, 11, 10, 11, 10, 9, 9, 10, 10, 9, 12, 9, 11, 9, 10, 9, 12, 9, 10, 9, 9, 10, 9, 10, 12, 10, 10, 9, 9, 9, 9, 10, 9, 11, 10, 8, 10, 9, 11, 9, 9, 11, 10, 10, 11, 10, 8, 9, 10, 9, 9, 10, 10, 8, 10, 11, 9, 10, 10, 11, 11, 11, 11, 10, 11, 9, 9, 10, 10, 10, 11, 10, 10, 10, 11, 10, 10, 10, 10, 11, 10, 9, 11, 10, 11, 11, 9, 10, 9, 10, 10]"
48,40,13,3.6923076923076925,3.076923076923077,"[10, 11, 10, 11, 10, 9, 10, 10, 8, 9, 10, 11, 11, 10, 11, 9, 10, 10, 9, 10, 10, 10, 10, 10, 9, 10, 10, 10, 11, 9, 10, 11, 10, 10, 9, 9, 13, 12, 10, 9, 10, 8, 11, 9, 11, 11, 11, 9, 11, 12, 8, 10, 9, 10, 10, 11, 11, 10, 11, 10, 11, 10, 9, 12, 10, 10, 10, 11, 9, 10, 8, 9, 10, 9, 10, 9, 12, 12, 10, 9, 10, 10, 9, 9, 10, 10, 10, 9, 9, 9, 9, 9, 10, 10, 10, 11, 10, 10, 10, 9, 9, 9, 11, 11, 9, 9, 10, 10, 8, 10, 9, 9, 12, 9, 10, 9, 10, 9, 11, 10, 11, 10, 9, 11, 10, 9, 11, 11, 11, 10, 11, 9, 11, 10, 11, 9, 11, 8, 11, 9, 11, 11, 9, 11, 11, 11, 9, 11, 10, 11]"
61,59,19,3.210526315789474,3.1052631578947367,"[10, 9, 10, 11, 9, 10, 10, 9, 8, 10, 10, 11, 9, 10, 11, 9, 12, 9, 10, 10, 9, 10, 8, 9, 10, 9, 10, 11, 11, 10, 8, 10, 11, 10, 10, 11, 11, 8, 10, 11, 10, 8, 10, 11, 11, 10, 11, 9, 9, 10, 10, 10, 9, 11, 11, 11, 10, 9, 10, 10, 9, 9, 10, 10, 11, 9, 8, 10, 9, 11, 11, 10, 8, 10, 10, 10, 10, 10, 8, 8, 10, 10, 10, 11, 8, 9, 9, 11, 11, 11, 9, 10, 9, 9, 12, 11, 10, 11, 10, 9, 10, 10, 9, 9, 10, 11, 9, 10, 9, 10, 10, 9, 8, 10, 10, 10, 10, 10, 10, 10, 10, 10, 10, 11, 10, 9, 11, 9, 9, 9, 10, 9, 10, 12, 12, 11, 10, 9, 11, 9, 9, 8, 9, 8, 9, 11, 9, 10, 10, 10]"
53,49,13,4.076923076923077,3.769230769230769,"[9, 11, 11, 10, 10, 11, 9, 11, 10, 10, 10, 10, 10, 10, 9, 9, 11, 10, 11, 11, 10, 10, 10, 9, 9, 9, 9, 10, 10, 9, 11, 10, 9, 9, 10, 9, 10, 10, 10, 10, 9, 11, 9, 9, 9, 10, 11, 12, 10, 10, 10, 10, 9, 11, 10, 12, 9, 9, 12, 11, 11, 10, 10, 7, 12, 9, 11, 10, 11, 10, 9, 9, 10, 11, 10, 9, 11, 8, 10, 10, 11, 11, 10, 9, 10, 9, 10, 9, 11, 9, 11, 11, 10, 8, 8, 10, 10, 11, 11, 10, 11, 10, 11, 11, 10, 10, 10, 9, 12, 10, 10, 11, 10, 8, 10, 10, 12, 10, 11, 9, 10, 10, 12, 10, 10, 10, 8, 10, 10, 10, 9, 11, 10, 10, 10, 11, 10, 9, 9, 10, 10, 10, 10, 11, 10, 11, 11, 10, 11, 11]"
76,66,16,4.75,4.125,"[9, 11, 9, 9, 9, 8, 11, 10, 8, 10, 11, 10, 8, 11, 8, 10, 9, 10, 7, 10, 9, 10, 10, 11, 10, 9, 11, 10, 9, 8, 9, 10, 10, 10, 11, 10, 10, 12, 10, 11, 10, 10, 10, 8, 10, 10, 11, 10, 9, 8, 11, 10, 8, 10, 8, 9, 9, 10, 10, 9, 9, 9, 7, 11, 11, 10, 11, 9, 11, 10, 10, 9, 9, 10, 10, 11, 10, 12, 11, 11, 10, 10, 8, 9, 9, 10, 10, 11, 10, 10, 10, 11, 9, 9, 11, 10, 10, 10, 10, 10, 9, 10, 9, 11, 9, 10, 10, 11, 10, 10, 10, 11, 11, 11, 10, 11, 11, 11, 9, 10, 10, 10, 12, 9, 11, 12, 8, 11, 11, 12, 9, 9, 11, 8, 10, 9, 10, 10, 11, 8, 10, 12, 11, 9, 10, 11, 12, 9, 9, 11]"
76,60,22,3.4545454545454546,2.727272727272727,"[9, 10, 9, 11, 11, 11, 11, 11, 8, 10, 9, 11, 11, 10, 9, 9, 10, 10, 11, 11, 9, 10, 9, 10, 11, 9, 10, 12, 10, 9, 9, 9, 11, 10, 11, 10, 11, 10, 10, 10, 10, 9, 11, 10, 10, 11, 8, 10, 9, 12, 8, 11, 10, 9, 11, 10, 11, 10, 9, 10, 11, 12, 10, 10, 10, 8, 10, 12, 9, 10, 8, 9, 10, 11, 12, 9, 8, 11, 11, 11, 10, 9, 10, 9, 10, 12, 11, 11, 10, 12, 10, 9, 8, 11, 9, 9, 9, 12, 10, 10, 10, 11, 9, 7, 10, 10, 12, 10, 12, 10, 10, 9, 11, 9, 11, 9, 8, 9, 10, 11, 9, 11, 11, 10, 10, 11, 11, 10, 11, 10, 10, 11, 13, 9, 9, 12, 9, 8, 10, 10, 11, 11, 10, 10, 11, 8, 10, 10, 11, 12]"
47,41,9,5.222222222222222,4.555555555555555,"[11, 9, 13, 9, 9, 10, 13, 10, 8, 11, 10, 9, 10, 11, 10, 10, 10, 10, 9, 10, 10, 9, 9, 11, 10, 12, 10, 8, 9, 11, 11, 10, 9, 11, 10, 12, 9, 10, 10, 11, 10, 10, 10, 10, 8, 10, 10, 11, 9, 10, 10, 9, 10, 12, 9, 10, 9, 10, 10, 11, 11, 11, 11, 10, 9, 10, 11, 11, 10, 11, 10, 11, 12, 10, 10, 9, 10, 10, 11, 10, 10, 11, 9, 9, 8, 8, 10, 10, 11, 10, 8, 11, 10, 11, 10, 9, 8, 10, 8, 9, 10, 9, 10, 10, 11, 10, 11, 9, 9, 11, 13, 9, 11, 11, 10, 9, 9, 9, 10, 11, 9, 11, 10, 9, 8, 10, 9, 11, 11, 11, 9, 11, 9, 11, 12, 10, 11, 10, 10, 11, 12, 11, 11, 11, 9, 11, 9, 9, 10, 11]"
