N,K,Virtual cost,Physical cost,Optimal Cost,vCost/OptimalCost,pCost/OptimalCost,length,sequence
20,3,79,59,19,4.15789473684211,3.10526315789474,100,"[10, 9, 10, 10, 9, 10, 10, 9, 11, 11, 11, 10, 8, 9, 10, 11, 9, 10, 11, 10, 12, 11, 9, 11, 9, 10, 9, 11, 10, 11, 11, 9, 10, 10, 11, 10, 9, 9, 10, 11, 11, 10, 9, 11, 10, 9, 10, 10, 10, 10, 10, 10, 10, 8, 10, 8, 10, 10, 11, 9, 9, 10, 10, 12, 11, 9, 10, 10, 10, 9, 9, 9, 10, 8, 8, 9, 10, 10, 9, 11, 9, 9, 11, 9, 11, 10, 10, 11, 9, 10, 11, 11, 10, 8, 12, 10, 9, 10, 11, 8]"
20,3,93,57,17,5.47058823529412,3.35294117647059,100,"[10, 10, 9, 9, 11, 10, 9, 10, 11, 9, 10, 11, 9, 9, 9, 10, 11, 10, 9, 9, 10, 9, 9, 10, 9, 9, 9, 10, 9, 9, 9, 9, 12, 11, 10, 9, 9, 10, 10, 10, 10, 10, 9, 10, 9, 10, 10, 11, 10, 9, 10, 9, 10, 9, 11, 10, 10, 11, 11, 10, 9, 10, 11, 11, 8, 10, 10, 11, 11, 8, 10, 11, 10, 11, 10, 10, 9, 10, 9, 11, 9, 8, 9, 9, 9, 11, 9, 11, 11, 10, 9, 9, 10, 11, 10, 9, 10, 11, 10, 10]"
20,3,147,88,28,5.25,3.14285714285714,150,"[10, 11, 10, 9, 10, 8, 11, 8, 10, 11, 11, 10, 11, 8, 10, 9, 8, 10, 8, 9, 11, 9, 10, 11, 8, 10, 9, 10, 10, 11, 9, 9, 11, 12, 11, 10, 11, 10, 9, 9, 11, 9, 9, 11, 10, 9, 10, 10, 11, 11, 9, 11, 8, 11, 11, 11, 8, 9, 11, 10, 10, 11, 10, 10, 9, 10, 10, 9, 10, 9, 9, 10, 10, 9, 10, 10, 10, 12, 9, 10, 11, 11, 11, 9, 10, 10, 11, 11, 11, 11, 9, 12, 10, 10, 12, 10, 10, 11, 10, 9, 11, 10, 11, 9, 10, 9, 12, 8, 10, 8, 12, 9, 10, 9, 10, 9, 10, 11, 11, 11, 12, 11, 9, 12, 9, 11, 9, 10, 11, 11, 10, 12, 11, 11, 10, 9, 12, 10, 9, 11, 9, 9, 8, 11, 9, 10, 11, 11, 11, 8]"
20,3,114,100,30,3.8,3.33333333333333,150,"[11, 11, 10, 11, 8, 11, 11, 11, 11, 10, 10, 11, 10, 10, 11, 10, 10, 10, 8, 9, 11, 10, 10, 9, 10, 9, 12, 10, 11, 9, 9, 11, 9, 10, 9, 10, 9, 11, 9, 10, 10, 11, 10, 9, 11, 10, 9, 10, 11, 8, 9, 10, 11, 9, 9, 8, 9, 10, 12, 8, 9, 9, 10, 10, 10, 9, 10, 9, 10, 11, 10, 11, 10, 10, 10, 9, 10, 9, 9, 11, 11, 9, 10, 10, 11, 10, 11, 12, 10, 10, 10, 10, 10, 10, 10, 9, 11, 11, 10, 10, 9, 10, 11, 8, 10, 11, 10, 10, 9, 11, 9, 10, 10, 9, 8, 11, 11, 9, 9, 10, 10, 10, 9, 11, 10, 10, 9, 9, 11, 9, 10, 9, 12, 12, 10, 9, 10, 9, 11, 11, 10, 9, 9, 11, 8, 9, 8, 9, 11, 11]"
20,3,145,91,25,5.8,3.64,150,"[10, 8, 9, 9, 10, 12, 10, 9, 11, 10, 10, 10, 11, 10, 10, 10, 11, 10, 10, 10, 10, 10, 11, 10, 9, 10, 11, 11, 10, 10, 10, 10, 12, 9, 9, 10, 9, 11, 10, 11, 10, 11, 10, 10, 9, 11, 10, 10, 9, 9, 10, 11, 10, 11, 10, 9, 10, 9, 11, 10, 10, 10, 11, 8, 9, 11, 10, 9, 11, 7, 11, 10, 9, 9, 11, 9, 10, 10, 10, 10, 11, 8, 9, 9, 10, 8, 10, 9, 10, 10, 10, 10, 10, 11, 10, 8, 11, 11, 11, 9, 10, 9, 10, 9, 9, 10, 10, 10, 11, 9, 11, 11, 11, 7, 11, 10, 11, 9, 9, 10, 10, 10, 9, 10, 11, 9, 11, 10, 9, 10, 10, 9, 11, 10, 9, 10, 11, 10, 11, 9, 10, 10, 9, 11, 10, 10, 11, 9, 10, 12]"
20,3,134,90,28,4.78571428571429,3.21428571428571,150,"[10, 9, 11, 12, 9, 11, 9, 10, 9, 11, 10, 10, 10, 10, 10, 11, 9, 9, 10, 10, 10, 10, 9, 10, 10, 8, 8, 9, 11, 10, 9, 10, 11, 11, 9, 9, 9, 10, 10, 9, 10, 9, 9, 9, 8, 12, 8, 12, 10, 11, 11, 11, 9, 10, 10, 10, 11, 11, 9, 10, 9, 11, 9, 10, 11, 11, 10, 10, 9, 11, 9, 9, 8, 11, 11, 9, 11, 9, 10, 10, 10, 12, 12, 10, 11, 11, 8, 10, 10, 10, 10, 10, 10, 10, 9, 10, 11, 9, 9, 9, 10, 11, 10, 10, 11, 10, 10, 9, 9, 10, 8, 10, 10, 10, 10, 11, 10, 10, 11, 11, 9, 11, 11, 10, 9, 11, 9, 10, 8, 8, 11, 10, 10, 8, 11, 10, 8, 10, 11, 11, 9, 11, 10, 11, 9, 10, 10, 10, 9, 10]"
20,3,190,158,46,4.1304347826087,3.43478260869565,200,"[11, 11, 10, 9, 11, 10, 9, 11, 10, 9, 10, 9, 11, 11, 10, 11, 11, 10, 9, 10, 10, 10, 9, 10, 10, 10, 9, 8, 9, 10, 10, 9, 8, 12, 11, 11, 11, 10, 10, 11, 10, 9, 9, 10, 8, 9, 10, 9, 11, 10, 10, 11, 10, 9, 10, 11, 11, 10, 9, 11, 8, 10, 10, 11, 11, 11, 10, 8, 10, 11, 12, 10, 9, 10, 9, 9, 10, 10, 12, 10, 11, 9, 10, 10, 12, 8, 10, 10, 10, 10, 9, 9, 12, 11, 12, 9, 11, 9, 9, 11, 11, 10, 10, 10, 11, 9, 10, 11, 9, 11, 11, 9, 10, 9, 10, 10, 9, 11, 9, 11, 11, 11, 9, 10, 11, 12, 9, 11, 10, 9, 9, 10, 9, 11, 10, 10, 9, 10, 11, 10, 12, 9, 11, 9, 9, 10, 10, 10, 9, 9, 11, 8, 10, 8, 10, 11, 10, 8, 9, 11, 10, 12, 9, 9, 9, 11, 9, 10, 8, 10, 12, 10, 8, 12, 11, 10, 10, 11, 8, 10, 9, 9, 10, 9, 9, 10, 9, 11, 10, 9, 11, 11, 10, 10, 11, 9, 10, 10, 11, 10]"
20,3,181,153,49,3.69387755102041,3.12244897959184,200,"[10, 12, 9, 10, 11, 11, 9, 11, 11, 10, 11, 9, 11, 10, 10, 11, 11, 9, 9, 9, 9, 11, 9, 10, 11, 8, 11, 10, 11, 10, 8, 10, 10, 12, 10, 9, 9, 9, 9, 11, 11, 9, 10, 11, 10, 10, 8, 10, 10, 10, 11, 10, 8, 11, 12, 10, 10, 11, 11, 10, 10, 11, 10, 9, 9, 9, 10, 9, 11, 12, 10, 12, 10, 11, 9, 10, 9, 11, 10, 10, 11, 9, 9, 10, 10, 8, 10, 9, 11, 11, 9, 12, 11, 10, 10, 10, 7, 10, 10, 11, 9, 10, 11, 10, 10, 11, 11, 9, 11, 10, 10, 9, 9, 10, 9, 9, 11, 11, 9, 11, 11, 10, 11, 9, 10, 11, 10, 9, 11, 9, 9, 10, 9, 10, 11, 10, 11, 8, 12, 10, 10, 10, 9, 10, 9, 10, 11, 9, 10, 9, 11, 10, 9, 11, 10, 10, 10, 10, 9, 11, 11, 10, 8, 9, 8, 10, 10, 11, 10, 11, 9, 11, 10, 10, 10, 10, 8, 10, 10, 9, 10, 11, 10, 10, 9, 11, 9, 9, 11, 11, 10, 9, 12, 10, 8, 9, 10, 10, 10, 9]"
20,3,251,163,52,4.82692307692308,3.13461538461538,200,"[10, 8, 10, 10, 10, 10, 10, 9, 11, 9, 11, 10, 9, 10, 11, 9, 10, 10, 11, 9, 10, 10, 10, 10, 9, 11, 11, 11, 11, 10, 10, 10, 11, 10, 10, 10, 11, 10, 11, 9, 10, 11, 11, 12, 11, 9, 8, 9, 11, 11, 9, 9, 9, 11, 9, 10, 10, 11, 12, 10, 11, 10, 10, 11, 9, 10, 12, 10, 11, 11, 12, 11, 9, 10, 11, 8, 9, 8, 9, 10, 10, 9, 8, 9, 11, 10, 10, 9, 11, 11, 10, 11, 9, 11, 10, 9, 10, 10, 11, 10, 11, 11, 11, 10, 11, 9, 11, 12, 10, 8, 11, 11, 11, 9, 11, 11, 10, 9, 11, 11, 10, 12, 10, 9, 8, 10, 8, 11, 11, 10, 8, 11, 12, 11, 11, 10, 8, 9, 8, 11, 11, 9, 10, 9, 10, 11, 10, 11, 10, 11, 12, 11, 8, 10, 10, 9, 10, 10, 11, 10, 9, 12, 9, 9, 9, 10, 9, 10, 12, 10, 11, 10, 11, 11, 11, 13, 10, 9, 10, 10, 11, 11, 11, 10, 11, 11, 9, 10, 11, 12, 11, 11, 9, 10, 12, 9, 10, 11, 9, 8]"
20,3,133,119,39,3.41025641025641,3.05128205128205,200,"[12, 8, 8, 11, 11, 10, 10, 9, 10, 10, 10, 9, 9, 10, 10, 11, 11, 11, 10, 10, 9, 9, 9, 10, 9, 7, 10, 10, 9, 11, 11, 10, 10, 9, 11, 10, 10, 11, 11, 11, 11, 11, 11, 11, 9, 10, 11, 12, 10, 10, 11, 9, 9, 10, 10, 9, 9, 10, 11, 11, 9, 12, 9, 9, 11, 10, 8, 11, 10, 12, 9, 11, 10, 11, 10, 11, 10, 9, 9, 8, 8, 9, 11, 10, 9, 10, 12, 11, 10, 11, 9, 9, 12, 9, 10, 11, 11, 11, 10, 11, 11, 9, 10, 10, 9, 11, 11, 9, 11, 10, 10, 9, 10, 10, 10, 10, 9, 10, 9, 11, 12, 10, 11, 10, 9, 10, 10, 9, 10, 9, 11, 10, 8, 9, 11, 11, 11, 9, 10, 11, 11, 10, 10, 10, 11, 11, 9, 11, 9, 10, 9, 10, 11, 7, 10, 10, 10, 10, 10, 7, 12, 11, 11, 10, 11, 9, 11, 10, 9, 9, 9, 10, 11, 11, 8, 11, 11, 10, 10, 11, 10, 10, 8, 11, 10, 10, 9, 11, 10, 10, 9, 11, 9, 9, 10, 11, 9, 11, 11, 10]"
20,3,164,142,47,3.48936170212766,3.02127659574468,200,"[10, 11, 9, 10, 10, 11, 9, 11, 11, 10, 9, 10, 10, 10, 11, 10, 11, 11, 10, 11, 10, 10, 10, 12, 11, 10, 11, 11, 11, 11, 10, 10, 10, 10, 10, 11, 12, 8, 10, 9, 9, 11, 9, 12, 11, 10, 8, 11, 12, 11, 9, 12, 10, 10, 11, 8, 10, 11, 10, 9, 11, 10, 12, 9, 9, 10, 10, 9, 9, 11, 12, 10, 9, 10, 10, 9, 11, 10, 9, 10, 9, 11, 9, 10, 10, 10, 11, 9, 10, 10, 11, 9, 10, 10, 11, 8, 10, 9, 10, 11, 9, 10, 12, 11, 11, 10, 10, 10, 10, 12, 11, 10, 12, 9, 11, 10, 9, 9, 11, 10, 11, 11, 10, 10, 9, 10, 10, 10, 9, 11, 10, 10, 9, 10, 11, 11, 12, 12, 11, 12, 11, 9, 11, 11, 9, 11, 9, 9, 10, 9, 11, 9, 9, 10, 10, 10, 10, 10, 12, 11, 9, 10, 10, 10, 10, 11, 9, 8, 9, 11, 11, 10, 12, 11, 11, 9, 11, 10, 11, 9, 10, 11, 12, 9, 10, 11, 10, 11, 11, 8, 10, 11, 10, 10, 11, 10, 9, 11, 8, 11]"
20,3,161,135,43,3.74418604651163,3.13953488372093,200,"[9, 9, 10, 13, 11, 9, 9, 9, 11, 11, 9, 9, 9, 11, 11, 9, 8, 10, 9, 10, 9, 10, 9, 10, 9, 10, 10, 11, 9, 10, 9, 10, 12, 10, 11, 11, 11, 9, 10, 10, 10, 12, 9, 9, 11, 9, 10, 9, 9, 12, 11, 9, 10, 9, 11, 10, 11, 9, 9, 10, 11, 9, 11, 13, 11, 10, 12, 8, 9, 11, 11, 9, 11, 10, 9, 11, 11, 10, 9, 9, 10, 11, 9, 11, 10, 9, 9, 9, 10, 9, 10, 11, 10, 9, 10, 10, 9, 11, 12, 9, 11, 11, 11, 10, 11, 10, 10, 10, 11, 9, 10, 10, 11, 10, 10, 11, 9, 11, 10, 11, 9, 11, 9, 11, 9, 10, 10, 9, 10, 11, 10, 11, 7, 10, 10, 11, 10, 9, 10, 9, 9, 10, 10, 10, 9, 11, 10, 11, 9, 10, 10, 10, 8, 10, 9, 10, 12, 10, 10, 12, 10, 8, 9, 9, 11, 10, 11, 10, 9, 10, 10, 11, 10, 11, 10, 8, 10, 9, 11, 10, 10, 8, 9, 10, 9, 10, 11, 9, 10, 10, 12, 11, 8, 10, 10, 11, 11, 10, 11, 10]"
20,3,169,141,37,4.56756756756757,3.81081081081081,200,"[9, 8, 10, 10, 11, 10, 10, 10, 10, 11, 10, 11, 11, 9, 11, 10, 10, 10, 8, 11, 9, 11, 9, 8, 10, 9, 9, 11, 11, 10, 10, 10, 10, 10, 10, 11, 9, 12, 10, 9, 10, 10, 10, 10, 10, 9, 11, 10, 11, 8, 10, 9, 11, 9, 11, 8, 11, 10, 8, 12, 10, 10, 9, 10, 10, 11, 11, 9, 9, 9, 9, 11, 10, 9, 11, 10, 11, 11, 11, 9, 10, 11, 9, 10, 10, 9, 9, 11, 9, 10, 10, 11, 9, 9, 10, 9, 11, 9, 11, 10, 9, 11, 10, 9, 9, 8, 9, 11, 10, 10, 11, 11, 9, 9, 10, 8, 10, 9, 10, 11, 9, 10, 9, 10, 10, 11, 11, 9, 11, 10, 8, 9, 11, 10, 9, 11, 10, 11, 9, 10, 10, 8, 10, 10, 9, 10, 11, 10, 11, 12, 10, 9, 11, 10, 11, 10, 10, 11, 10, 11, 10, 11, 9, 10, 10, 10, 12, 10, 9, 8, 10, 9, 10, 11, 8, 11, 9, 11, 9, 9, 9, 10, 9, 9, 10, 10, 10, 11, 10, 10, 11, 9, 11, 11, 11, 10, 9, 11, 10, 10]"
20,3,118,80,25,4.72,3.2,100,"[10, 11, 10, 11, 12, 8, 10, 9, 9, 11, 11, 10, 9, 10, 8, 9, 10, 11, 10, 10, 11, 9, 9, 10, 11, 9, 10, 10, 9, 10, 9, 11, 9, 10, 11, 11, 9, 10, 9, 11, 12, 9, 10, 10, 10, 9, 10, 11, 9, 10, 9, 11, 9, 11, 10, 9, 10, 10, 12, 10, 10, 11, 10, 10, 10, 10, 10, 9, 10, 10, 9, 11, 11, 9, 9, 10, 10, 11, 10, 12, 10, 10, 11, 10, 12, 10, 9, 10, 9, 8, 10, 9, 9, 8, 9, 10, 10, 11, 10, 9]"
20,3,118,80,25,4.72,3.2,100,"[10, 11, 10, 11, 12, 8, 10, 9, 9, 11, 11, 10, 9, 10, 8, 9, 10, 11, 10, 10, 11, 9, 9, 10, 11, 9, 10, 10, 9, 10, 9, 11, 9, 10, 11, 11, 9, 10, 9, 11, 12, 9, 10, 10, 10, 9, 10, 11, 9, 10, 9, 11, 9, 11, 10, 9, 10, 10, 12, 10, 10, 11, 10, 10, 10, 10, 10, 9, 10, 10, 9, 11, 11, 9, 9, 10, 10, 11, 10, 12, 10, 10, 11, 10, 12, 10, 9, 10, 9, 8, 10, 9, 9, 8, 9, 10, 10, 11, 10, 9]"
20,3,193,163,52,3.71153846153846,3.13461538461538,200,"[12, 11, 9, 9, 11, 10, 9, 10, 9, 11, 11, 10, 10, 9, 9, 10, 11, 10, 11, 12, 11, 9, 10, 9, 10, 9, 11, 11, 10, 8, 10, 10, 11, 9, 11, 11, 10, 9, 12, 10, 11, 9, 10, 9, 12, 10, 10, 11, 9, 11, 12, 11, 10, 10, 9, 9, 10, 9, 10, 11, 10, 10, 11, 8, 10, 9, 10, 10, 11, 10, 8, 11, 9, 11, 9, 10, 9, 10, 11, 11, 8, 10, 11, 10, 10, 9, 10, 12, 9, 11, 9, 9, 9, 9, 11, 10, 11, 10, 9, 11, 11, 10, 11, 11, 11, 11, 10, 9, 9, 8, 9, 11, 10, 10, 12, 9, 10, 9, 10, 11, 10, 9, 12, 10, 9, 10, 10, 9, 11, 9, 11, 11, 10, 10, 10, 10, 12, 9, 12, 10, 12, 10, 8, 10, 10, 12, 11, 10, 10, 9, 10, 10, 9, 12, 11, 11, 10, 10, 9, 9, 11, 10, 9, 10, 10, 12, 10, 10, 9, 10, 9, 10, 11, 10, 10, 9, 9, 12, 10, 8, 10, 10, 12, 10, 10, 11, 13, 11, 10, 10, 9, 8, 10, 9, 11, 9, 10, 8, 10, 9]"
20,3,282,160,50,5.64,3.2,200,"[12, 11, 9, 9, 11, 10, 9, 10, 9, 11, 11, 10, 10, 9, 9, 10, 11, 10, 11, 12, 11, 9, 10, 9, 10, 9, 11, 11, 10, 8, 10, 10, 11, 9, 11, 11, 10, 9, 12, 10, 11, 9, 10, 9, 12, 10, 10, 11, 9, 11, 12, 11, 10, 10, 9, 9, 10, 9, 10, 11, 10, 10, 11, 8, 10, 9, 10, 10, 11, 10, 8, 11, 9, 11, 9, 10, 9, 10, 11, 11, 8, 10, 11, 10, 10, 9, 10, 12, 9, 11, 9, 9, 9, 9, 11, 10, 11, 10, 9, 11, 11, 10, 11, 11, 11, 11, 10, 9, 9, 8, 9, 11, 10, 10, 12, 9, 10, 9, 10, 11, 10, 9, 12, 10, 9, 10, 10, 9, 11, 9, 11, 11, 10, 10, 10, 10, 12, 9, 12, 10, 12, 10, 8, 10, 10, 12, 11, 10, 10, 9, 10, 10, 9, 12, 11, 11, 10, 10, 9, 9, 11, 10, 9, 10, 10, 12, 10, 10, 9, 10, 9, 10, 11, 10, 10, 9, 9, 12, 10, 8, 10, 10, 12, 10, 10, 11, 13, 11, 10, 10, 9, 8, 10, 9, 11, 9, 10, 8, 10, 9]"
20,3,193,163,52,3.71153846153846,3.13461538461538,200,"[12, 11, 9, 9, 11, 10, 9, 10, 9, 11, 11, 10, 10, 9, 9, 10, 11, 10, 11, 12, 11, 9, 10, 9, 10, 9, 11, 11, 10, 8, 10, 10, 11, 9, 11, 11, 10, 9, 12, 10, 11, 9, 10, 9, 12, 10, 10, 11, 9, 11, 12, 11, 10, 10, 9, 9, 10, 9, 10, 11, 10, 10, 11, 8, 10, 9, 10, 10, 11, 10, 8, 11, 9, 11, 9, 10, 9, 10, 11, 11, 8, 10, 11, 10, 10, 9, 10, 12, 9, 11, 9, 9, 9, 9, 11, 10, 11, 10, 9, 11, 11, 10, 11, 11, 11, 11, 10, 9, 9, 8, 9, 11, 10, 10, 12, 9, 10, 9, 10, 11, 10, 9, 12, 10, 9, 10, 10, 9, 11, 9, 11, 11, 10, 10, 10, 10, 12, 9, 12, 10, 12, 10, 8, 10, 10, 12, 11, 10, 10, 9, 10, 10, 9, 12, 11, 11, 10, 10, 9, 9, 11, 10, 9, 10, 10, 12, 10, 10, 9, 10, 9, 10, 11, 10, 10, 9, 9, 12, 10, 8, 10, 10, 12, 10, 10, 11, 13, 11, 10, 10, 9, 8, 10, 9, 11, 9, 10, 8, 10, 9]"
20,3,193,163,52,3.71153846153846,3.13461538461538,200,"[12, 11, 9, 9, 11, 10, 9, 10, 9, 11, 11, 10, 10, 9, 9, 10, 11, 10, 11, 12, 11, 9, 10, 9, 10, 9, 11, 11, 10, 8, 10, 10, 11, 9, 11, 11, 10, 9, 12, 10, 11, 9, 10, 9, 12, 10, 10, 11, 9, 11, 12, 11, 10, 10, 9, 9, 10, 9, 10, 11, 10, 10, 11, 8, 10, 9, 10, 10, 11, 10, 8, 11, 9, 11, 9, 10, 9, 10, 11, 11, 8, 10, 11, 10, 10, 9, 10, 12, 9, 11, 9, 9, 9, 9, 11, 10, 11, 10, 9, 11, 11, 10, 11, 11, 11, 11, 10, 9, 9, 8, 9, 11, 10, 10, 12, 9, 10, 9, 10, 11, 10, 9, 12, 10, 9, 10, 10, 9, 11, 9, 11, 11, 10, 10, 10, 10, 12, 9, 12, 10, 12, 10, 8, 10, 10, 12, 11, 10, 10, 9, 10, 10, 9, 12, 11, 11, 10, 10, 9, 9, 11, 10, 9, 10, 10, 12, 10, 10, 9, 10, 9, 10, 11, 10, 10, 9, 9, 12, 10, 8, 10, 10, 12, 10, 10, 11, 13, 11, 10, 10, 9, 8, 10, 9, 11, 9, 10, 8, 10, 9]"
20,3,164,134,44,3.72727272727273,3.04545454545455,200,"[8, 11, 10, 10, 9, 11, 10, 11, 8, 10, 10, 10, 8, 10, 11, 10, 11, 7, 9, 10, 11, 11, 11, 10, 11, 9, 9, 10, 12, 10, 11, 8, 11, 9, 10, 9, 9, 10, 11, 11, 11, 12, 9, 10, 11, 9, 8, 10, 10, 9, 10, 12, 11, 9, 10, 10, 10, 9, 9, 10, 11, 9, 11, 11, 11, 9, 10, 10, 10, 11, 11, 10, 11, 11, 9, 9, 9, 11, 10, 9, 10, 11, 10, 10, 12, 9, 10, 10, 11, 10, 10, 9, 10, 10, 10, 10, 11, 9, 11, 9, 9, 9, 9, 10, 10, 11, 9, 8, 12, 10, 11, 9, 11, 9, 10, 10, 9, 11, 10, 9, 11, 10, 11, 10, 11, 10, 11, 9, 9, 9, 10, 11, 10, 11, 10, 10, 10, 11, 9, 10, 10, 10, 9, 10, 10, 10, 9, 10, 11, 10, 8, 9, 11, 11, 11, 10, 11, 8, 10, 10, 10, 13, 10, 12, 10, 8, 10, 12, 9, 11, 12, 12, 13, 10, 8, 10, 10, 10, 9, 9, 9, 9, 11, 11, 10, 10, 11, 11, 9, 10, 9, 11, 10, 10, 9, 11, 10, 8, 11, 10]"
20,3,374,248,103,3.63106796116505,2.40776699029126,400,"[9, 13, 11, 9, 10, 12, 8, 12, 9, 8, 9, 11, 10, 10, 10, 12, 9, 10, 10, 10, 9, 10, 10, 9, 9, 11, 10, 11, 10, 9, 10, 9, 9, 9, 11, 9, 10, 9, 9, 9, 11, 9, 10, 11, 10, 9, 10, 12, 11, 11, 11, 9, 10, 10, 9, 9, 11, 11, 10, 10, 10, 9, 11, 9, 12, 10, 8, 12, 11, 9, 11, 10, 10, 11, 9, 7, 10, 11, 10, 9, 11, 10, 10, 11, 9, 9, 10, 10, 10, 10, 9, 10, 10, 9, 9, 10, 10, 10, 11, 9, 8, 10, 10, 8, 8, 7, 11, 11, 10, 10, 10, 11, 8, 10, 10, 11, 9, 9, 11, 8, 10, 10, 11, 10, 9, 11, 10, 11, 10, 9, 10, 11, 10, 9, 10, 10, 9, 11, 10, 10, 10, 10, 12, 10, 9, 11, 10, 10, 11, 10, 8, 9, 8, 11, 11, 9, 7, 11, 10, 10, 11, 10, 9, 10, 10, 11, 11, 10, 11, 10, 11, 10, 10, 9, 10, 11, 9, 10, 10, 10, 9, 9, 10, 9, 10, 11, 9, 9, 9, 11, 11, 12, 10, 12, 11, 11, 9, 10, 10, 10, 10, 10, 10, 9, 9, 10, 12, 10, 10, 12, 10, 11, 9, 10, 11, 9, 8, 10, 9, 10, 10, 10, 7, 9, 10, 10, 11, 10, 10, 11, 11, 9, 9, 9, 11, 12, 11, 10, 8, 10, 10, 10, 9, 9, 8, 11, 10, 10, 11, 10, 9, 10, 9, 10, 11, 10, 8, 12, 11, 10, 10, 11, 11, 10, 11, 10, 9, 10, 9, 10, 11, 10, 9, 11, 10, 11, 9, 10, 9, 11, 9, 10, 10, 10, 11, 9, 10, 11, 8, 11, 12, 11, 8, 11, 9, 11, 10, 10, 11, 11, 10, 8, 9, 10, 9, 10, 12, 11, 10, 12, 10, 12, 10, 10, 11, 10, 11, 9, 9, 9, 11, 11, 10, 8, 11, 10, 10, 10, 11, 11, 10, 10, 9, 10, 12, 10, 8, 8, 9, 10, 10, 11, 8, 10, 9, 10, 9, 13, 12, 9, 10, 11, 11, 11, 9, 13, 9, 10, 11, 10, 9, 10, 9, 10, 10, 10, 9, 9, 8, 10, 9, 10, 9, 10, 9, 11, 10, 10, 10, 11, 11, 10, 9, 10, 11, 10, 10, 8, 9, 11, 11, 12, 10, 11, 9, 11, 7, 11, 8, 11]"
20,3,388,256,115,3.37391304347826,2.22608695652174,400,"[7, 10, 10, 9, 9, 10, 10, 11, 10, 12, 10, 10, 11, 10, 11, 11, 10, 9, 10, 9, 9, 9, 10, 11, 11, 11, 13, 10, 10, 9, 11, 11, 11, 10, 9, 11, 9, 9, 10, 10, 13, 11, 11, 10, 10, 10, 8, 10, 10, 10, 9, 12, 10, 11, 10, 11, 10, 9, 9, 11, 8, 8, 10, 9, 9, 9, 10, 11, 11, 9, 10, 11, 12, 8, 10, 9, 8, 12, 9, 10, 9, 9, 11, 11, 10, 12, 9, 10, 10, 10, 9, 10, 9, 11, 10, 11, 10, 9, 11, 11, 11, 12, 10, 9, 11, 11, 8, 10, 10, 10, 11, 10, 11, 8, 10, 9, 10, 11, 12, 12, 9, 10, 9, 11, 10, 11, 9, 10, 12, 9, 11, 11, 8, 8, 10, 10, 7, 10, 7, 10, 9, 8, 11, 10, 10, 9, 11, 9, 10, 12, 11, 10, 10, 11, 9, 11, 11, 8, 10, 10, 10, 11, 10, 12, 8, 9, 11, 10, 10, 9, 10, 11, 11, 10, 10, 6, 11, 11, 10, 11, 11, 10, 10, 11, 9, 11, 9, 9, 10, 9, 10, 9, 11, 12, 9, 9, 9, 11, 10, 10, 11, 10, 10, 10, 11, 11, 11, 8, 11, 9, 11, 11, 11, 9, 8, 10, 9, 11, 9, 11, 10, 8, 11, 9, 9, 9, 10, 11, 11, 9, 11, 8, 10, 11, 11, 9, 11, 9, 11, 9, 8, 9, 11, 10, 9, 10, 10, 9, 10, 10, 9, 10, 9, 12, 9, 10, 11, 11, 10, 10, 10, 11, 9, 10, 9, 9, 11, 9, 9, 9, 12, 10, 8, 10, 9, 10, 11, 9, 10, 11, 10, 11, 10, 10, 10, 11, 12, 11, 11, 10, 11, 9, 7, 10, 9, 10, 11, 11, 9, 10, 11, 9, 12, 10, 8, 12, 9, 10, 11, 10, 11, 10, 10, 11, 10, 11, 7, 11, 9, 9, 9, 10, 11, 11, 10, 8, 11, 10, 11, 11, 10, 11, 11, 9, 10, 11, 10, 10, 10, 11, 10, 10, 9, 12, 11, 9, 11, 9, 10, 11, 12, 10, 10, 12, 8, 13, 10, 10, 9, 11, 10, 10, 10, 10, 11, 12, 9, 10, 10, 11, 8, 10, 10, 11, 12, 11, 10, 10, 9, 9, 11, 10, 10, 11, 11, 10, 10, 10, 11, 10, 10, 9, 10, 10, 9, 11, 11, 11, 11, 10]"
20,3,370,256,119,3.10924369747899,2.15126050420168,400,"[9, 9, 8, 11, 9, 8, 10, 11, 11, 9, 12, 11, 12, 9, 10, 8, 11, 9, 9, 10, 11, 9, 10, 12, 10, 10, 12, 10, 9, 9, 9, 9, 7, 9, 9, 10, 9, 9, 9, 10, 11, 10, 10, 9, 11, 10, 11, 10, 9, 11, 9, 9, 9, 8, 10, 11, 10, 8, 9, 12, 10, 11, 11, 11, 10, 10, 10, 9, 10, 11, 9, 9, 11, 11, 9, 10, 12, 10, 10, 11, 10, 10, 10, 11, 9, 11, 12, 10, 9, 10, 9, 9, 10, 10, 12, 9, 10, 9, 11, 11, 10, 9, 10, 11, 9, 8, 11, 9, 10, 9, 9, 10, 10, 9, 10, 10, 11, 10, 11, 11, 9, 10, 10, 11, 9, 11, 8, 11, 10, 9, 11, 9, 11, 9, 8, 11, 9, 11, 11, 11, 9, 11, 11, 10, 9, 9, 11, 11, 10, 11, 10, 10, 9, 11, 11, 10, 10, 10, 10, 12, 10, 10, 9, 10, 10, 11, 11, 9, 9, 9, 11, 11, 11, 11, 12, 9, 11, 9, 10, 10, 10, 10, 9, 8, 10, 11, 12, 10, 10, 11, 9, 12, 12, 9, 11, 8, 12, 9, 13, 11, 10, 10, 10, 10, 10, 8, 9, 9, 10, 8, 10, 11, 11, 12, 10, 10, 10, 9, 9, 9, 9, 11, 9, 11, 11, 10, 10, 10, 9, 10, 10, 11, 13, 9, 10, 11, 10, 10, 9, 10, 10, 12, 10, 10, 9, 11, 11, 11, 10, 11, 12, 9, 10, 13, 11, 10, 10, 8, 10, 10, 10, 10, 10, 11, 10, 9, 10, 9, 12, 9, 10, 11, 10, 10, 11, 9, 9, 11, 10, 10, 12, 11, 11, 9, 13, 11, 9, 10, 12, 10, 11, 10, 10, 12, 11, 7, 12, 10, 11, 10, 12, 10, 11, 9, 9, 11, 10, 9, 10, 10, 8, 11, 10, 9, 12, 10, 10, 9, 11, 9, 11, 9, 8, 9, 9, 9, 10, 9, 8, 11, 10, 10, 9, 10, 9, 10, 10, 10, 11, 8, 8, 9, 9, 12, 10, 10, 11, 9, 9, 11, 8, 9, 10, 10, 11, 10, 8, 10, 10, 9, 10, 10, 10, 12, 8, 11, 9, 10, 10, 10, 9, 10, 12, 9, 12, 10, 11, 12, 11, 10, 10, 11, 9, 8, 11, 9, 11, 10, 9, 12, 10, 10, 11, 10, 12, 10, 9, 11, 10, 11]"
20,3,284,202,90,3.15555555555556,2.24444444444444,400,"[11, 9, 10, 11, 10, 10, 10, 11, 10, 8, 10, 10, 9, 9, 10, 10, 9, 11, 9, 9, 10, 10, 10, 10, 10, 10, 10, 10, 11, 11, 10, 9, 10, 11, 9, 8, 11, 9, 11, 9, 11, 9, 11, 9, 9, 10, 10, 10, 10, 11, 10, 9, 10, 10, 11, 9, 12, 9, 12, 10, 11, 11, 12, 9, 9, 9, 12, 11, 11, 11, 11, 9, 11, 10, 11, 11, 11, 10, 9, 10, 10, 10, 10, 10, 9, 11, 9, 10, 10, 8, 10, 12, 11, 10, 9, 11, 11, 11, 12, 9, 11, 11, 10, 12, 10, 10, 9, 8, 10, 11, 9, 11, 10, 10, 11, 8, 11, 11, 11, 9, 11, 8, 12, 12, 11, 10, 11, 10, 10, 10, 9, 11, 11, 10, 10, 11, 9, 10, 9, 10, 11, 11, 11, 9, 10, 10, 10, 10, 10, 11, 12, 11, 11, 10, 11, 10, 9, 11, 10, 12, 8, 12, 9, 11, 12, 9, 12, 11, 9, 10, 11, 10, 10, 11, 11, 11, 9, 10, 10, 10, 10, 9, 11, 9, 9, 11, 10, 10, 9, 8, 11, 11, 9, 10, 10, 11, 9, 11, 10, 11, 9, 12, 10, 6, 9, 10, 10, 9, 8, 10, 10, 8, 9, 9, 10, 10, 11, 10, 10, 10, 10, 9, 9, 9, 11, 9, 10, 9, 10, 9, 10, 13, 10, 12, 11, 10, 10, 9, 11, 10, 10, 10, 11, 10, 10, 9, 11, 10, 10, 11, 8, 10, 10, 10, 10, 9, 10, 9, 10, 11, 11, 9, 10, 10, 10, 8, 12, 10, 9, 10, 10, 9, 10, 11, 12, 8, 11, 10, 9, 10, 10, 9, 8, 9, 9, 11, 10, 7, 10, 11, 10, 10, 10, 10, 11, 11, 11, 11, 10, 10, 9, 10, 11, 10, 11, 11, 11, 10, 10, 12, 12, 11, 10, 11, 11, 9, 11, 10, 9, 10, 10, 11, 9, 10, 8, 9, 9, 12, 10, 9, 10, 10, 12, 11, 11, 10, 12, 9, 10, 8, 9, 9, 10, 11, 8, 11, 10, 10, 10, 10, 8, 12, 9, 11, 10, 10, 11, 11, 8, 9, 9, 10, 11, 9, 10, 10, 9, 11, 10, 8, 9, 10, 10, 9, 9, 11, 10, 9, 10, 9, 11, 10, 9, 9, 11, 10, 9, 10, 11, 11, 10, 8, 9, 9, 9, 10, 9, 9, 12, 10]"
20,5,159,145,30,5.3,4.83333333333333,400,"[9, 11, 10, 10, 10, 10, 10, 11, 11, 10, 9, 10, 12, 10, 8, 11, 10, 10, 10, 10, 10, 9, 9, 9, 11, 9, 10, 11, 10, 9, 12, 11, 10, 9, 9, 10, 10, 9, 10, 10, 9, 10, 9, 11, 9, 11, 10, 11, 11, 10, 10, 9, 9, 11, 8, 11, 9, 10, 9, 7, 12, 11, 10, 12, 9, 9, 9, 9, 11, 11, 10, 9, 10, 11, 11, 10, 10, 10, 12, 10, 11, 10, 10, 9, 9, 10, 10, 10, 9, 10, 10, 11, 9, 9, 11, 10, 11, 10, 10, 10, 9, 11, 11, 12, 10, 9, 10, 10, 8, 11, 9, 8, 11, 10, 11, 10, 9, 11, 10, 9, 11, 10, 11, 10, 8, 13, 10, 10, 8, 9, 9, 9, 10, 9, 10, 11, 10, 9, 9, 9, 10, 10, 9, 11, 9, 11, 11, 8, 10, 10, 11, 10, 10, 8, 9, 11, 10, 11, 10, 11, 12, 9, 11, 9, 9, 10, 10, 10, 11, 8, 10, 9, 10, 9, 8, 8, 10, 11, 9, 11, 10, 10, 8, 13, 10, 11, 10, 10, 10, 10, 11, 10, 9, 8, 11, 10, 11, 11, 9, 10, 9, 11, 10, 10, 10, 9, 9, 11, 11, 10, 9, 11, 10, 9, 13, 9, 9, 11, 11, 10, 10, 10, 11, 9, 10, 12, 11, 11, 11, 9, 11, 10, 9, 10, 9, 9, 11, 9, 11, 9, 11, 11, 9, 10, 11, 11, 9, 10, 9, 11, 9, 9, 9, 11, 11, 10, 10, 10, 9, 11, 11, 10, 11, 10, 11, 10, 11, 12, 9, 10, 9, 9, 9, 12, 10, 9, 11, 10, 10, 9, 10, 11, 9, 8, 9, 12, 11, 11, 12, 9, 10, 11, 10, 8, 10, 10, 10, 9, 10, 10, 9, 10, 10, 9, 10, 12, 10, 11, 10, 11, 12, 11, 10, 9, 9, 9, 11, 8, 9, 10, 8, 9, 8, 10, 10, 12, 7, 10, 11, 11, 9, 11, 9, 10, 10, 10, 13, 11, 12, 10, 10, 12, 11, 12, 10, 9, 12, 10, 10, 10, 12, 10, 8, 11, 10, 10, 10, 11, 10, 10, 11, 10, 10, 12, 10, 11, 11, 11, 10, 10, 11, 10, 11, 10, 13, 11, 10, 10, 9, 9, 8, 10, 9, 12, 9, 12, 10, 11, 9, 9, 10, 8, 9, 12, 13, 11, 11, 10, 10, 9]"
20,5,157,137,22,7.13636363636364,6.22727272727273,400,"[10, 12, 11, 10, 10, 10, 12, 9, 11, 11, 11, 11, 13, 11, 8, 11, 10, 10, 10, 12, 10, 9, 10, 11, 11, 12, 11, 9, 8, 10, 10, 9, 9, 11, 11, 10, 10, 10, 11, 11, 9, 10, 10, 11, 12, 10, 10, 11, 10, 11, 10, 10, 9, 10, 9, 9, 10, 10, 9, 8, 11, 11, 8, 10, 12, 8, 10, 9, 11, 13, 10, 10, 12, 10, 12, 8, 10, 11, 9, 12, 11, 9, 9, 10, 11, 10, 8, 10, 9, 9, 12, 11, 11, 11, 11, 8, 11, 10, 9, 8, 10, 12, 10, 10, 11, 11, 9, 11, 9, 9, 10, 10, 11, 9, 10, 10, 10, 10, 10, 12, 11, 10, 11, 10, 10, 12, 10, 9, 12, 11, 11, 10, 11, 10, 11, 10, 11, 10, 11, 11, 10, 11, 9, 9, 11, 9, 9, 10, 11, 10, 11, 9, 10, 10, 13, 10, 10, 9, 10, 11, 9, 11, 10, 10, 10, 10, 10, 10, 11, 10, 9, 11, 9, 10, 8, 9, 10, 9, 10, 10, 11, 10, 10, 10, 9, 10, 10, 9, 8, 11, 12, 10, 10, 10, 10, 11, 11, 10, 9, 10, 10, 10, 10, 11, 9, 10, 9, 9, 9, 10, 10, 11, 11, 10, 10, 9, 10, 10, 9, 10, 10, 11, 8, 9, 11, 9, 9, 9, 10, 10, 10, 10, 10, 9, 10, 10, 10, 9, 11, 10, 8, 11, 10, 10, 10, 10, 9, 9, 9, 12, 10, 8, 12, 10, 9, 10, 11, 11, 10, 9, 11, 9, 9, 9, 10, 10, 11, 9, 12, 10, 9, 9, 11, 11, 10, 9, 10, 9, 11, 9, 10, 10, 10, 10, 10, 9, 10, 11, 8, 12, 10, 10, 11, 10, 8, 7, 11, 9, 10, 13, 10, 10, 9, 11, 9, 10, 9, 8, 10, 8, 11, 10, 10, 10, 9, 10, 11, 10, 10, 10, 11, 10, 9, 11, 11, 10, 10, 8, 10, 9, 12, 10, 10, 12, 10, 12, 10, 10, 11, 10, 10, 10, 10, 12, 10, 11, 12, 9, 9, 10, 11, 8, 10, 11, 10, 11, 11, 11, 13, 12, 10, 10, 10, 12, 8, 10, 10, 10, 10, 9, 9, 12, 11, 11, 12, 10, 10, 9, 9, 8, 10, 11, 9, 9, 10, 9, 10, 9, 11, 10, 11, 10, 11, 9, 11, 10, 9, 12, 9, 10]"
20,5,72,70,22,3.27272727272727,3.18181818181818,400,"[12, 10, 9, 10, 10, 10, 9, 10, 9, 11, 10, 10, 9, 9, 11, 10, 9, 10, 8, 10, 10, 11, 10, 11, 9, 10, 11, 9, 9, 11, 10, 11, 10, 12, 11, 9, 11, 9, 11, 10, 10, 10, 10, 10, 10, 10, 8, 9, 11, 11, 9, 11, 10, 9, 9, 9, 9, 10, 10, 10, 11, 9, 11, 12, 12, 11, 10, 10, 11, 9, 12, 10, 8, 9, 10, 8, 10, 11, 10, 10, 8, 8, 8, 11, 12, 10, 10, 9, 11, 10, 9, 10, 10, 10, 11, 9, 12, 10, 12, 10, 11, 9, 9, 11, 11, 9, 10, 11, 11, 9, 9, 11, 10, 12, 11, 9, 10, 10, 10, 11, 12, 11, 10, 12, 11, 10, 10, 9, 9, 9, 9, 9, 9, 9, 11, 11, 10, 9, 10, 10, 10, 9, 9, 10, 9, 10, 11, 11, 10, 10, 11, 10, 10, 10, 11, 8, 9, 11, 11, 10, 7, 10, 9, 10, 10, 8, 10, 12, 7, 9, 11, 11, 11, 10, 10, 9, 10, 12, 11, 9, 9, 11, 11, 10, 10, 10, 11, 10, 9, 10, 10, 10, 9, 12, 9, 9, 10, 10, 10, 8, 8, 8, 11, 11, 10, 11, 11, 11, 11, 9, 11, 11, 10, 10, 8, 10, 9, 11, 12, 10, 11, 11, 11, 9, 10, 9, 10, 11, 10, 10, 10, 10, 11, 11, 10, 8, 12, 10, 10, 9, 11, 9, 10, 12, 9, 10, 10, 10, 10, 10, 10, 9, 10, 9, 10, 10, 9, 12, 10, 11, 11, 9, 11, 11, 11, 10, 10, 12, 10, 10, 10, 9, 10, 11, 11, 11, 9, 11, 9, 8, 9, 11, 9, 8, 10, 11, 9, 10, 9, 9, 10, 9, 9, 9, 9, 10, 10, 8, 12, 9, 10, 10, 11, 10, 7, 10, 9, 10, 12, 9, 10, 11, 8, 10, 10, 10, 11, 9, 10, 11, 11, 9, 9, 10, 9, 9, 10, 8, 10, 10, 9, 12, 9, 9, 10, 11, 9, 10, 11, 10, 11, 9, 11, 8, 10, 10, 10, 10, 10, 11, 9, 10, 10, 11, 11, 11, 9, 10, 9, 9, 12, 11, 8, 10, 10, 8, 11, 12, 11, 10, 9, 11, 9, 10, 11, 10, 10, 8, 8, 9, 9, 9, 10, 11, 10, 10, 11, 10, 10, 11, 9, 10, 11, 10, 10, 10, 11, 11, 9, 8]"
20,5,138,120,31,4.45161290322581,3.87096774193548,400,"[8, 11, 9, 9, 10, 10, 10, 9, 11, 9, 9, 10, 10, 12, 10, 9, 9, 9, 9, 9, 11, 10, 10, 11, 10, 11, 10, 11, 9, 11, 10, 10, 10, 10, 9, 10, 8, 11, 12, 9, 8, 10, 10, 9, 10, 10, 11, 11, 11, 10, 10, 10, 10, 11, 11, 10, 10, 10, 11, 9, 11, 10, 11, 10, 10, 12, 10, 9, 9, 10, 10, 9, 10, 11, 11, 10, 11, 9, 12, 11, 11, 11, 11, 10, 9, 10, 10, 10, 11, 10, 10, 11, 10, 10, 12, 9, 11, 8, 9, 9, 12, 10, 11, 10, 10, 10, 10, 9, 11, 11, 9, 8, 11, 11, 10, 12, 12, 9, 9, 10, 9, 12, 10, 9, 11, 9, 9, 11, 10, 11, 8, 11, 9, 8, 11, 9, 10, 12, 10, 11, 12, 10, 9, 10, 11, 10, 11, 10, 10, 9, 10, 9, 11, 10, 9, 12, 10, 10, 10, 10, 12, 9, 10, 9, 9, 12, 9, 10, 7, 11, 12, 9, 11, 11, 10, 7, 8, 10, 10, 9, 10, 10, 9, 10, 10, 7, 10, 12, 12, 10, 9, 10, 11, 11, 9, 8, 9, 8, 8, 10, 10, 11, 10, 11, 11, 11, 9, 12, 11, 12, 8, 10, 10, 11, 9, 10, 10, 10, 10, 10, 10, 10, 9, 10, 9, 11, 11, 10, 10, 9, 10, 10, 10, 10, 11, 10, 8, 10, 10, 11, 8, 11, 9, 9, 10, 11, 12, 10, 10, 11, 9, 9, 10, 10, 10, 9, 10, 10, 10, 11, 10, 10, 12, 9, 10, 10, 9, 9, 9, 8, 13, 12, 11, 12, 11, 11, 10, 11, 9, 8, 9, 9, 10, 10, 11, 11, 9, 11, 10, 10, 10, 11, 9, 9, 8, 11, 10, 9, 11, 10, 10, 9, 11, 9, 9, 9, 10, 9, 9, 10, 9, 7, 9, 8, 8, 10, 11, 9, 12, 11, 11, 10, 10, 11, 11, 11, 9, 9, 9, 10, 10, 11, 11, 10, 11, 10, 8, 10, 9, 9, 9, 10, 10, 11, 11, 11, 11, 10, 10, 11, 10, 10, 8, 8, 11, 10, 10, 10, 10, 12, 12, 11, 11, 9, 8, 9, 10, 11, 10, 9, 11, 10, 10, 8, 9, 10, 11, 11, 11, 10, 10, 10, 12, 11, 10, 11, 10, 10, 9, 10, 10, 10, 10, 10, 10, 8, 11, 10, 9, 9]"
20,5,157,127,39,4.02564102564103,3.25641025641026,400,"[12, 9, 12, 9, 9, 12, 10, 12, 10, 11, 11, 10, 10, 10, 11, 9, 10, 11, 10, 12, 8, 9, 9, 11, 10, 11, 10, 11, 10, 10, 10, 10, 10, 8, 11, 11, 9, 10, 10, 9, 10, 11, 11, 9, 10, 12, 10, 11, 10, 10, 11, 10, 10, 8, 11, 9, 10, 9, 9, 11, 10, 10, 10, 11, 10, 9, 10, 11, 12, 10, 9, 10, 11, 11, 11, 10, 8, 10, 10, 8, 12, 10, 10, 9, 10, 11, 10, 9, 11, 11, 9, 9, 10, 10, 11, 10, 9, 12, 10, 10, 10, 8, 13, 9, 10, 11, 10, 13, 9, 10, 10, 10, 10, 9, 11, 11, 7, 10, 12, 10, 8, 11, 12, 14, 10, 11, 10, 12, 8, 11, 10, 10, 9, 9, 9, 8, 10, 9, 9, 11, 11, 7, 10, 10, 10, 10, 9, 9, 11, 9, 9, 10, 9, 11, 11, 9, 10, 8, 9, 10, 10, 10, 10, 10, 8, 11, 10, 10, 11, 9, 10, 9, 12, 9, 10, 8, 11, 9, 11, 10, 11, 8, 8, 9, 11, 11, 11, 8, 10, 10, 12, 9, 9, 10, 10, 11, 9, 11, 10, 11, 10, 11, 10, 9, 12, 10, 10, 10, 11, 10, 11, 9, 11, 11, 9, 10, 10, 10, 11, 9, 9, 9, 12, 10, 11, 10, 11, 9, 8, 10, 12, 10, 9, 11, 10, 11, 10, 10, 11, 10, 9, 10, 10, 8, 9, 9, 12, 9, 10, 9, 11, 10, 10, 8, 10, 11, 11, 9, 9, 8, 11, 8, 11, 9, 10, 9, 9, 10, 12, 11, 12, 9, 10, 10, 10, 12, 9, 10, 11, 10, 10, 8, 11, 9, 8, 10, 11, 11, 9, 11, 9, 11, 11, 11, 10, 11, 10, 10, 10, 10, 10, 10, 11, 11, 9, 9, 10, 11, 9, 9, 10, 12, 10, 11, 10, 10, 8, 10, 11, 9, 10, 9, 10, 9, 10, 10, 10, 11, 11, 10, 9, 10, 10, 11, 13, 10, 12, 11, 9, 9, 11, 10, 10, 11, 12, 10, 12, 10, 11, 11, 12, 9, 10, 11, 10, 11, 10, 10, 9, 9, 11, 12, 11, 10, 9, 9, 10, 10, 10, 10, 10, 10, 10, 10, 12, 10, 9, 10, 8, 11, 11, 11, 9, 11, 9, 9, 9, 12, 9, 11, 11, 11, 9, 9, 9, 9, 12, 9, 10, 10]"
20,5,70,68,20,3.5,3.4,400,"[12, 10, 10, 11, 12, 9, 9, 10, 10, 9, 9, 10, 9, 9, 10, 10, 11, 10, 9, 10, 9, 11, 12, 10, 9, 10, 11, 12, 11, 9, 9, 10, 11, 12, 9, 9, 9, 10, 9, 11, 10, 9, 11, 10, 11, 11, 9, 10, 8, 11, 11, 10, 9, 11, 11, 10, 10, 10, 10, 11, 10, 9, 10, 10, 10, 11, 8, 10, 11, 10, 10, 11, 10, 8, 9, 10, 10, 11, 11, 10, 9, 8, 8, 10, 11, 10, 10, 11, 11, 10, 10, 10, 9, 10, 9, 11, 12, 10, 9, 10, 12, 10, 9, 10, 10, 8, 11, 12, 9, 11, 12, 10, 10, 11, 11, 11, 9, 8, 8, 9, 8, 9, 10, 10, 11, 11, 10, 9, 9, 7, 10, 9, 9, 9, 9, 10, 8, 9, 9, 9, 9, 11, 10, 10, 9, 9, 9, 9, 11, 11, 10, 10, 7, 11, 11, 12, 11, 10, 11, 10, 10, 10, 7, 8, 8, 9, 9, 10, 13, 10, 9, 10, 9, 12, 10, 9, 12, 10, 11, 10, 9, 12, 10, 9, 9, 10, 9, 9, 10, 10, 10, 8, 11, 8, 8, 11, 11, 9, 11, 10, 11, 12, 11, 11, 8, 12, 8, 11, 10, 10, 10, 10, 11, 9, 10, 10, 10, 9, 11, 9, 11, 11, 9, 10, 9, 11, 11, 9, 11, 10, 9, 10, 10, 9, 10, 10, 12, 10, 10, 8, 10, 9, 8, 9, 10, 9, 11, 11, 11, 11, 9, 10, 10, 10, 11, 10, 10, 10, 8, 9, 11, 12, 11, 9, 11, 9, 9, 10, 9, 11, 12, 11, 9, 10, 11, 9, 10, 11, 9, 9, 11, 9, 10, 12, 10, 11, 10, 11, 10, 10, 9, 11, 12, 11, 10, 8, 9, 10, 10, 8, 10, 11, 10, 10, 9, 11, 10, 9, 10, 11, 11, 11, 11, 9, 10, 8, 10, 11, 11, 8, 7, 9, 9, 11, 9, 10, 10, 10, 10, 9, 11, 10, 9, 9, 10, 10, 10, 10, 11, 9, 9, 11, 10, 11, 9, 10, 11, 10, 10, 9, 10, 10, 10, 9, 10, 10, 11, 10, 9, 11, 9, 10, 9, 10, 11, 9, 9, 10, 9, 11, 12, 9, 11, 11, 9, 10, 8, 9, 8, 9, 10, 9, 11, 11, 9, 9, 10, 8, 11, 11, 8, 10, 10, 11, 9, 10, 10, 11, 11, 8]"
20,5,159,139,32,4.96875,4.34375,400,"[9, 10, 11, 9, 10, 11, 9, 9, 9, 9, 9, 10, 12, 11, 10, 11, 12, 9, 10, 12, 10, 9, 12, 9, 9, 10, 9, 9, 9, 10, 10, 9, 10, 11, 12, 9, 9, 13, 10, 9, 10, 9, 9, 11, 8, 11, 8, 10, 10, 10, 10, 10, 9, 9, 11, 11, 11, 11, 8, 10, 10, 11, 9, 10, 9, 9, 10, 10, 10, 11, 10, 9, 11, 11, 8, 9, 10, 12, 10, 12, 11, 10, 10, 11, 9, 10, 9, 8, 10, 9, 12, 9, 11, 11, 11, 10, 10, 10, 11, 11, 10, 10, 13, 11, 9, 12, 10, 8, 10, 11, 10, 10, 10, 9, 11, 12, 9, 10, 10, 9, 8, 10, 10, 11, 8, 10, 10, 11, 8, 10, 8, 10, 9, 10, 12, 10, 10, 11, 10, 9, 10, 9, 8, 11, 11, 10, 10, 12, 12, 11, 10, 10, 9, 9, 11, 12, 12, 10, 10, 10, 9, 10, 9, 10, 9, 9, 10, 10, 10, 10, 10, 9, 10, 10, 9, 10, 11, 9, 9, 10, 11, 9, 11, 10, 10, 10, 9, 8, 10, 10, 9, 10, 10, 10, 10, 9, 9, 9, 11, 10, 11, 10, 8, 10, 9, 10, 9, 10, 8, 9, 10, 9, 11, 9, 9, 9, 11, 10, 11, 9, 10, 12, 10, 11, 11, 10, 9, 9, 12, 9, 10, 9, 9, 11, 10, 12, 7, 10, 12, 8, 10, 9, 11, 10, 12, 10, 11, 9, 9, 11, 9, 11, 10, 11, 9, 11, 11, 10, 9, 11, 12, 11, 11, 11, 11, 7, 10, 10, 11, 9, 9, 9, 12, 10, 8, 12, 9, 10, 10, 12, 9, 10, 10, 10, 9, 9, 11, 10, 11, 10, 12, 10, 11, 10, 9, 11, 9, 9, 11, 9, 9, 11, 9, 9, 9, 10, 12, 12, 10, 9, 8, 10, 11, 9, 9, 11, 10, 12, 7, 8, 10, 9, 11, 10, 10, 10, 10, 10, 8, 11, 10, 10, 10, 12, 11, 10, 10, 10, 9, 9, 11, 9, 9, 11, 9, 10, 9, 8, 10, 10, 11, 10, 8, 8, 11, 11, 9, 11, 11, 9, 8, 9, 12, 11, 9, 10, 11, 10, 9, 9, 11, 11, 10, 11, 12, 10, 9, 9, 10, 12, 9, 9, 9, 10, 9, 10, 9, 10, 11, 10, 9, 9, 11, 10, 11, 11, 11, 9, 9, 9]"
20,5,92,84,30,3.06666666666667,2.8,400,"[9, 9, 9, 12, 9, 10, 11, 10, 9, 10, 11, 11, 11, 10, 8, 10, 10, 11, 11, 8, 10, 9, 10, 10, 12, 10, 11, 9, 9, 10, 11, 11, 10, 11, 9, 10, 10, 11, 11, 11, 10, 11, 10, 10, 9, 10, 11, 9, 9, 9, 8, 10, 9, 9, 9, 9, 9, 10, 9, 10, 10, 10, 8, 11, 9, 10, 10, 11, 12, 9, 9, 8, 9, 10, 10, 11, 9, 11, 10, 9, 10, 10, 11, 11, 10, 9, 9, 9, 11, 10, 10, 10, 10, 11, 10, 9, 10, 9, 9, 11, 9, 9, 8, 10, 10, 8, 11, 10, 10, 11, 11, 11, 10, 11, 9, 10, 11, 10, 12, 9, 11, 11, 12, 10, 10, 11, 10, 12, 9, 10, 9, 10, 11, 10, 10, 10, 10, 10, 8, 10, 11, 11, 11, 11, 11, 11, 10, 10, 11, 11, 10, 10, 11, 10, 10, 10, 11, 9, 8, 11, 12, 10, 11, 10, 11, 9, 10, 11, 8, 9, 10, 12, 10, 10, 10, 9, 9, 11, 11, 9, 8, 9, 10, 12, 8, 9, 11, 11, 8, 12, 11, 12, 9, 12, 10, 10, 12, 10, 9, 9, 9, 9, 9, 10, 11, 9, 10, 8, 12, 10, 9, 9, 11, 9, 9, 11, 10, 9, 11, 11, 11, 8, 10, 11, 10, 10, 10, 8, 11, 10, 9, 11, 10, 11, 12, 11, 10, 10, 10, 9, 11, 10, 12, 11, 10, 9, 10, 9, 10, 9, 10, 10, 10, 10, 9, 11, 10, 10, 10, 10, 10, 12, 10, 10, 8, 11, 11, 10, 9, 9, 11, 11, 11, 10, 11, 12, 9, 10, 11, 8, 9, 12, 12, 9, 9, 10, 8, 12, 11, 8, 10, 9, 9, 10, 11, 10, 9, 9, 10, 10, 11, 8, 11, 11, 10, 10, 11, 11, 11, 11, 10, 11, 7, 7, 10, 10, 9, 10, 9, 10, 9, 9, 10, 8, 11, 10, 11, 11, 10, 10, 12, 9, 11, 12, 11, 10, 11, 10, 8, 11, 12, 10, 11, 11, 10, 10, 11, 9, 10, 11, 10, 10, 10, 10, 9, 9, 12, 12, 10, 11, 9, 9, 9, 11, 8, 11, 11, 9, 9, 11, 11, 10, 12, 10, 8, 11, 11, 11, 9, 9, 8, 10, 9, 10, 12, 12, 10, 10, 9, 11, 9, 9, 11, 10, 9, 10, 9, 10, 9, 9]"
20,5,160,134,28,5.71428571428571,4.78571428571429,400,"[11, 9, 10, 11, 11, 9, 9, 11, 10, 10, 9, 10, 11, 12, 11, 10, 12, 10, 10, 12, 11, 11, 9, 11, 8, 10, 10, 10, 10, 8, 11, 12, 9, 9, 11, 10, 10, 11, 9, 11, 10, 9, 9, 10, 12, 10, 10, 11, 10, 9, 9, 10, 10, 12, 10, 11, 10, 10, 9, 9, 9, 11, 8, 10, 8, 11, 13, 13, 12, 10, 10, 11, 8, 10, 9, 10, 9, 10, 10, 9, 9, 9, 11, 10, 9, 12, 9, 11, 9, 9, 11, 12, 10, 10, 9, 11, 10, 9, 9, 10, 10, 9, 12, 9, 9, 12, 10, 11, 11, 9, 10, 10, 9, 9, 9, 9, 10, 10, 10, 10, 11, 10, 9, 10, 11, 10, 9, 9, 13, 9, 11, 10, 10, 10, 9, 9, 9, 10, 11, 10, 11, 10, 10, 11, 9, 11, 9, 10, 10, 9, 9, 9, 10, 10, 10, 10, 10, 11, 10, 10, 10, 9, 9, 10, 11, 9, 11, 11, 11, 10, 10, 9, 10, 9, 11, 9, 12, 10, 11, 9, 11, 10, 11, 9, 12, 10, 11, 11, 11, 12, 9, 9, 11, 10, 8, 10, 10, 12, 9, 9, 9, 10, 11, 8, 11, 9, 10, 9, 10, 10, 11, 10, 10, 9, 9, 9, 8, 11, 10, 8, 9, 12, 11, 10, 9, 9, 11, 12, 9, 10, 8, 8, 11, 9, 10, 11, 12, 9, 11, 9, 11, 10, 10, 10, 12, 10, 10, 10, 9, 12, 10, 12, 11, 10, 10, 10, 10, 10, 10, 9, 10, 10, 10, 9, 11, 9, 10, 8, 10, 10, 12, 9, 10, 10, 11, 11, 10, 11, 9, 10, 10, 9, 9, 10, 8, 10, 9, 9, 8, 9, 9, 8, 10, 10, 10, 10, 8, 9, 10, 10, 11, 11, 8, 11, 9, 10, 9, 10, 10, 11, 9, 11, 8, 11, 11, 12, 11, 10, 12, 9, 10, 11, 11, 9, 9, 11, 10, 9, 12, 10, 10, 8, 10, 12, 10, 11, 10, 10, 10, 10, 9, 8, 10, 10, 9, 10, 11, 8, 9, 11, 9, 10, 11, 11, 9, 8, 9, 11, 11, 10, 9, 10, 8, 9, 10, 9, 7, 12, 10, 9, 10, 10, 11, 12, 9, 9, 10, 9, 10, 9, 9, 11, 10, 11, 11, 11, 11, 9, 9, 10, 9, 9, 10, 9, 10, 11, 11, 11, 9, 12]"
20,5,132,120,29,4.55172413793104,4.13793103448276,400,"[9, 12, 12, 10, 10, 9, 10, 10, 9, 11, 10, 9, 10, 10, 10, 10, 10, 10, 10, 8, 10, 10, 11, 11, 9, 11, 11, 9, 10, 11, 10, 10, 8, 11, 9, 8, 10, 11, 10, 9, 9, 10, 8, 9, 10, 10, 11, 10, 9, 8, 9, 9, 12, 10, 10, 8, 11, 12, 10, 9, 11, 11, 12, 9, 10, 10, 11, 12, 11, 12, 10, 9, 10, 9, 11, 10, 10, 10, 9, 11, 10, 12, 10, 10, 9, 10, 8, 11, 9, 11, 10, 8, 11, 9, 9, 9, 10, 11, 11, 11, 10, 10, 10, 9, 8, 10, 10, 9, 11, 10, 10, 7, 12, 9, 9, 9, 10, 10, 12, 11, 9, 11, 11, 11, 9, 10, 9, 9, 9, 11, 9, 10, 10, 9, 12, 9, 10, 11, 11, 10, 9, 9, 9, 10, 11, 9, 10, 9, 10, 10, 10, 11, 9, 11, 9, 11, 11, 9, 11, 11, 10, 8, 11, 11, 9, 9, 9, 11, 12, 11, 10, 14, 11, 10, 9, 10, 10, 9, 12, 9, 11, 10, 8, 11, 10, 9, 9, 10, 8, 10, 9, 11, 10, 9, 10, 11, 9, 13, 11, 10, 11, 9, 10, 10, 11, 11, 10, 10, 11, 12, 11, 10, 9, 10, 8, 10, 10, 11, 10, 9, 10, 10, 9, 10, 9, 12, 11, 9, 8, 8, 9, 9, 10, 10, 11, 9, 11, 9, 11, 11, 10, 8, 9, 10, 9, 9, 9, 10, 12, 10, 10, 10, 9, 9, 9, 10, 11, 11, 12, 9, 10, 11, 11, 11, 10, 11, 11, 10, 10, 9, 10, 10, 11, 10, 9, 11, 10, 8, 10, 11, 9, 11, 11, 8, 10, 11, 9, 9, 9, 11, 9, 10, 10, 11, 10, 10, 11, 11, 11, 9, 11, 11, 10, 10, 10, 10, 9, 8, 10, 10, 9, 10, 9, 11, 9, 10, 9, 9, 12, 11, 10, 10, 10, 11, 9, 11, 8, 10, 12, 10, 10, 12, 12, 10, 9, 10, 11, 10, 11, 10, 11, 8, 10, 11, 9, 9, 10, 9, 9, 10, 10, 10, 11, 11, 11, 10, 9, 10, 9, 10, 11, 11, 10, 10, 10, 8, 8, 10, 10, 9, 11, 11, 9, 10, 9, 10, 11, 9, 10, 10, 12, 9, 10, 10, 11, 10, 11, 10, 11, 12, 9, 9, 10, 9, 8, 11, 9, 10, 10, 10]"
20,5,83,77,15,5.533333333333333,5.133333333333334,400,"[10, 9, 9, 10, 11, 11, 9, 9, 11, 11, 10, 10, 11, 10, 10, 11, 9, 11, 10, 9, 8, 10, 9, 12, 11, 9, 10, 9, 11, 10, 11, 13, 8, 10, 8, 10, 10, 8, 10, 11, 12, 10, 12, 8, 9, 12, 9, 10, 12, 8, 11, 10, 9, 10, 11, 10, 9, 10, 9, 9, 10, 9, 10, 11, 11, 12, 11, 10, 9, 11, 9, 11, 10, 10, 9, 10, 10, 9, 9, 10, 11, 10, 11, 10, 10, 10, 11, 10, 11, 10, 9, 10, 10, 11, 10, 10, 9, 10, 10, 10, 9, 10, 10, 11, 11, 11, 8, 8, 11, 10, 11, 11, 10, 10, 8, 10, 10, 9, 11, 10, 13, 10, 10, 9, 9, 9, 10, 12, 9, 11, 10, 11, 9, 11, 10, 13, 8, 10, 10, 10, 10, 10, 9, 9, 10, 12, 12, 11, 9, 10, 10, 9, 12, 12, 11, 11, 9, 10, 10, 10, 11, 10, 10, 10, 10, 10, 10, 10, 9, 9, 11, 11, 10, 12, 11, 12, 11, 10, 12, 9, 10, 9, 11, 11, 10, 9, 11, 10, 10, 10, 9, 10, 10, 10, 10, 9, 9, 9, 10, 11, 10, 9, 10, 10, 11, 10, 9, 10, 12, 8, 10, 10, 11, 11, 11, 10, 10, 11, 11, 9, 10, 8, 11, 9, 11, 11, 10, 9, 11, 9, 9, 9, 9, 9, 12, 11, 12, 9, 10, 10, 10, 11, 9, 11, 9, 10, 8, 11, 10, 10, 10, 9, 10, 10, 10, 9, 10, 11, 10, 8, 9, 10, 9, 9, 11, 11, 9, 11, 10, 12, 9, 9, 11, 9, 10, 10, 9, 9, 11, 11, 10, 10, 8, 10, 10, 12, 11, 10, 8, 9, 11, 10, 10, 9, 12, 12, 8, 9, 12, 10, 9, 9, 8, 10, 10, 10, 10, 11, 9, 9, 9, 11, 12, 10, 10, 10, 11, 9, 11, 10, 9, 11, 9, 9, 10, 11, 10, 9, 10, 9, 9, 9, 10, 10, 9, 10, 11, 11, 11, 11, 11, 8, 8, 10, 11, 12, 10, 9, 11, 9, 12, 11, 11, 11, 11, 10, 8, 9, 10, 9, 11, 9, 11, 9, 9, 8, 10, 11, 12, 7, 9, 11, 10, 12, 10, 11, 10, 12, 11, 11, 10, 12, 10, 10, 10, 10, 9, 9, 10, 11, 9, 11, 9, 11, 11, 9, 10, 11, 11, 9]"
20,5,81,63,19,4.2631578947368425,3.3157894736842106,400,"[10, 8, 11, 10, 9, 9, 12, 10, 10, 13, 9, 10, 8, 11, 9, 11, 10, 9, 8, 9, 13, 11, 10, 11, 8, 10, 9, 9, 9, 10, 10, 11, 11, 10, 10, 12, 11, 10, 9, 11, 11, 9, 10, 9, 11, 9, 11, 9, 10, 11, 11, 11, 11, 11, 9, 9, 10, 10, 9, 11, 10, 10, 11, 9, 9, 10, 8, 10, 11, 10, 10, 10, 8, 8, 10, 10, 10, 11, 10, 10, 11, 9, 9, 9, 8, 9, 10, 10, 10, 11, 11, 9, 10, 10, 9, 10, 11, 10, 11, 8, 10, 12, 11, 8, 11, 11, 11, 10, 11, 9, 10, 11, 9, 9, 10, 9, 11, 10, 10, 10, 10, 10, 9, 10, 9, 9, 9, 9, 9, 12, 10, 11, 10, 10, 11, 11, 9, 10, 10, 10, 10, 10, 10, 11, 9, 10, 9, 10, 8, 10, 11, 10, 11, 10, 9, 11, 11, 8, 10, 12, 12, 9, 10, 9, 11, 10, 8, 9, 9, 9, 11, 10, 9, 10, 8, 10, 11, 10, 10, 10, 11, 9, 10, 10, 9, 10, 10, 11, 8, 11, 11, 9, 9, 12, 10, 11, 11, 9, 8, 10, 10, 11, 10, 10, 11, 11, 10, 11, 11, 12, 11, 10, 11, 11, 9, 10, 10, 9, 11, 12, 11, 10, 10, 9, 12, 10, 8, 10, 9, 11, 11, 10, 10, 9, 12, 11, 10, 10, 10, 10, 10, 11, 10, 10, 10, 11, 10, 9, 10, 9, 11, 10, 9, 10, 10, 11, 10, 10, 9, 10, 10, 9, 8, 11, 9, 9, 11, 10, 11, 10, 11, 10, 12, 10, 12, 12, 10, 11, 10, 10, 11, 12, 10, 10, 10, 11, 11, 11, 10, 10, 9, 9, 11, 10, 9, 9, 9, 11, 9, 11, 10, 8, 10, 9, 11, 9, 11, 9, 10, 11, 9, 9, 11, 11, 9, 10, 10, 8, 8, 10, 9, 11, 10, 10, 9, 9, 10, 11, 11, 9, 10, 10, 11, 9, 10, 11, 12, 11, 9, 10, 7, 9, 10, 9, 9, 12, 10, 10, 10, 9, 10, 9, 9, 11, 10, 11, 10, 10, 9, 10, 9, 10, 12, 10, 10, 11, 9, 11, 9, 11, 10, 10, 10, 10, 9, 10, 9, 10, 11, 10, 9, 10, 10, 10, 11, 10, 9, 9, 10, 10, 11, 11, 10, 11, 11, 10, 11, 11, 11, 9]"
20,5,101,95,25,4.04,3.8,400,"[10, 10, 9, 11, 9, 11, 10, 10, 10, 10, 10, 11, 10, 11, 11, 11, 9, 9, 8, 9, 11, 8, 11, 7, 11, 10, 9, 11, 10, 10, 11, 10, 9, 11, 10, 9, 10, 10, 10, 11, 9, 9, 12, 11, 10, 9, 11, 8, 9, 11, 10, 11, 10, 10, 11, 10, 9, 12, 9, 11, 9, 9, 10, 10, 10, 9, 11, 9, 11, 11, 10, 8, 8, 12, 9, 10, 9, 9, 8, 10, 11, 10, 12, 10, 10, 12, 8, 10, 11, 10, 11, 10, 10, 10, 9, 9, 10, 10, 10, 9, 9, 9, 11, 11, 11, 9, 9, 8, 10, 9, 9, 8, 11, 9, 9, 10, 13, 10, 12, 11, 10, 9, 12, 11, 10, 10, 11, 9, 10, 10, 9, 12, 9, 10, 9, 9, 9, 9, 10, 10, 10, 9, 10, 10, 10, 9, 10, 11, 11, 10, 11, 9, 9, 11, 12, 11, 10, 10, 9, 11, 9, 8, 8, 9, 9, 8, 9, 10, 11, 9, 10, 11, 10, 9, 9, 11, 11, 8, 11, 10, 10, 9, 8, 11, 11, 12, 10, 12, 12, 11, 10, 9, 11, 10, 10, 10, 11, 10, 10, 9, 9, 10, 12, 9, 9, 10, 10, 8, 9, 10, 9, 10, 11, 11, 10, 10, 11, 10, 11, 9, 10, 11, 8, 11, 12, 11, 9, 11, 9, 10, 9, 10, 10, 9, 9, 10, 9, 9, 9, 12, 10, 11, 10, 9, 11, 10, 11, 9, 10, 12, 11, 10, 10, 10, 10, 11, 9, 10, 11, 10, 10, 10, 11, 9, 9, 10, 11, 10, 9, 11, 11, 10, 11, 10, 9, 10, 9, 10, 9, 8, 8, 11, 9, 10, 11, 10, 11, 9, 11, 10, 8, 9, 9, 10, 11, 10, 9, 11, 12, 11, 10, 10, 10, 10, 11, 9, 9, 9, 12, 11, 10, 9, 11, 10, 9, 9, 10, 9, 9, 11, 11, 8, 10, 9, 9, 8, 10, 11, 11, 12, 9, 11, 9, 11, 11, 9, 9, 10, 11, 9, 11, 10, 11, 9, 12, 9, 10, 10, 9, 9, 10, 12, 11, 9, 10, 11, 8, 11, 9, 10, 11, 10, 10, 11, 9, 9, 10, 9, 12, 10, 10, 8, 12, 9, 9, 10, 10, 10, 9, 11, 9, 11, 9, 11, 11, 10, 9, 10, 9, 11, 10, 10, 8, 10, 10, 9, 9, 11, 8, 12]"
20,5,127,113,29,4.379310344827586,3.896551724137931,400,"[11, 9, 12, 10, 10, 12, 9, 9, 9, 10, 10, 10, 10, 10, 8, 10, 10, 10, 10, 10, 10, 10, 11, 10, 11, 10, 10, 12, 10, 11, 9, 10, 9, 11, 9, 10, 9, 11, 10, 10, 9, 9, 10, 10, 12, 10, 11, 9, 8, 10, 9, 11, 10, 11, 10, 10, 10, 13, 9, 10, 12, 12, 11, 10, 10, 9, 11, 9, 11, 10, 10, 11, 10, 9, 11, 10, 11, 10, 9, 11, 10, 11, 9, 10, 11, 9, 10, 8, 11, 10, 11, 11, 9, 10, 11, 11, 9, 11, 11, 10, 8, 9, 12, 10, 9, 11, 11, 9, 10, 11, 9, 12, 12, 11, 8, 9, 10, 12, 10, 11, 9, 11, 10, 10, 11, 9, 9, 10, 12, 10, 11, 11, 11, 9, 9, 11, 7, 11, 9, 11, 10, 12, 9, 10, 9, 9, 11, 9, 10, 10, 9, 10, 10, 9, 10, 10, 10, 10, 9, 10, 7, 9, 11, 10, 10, 9, 11, 11, 8, 11, 10, 11, 10, 10, 10, 10, 7, 11, 9, 11, 10, 11, 11, 11, 10, 10, 9, 10, 11, 9, 11, 9, 7, 9, 10, 9, 10, 10, 10, 10, 11, 10, 9, 12, 11, 9, 11, 10, 8, 11, 10, 10, 8, 10, 10, 10, 10, 10, 10, 12, 9, 10, 10, 10, 10, 10, 10, 9, 10, 11, 9, 11, 8, 9, 10, 11, 11, 9, 9, 11, 11, 9, 9, 11, 8, 10, 11, 11, 10, 8, 10, 11, 10, 9, 11, 10, 11, 12, 9, 12, 8, 10, 11, 10, 10, 9, 10, 9, 9, 11, 10, 12, 10, 12, 10, 10, 9, 12, 10, 10, 10, 9, 9, 9, 10, 10, 9, 10, 10, 11, 9, 10, 10, 9, 9, 10, 10, 10, 10, 10, 10, 10, 11, 10, 8, 11, 11, 11, 9, 10, 11, 8, 9, 9, 10, 10, 9, 10, 10, 10, 7, 9, 12, 9, 9, 10, 10, 10, 8, 9, 10, 10, 10, 8, 10, 9, 12, 10, 10, 8, 10, 9, 10, 10, 9, 9, 11, 12, 9, 9, 8, 10, 11, 9, 10, 9, 10, 11, 11, 8, 8, 9, 9, 12, 11, 9, 10, 9, 9, 10, 9, 11, 10, 11, 11, 10, 12, 10, 10, 9, 9, 11, 10, 12, 9, 8, 10, 12, 11, 10, 9, 10, 8, 9, 10, 11, 10, 10, 11, 10]"
20,5,129,107,31,4.161290322580645,3.4516129032258065,400,"[10, 13, 11, 11, 11, 10, 11, 8, 11, 11, 10, 10, 10, 11, 10, 9, 11, 9, 11, 9, 10, 10, 9, 10, 9, 10, 10, 9, 10, 10, 11, 9, 10, 10, 9, 9, 9, 10, 13, 10, 9, 12, 11, 11, 12, 9, 11, 10, 9, 11, 10, 10, 12, 12, 9, 10, 10, 11, 9, 11, 10, 10, 12, 13, 10, 12, 12, 10, 10, 12, 10, 9, 10, 10, 12, 10, 9, 8, 9, 10, 10, 11, 10, 10, 8, 12, 11, 10, 11, 11, 10, 10, 9, 9, 10, 11, 11, 10, 10, 10, 10, 9, 13, 10, 9, 9, 10, 9, 10, 11, 11, 10, 11, 11, 10, 9, 8, 10, 10, 10, 10, 11, 11, 10, 12, 8, 9, 10, 9, 10, 10, 11, 9, 10, 12, 8, 9, 11, 10, 9, 9, 11, 8, 10, 8, 10, 10, 10, 10, 11, 10, 10, 11, 7, 11, 11, 11, 9, 10, 11, 10, 11, 12, 10, 9, 10, 10, 10, 10, 10, 10, 9, 11, 10, 10, 12, 10, 10, 9, 10, 10, 11, 11, 10, 8, 10, 11, 10, 10, 10, 8, 9, 10, 9, 9, 10, 9, 13, 9, 10, 11, 11, 11, 12, 12, 10, 10, 11, 9, 8, 12, 11, 11, 11, 9, 9, 9, 11, 9, 10, 11, 10, 11, 11, 10, 10, 9, 9, 10, 8, 10, 10, 9, 10, 10, 11, 11, 10, 10, 10, 9, 11, 13, 10, 11, 9, 10, 9, 9, 12, 9, 11, 9, 10, 9, 10, 9, 12, 9, 12, 9, 9, 11, 11, 12, 9, 10, 11, 10, 10, 10, 9, 10, 10, 11, 10, 11, 9, 9, 9, 10, 10, 9, 10, 10, 8, 10, 8, 9, 11, 12, 12, 11, 10, 10, 10, 10, 11, 10, 12, 11, 9, 10, 11, 11, 10, 11, 10, 13, 10, 8, 10, 10, 11, 11, 9, 10, 10, 10, 12, 11, 8, 10, 11, 9, 11, 9, 8, 12, 11, 10, 9, 9, 10, 9, 9, 10, 11, 10, 10, 9, 11, 10, 8, 10, 10, 9, 11, 9, 10, 9, 9, 12, 9, 9, 9, 10, 9, 9, 10, 10, 11, 11, 9, 10, 12, 11, 9, 11, 9, 10, 10, 11, 9, 10, 10, 10, 11, 9, 10, 11, 9, 8, 12, 12, 10, 10, 11, 9, 10, 10, 10, 10, 11, 10, 9, 10, 13, 10, 8]"
20,5,151,139,28,5.392857142857143,4.964285714285714,400,"[9, 9, 10, 11, 10, 10, 11, 12, 10, 10, 9, 10, 9, 10, 10, 11, 10, 11, 9, 10, 12, 9, 11, 11, 8, 12, 11, 10, 11, 10, 9, 11, 10, 11, 11, 9, 11, 9, 9, 11, 10, 10, 9, 11, 10, 10, 10, 9, 10, 10, 11, 9, 11, 10, 10, 10, 11, 11, 9, 10, 9, 9, 9, 8, 12, 10, 10, 11, 11, 11, 9, 10, 11, 11, 11, 11, 10, 11, 9, 9, 10, 10, 12, 10, 11, 9, 10, 9, 9, 9, 10, 9, 10, 11, 8, 10, 9, 10, 10, 10, 10, 10, 12, 8, 9, 10, 11, 10, 9, 10, 9, 8, 9, 10, 9, 11, 11, 10, 11, 9, 9, 10, 9, 11, 11, 8, 10, 11, 9, 10, 8, 10, 9, 11, 10, 12, 11, 11, 9, 12, 9, 11, 10, 9, 10, 10, 11, 10, 10, 11, 8, 9, 12, 9, 10, 10, 10, 10, 8, 10, 12, 12, 9, 9, 11, 11, 12, 10, 10, 10, 9, 10, 9, 9, 9, 11, 9, 12, 10, 10, 10, 12, 9, 9, 9, 10, 9, 10, 9, 11, 9, 10, 8, 9, 6, 9, 9, 11, 9, 11, 10, 10, 10, 10, 13, 11, 10, 10, 10, 11, 12, 12, 10, 9, 10, 10, 10, 9, 11, 9, 12, 10, 9, 9, 10, 9, 11, 11, 9, 11, 9, 9, 11, 10, 10, 9, 9, 8, 8, 12, 9, 11, 8, 11, 9, 8, 8, 9, 10, 10, 11, 9, 11, 10, 10, 7, 9, 10, 10, 10, 10, 9, 8, 8, 11, 9, 11, 10, 11, 11, 12, 8, 12, 10, 8, 10, 11, 9, 10, 9, 7, 11, 7, 11, 10, 10, 10, 11, 9, 8, 9, 10, 9, 10, 11, 11, 11, 9, 11, 10, 8, 9, 11, 10, 9, 11, 9, 11, 11, 10, 9, 10, 9, 7, 10, 11, 11, 13, 10, 10, 9, 11, 11, 12, 10, 11, 10, 10, 11, 9, 9, 11, 10, 11, 11, 9, 10, 9, 12, 11, 10, 8, 10, 10, 10, 11, 10, 10, 10, 9, 9, 9, 10, 11, 10, 9, 11, 12, 11, 11, 10, 10, 11, 12, 10, 11, 10, 11, 8, 10, 9, 10, 9, 10, 10, 10, 10, 9, 10, 11, 10, 11, 9, 9, 11, 10, 8, 11, 10, 10, 10, 10, 10, 10, 10, 10, 9, 10, 10, 10]"
20,5,174,156,33,5.2727272727272725,4.7272727272727275,400,"[11, 9, 11, 10, 10, 11, 8, 10, 11, 9, 10, 10, 9, 11, 9, 9, 9, 12, 11, 11, 10, 9, 11, 10, 9, 9, 11, 9, 10, 11, 8, 10, 10, 9, 11, 10, 12, 10, 10, 13, 12, 11, 10, 11, 9, 12, 8, 10, 11, 11, 11, 10, 10, 10, 9, 11, 9, 9, 10, 12, 10, 11, 9, 9, 10, 10, 9, 9, 9, 11, 10, 10, 10, 9, 9, 10, 10, 9, 11, 10, 9, 9, 10, 9, 8, 9, 11, 9, 11, 10, 10, 12, 11, 11, 11, 10, 9, 11, 10, 11, 11, 9, 10, 10, 9, 10, 10, 11, 10, 10, 11, 8, 10, 12, 10, 9, 10, 10, 10, 9, 9, 10, 9, 11, 11, 10, 10, 11, 9, 8, 10, 10, 9, 9, 8, 11, 10, 9, 11, 10, 10, 9, 11, 10, 10, 11, 10, 9, 9, 10, 8, 10, 9, 9, 10, 11, 9, 9, 9, 9, 9, 10, 11, 9, 10, 10, 12, 10, 9, 9, 8, 10, 10, 10, 9, 9, 10, 11, 12, 8, 10, 7, 10, 10, 10, 9, 10, 10, 9, 10, 10, 10, 11, 9, 10, 9, 10, 9, 11, 10, 11, 11, 8, 11, 10, 11, 10, 9, 9, 9, 9, 9, 9, 9, 10, 10, 10, 10, 10, 9, 10, 8, 10, 10, 11, 9, 11, 10, 9, 10, 11, 10, 13, 8, 10, 11, 11, 11, 11, 9, 11, 10, 10, 11, 10, 10, 12, 10, 10, 11, 9, 10, 9, 8, 10, 9, 9, 10, 9, 9, 9, 10, 10, 9, 9, 10, 11, 10, 12, 9, 10, 11, 11, 10, 10, 10, 11, 11, 10, 10, 11, 10, 12, 10, 9, 10, 11, 8, 12, 9, 10, 10, 10, 12, 10, 10, 9, 11, 8, 10, 9, 11, 10, 11, 10, 10, 10, 11, 7, 10, 9, 11, 11, 10, 9, 10, 10, 10, 11, 10, 11, 11, 11, 10, 11, 10, 8, 10, 11, 10, 11, 10, 8, 10, 10, 11, 9, 11, 10, 10, 9, 11, 11, 12, 10, 10, 12, 9, 10, 10, 10, 11, 9, 10, 11, 10, 11, 13, 12, 11, 9, 10, 9, 12, 9, 10, 9, 11, 12, 11, 10, 10, 11, 10, 11, 9, 10, 10, 9, 11, 9, 10, 10, 8, 11, 11, 12, 11, 9, 10, 9, 11, 10, 9, 8, 11, 13, 9, 11, 11]"
20,5,143,123,23,6.217391304347826,5.3478260869565215,400,"[9, 9, 11, 10, 12, 10, 11, 11, 11, 9, 9, 10, 11, 11, 10, 9, 10, 9, 10, 11, 9, 9, 12, 9, 11, 11, 11, 11, 11, 10, 10, 8, 10, 10, 9, 9, 10, 9, 9, 10, 11, 10, 11, 10, 9, 11, 10, 9, 10, 10, 10, 9, 9, 12, 10, 10, 9, 12, 9, 8, 11, 10, 10, 9, 8, 10, 9, 10, 9, 8, 10, 11, 9, 10, 10, 11, 9, 9, 9, 10, 9, 9, 12, 11, 9, 11, 9, 10, 10, 11, 9, 11, 11, 11, 8, 11, 11, 10, 9, 9, 10, 8, 10, 10, 11, 9, 9, 11, 10, 12, 9, 9, 10, 10, 10, 11, 12, 10, 10, 9, 10, 9, 12, 11, 10, 9, 9, 9, 9, 10, 10, 11, 11, 8, 10, 10, 9, 11, 8, 10, 11, 11, 9, 10, 11, 10, 10, 9, 10, 11, 11, 11, 10, 12, 9, 10, 10, 10, 10, 10, 10, 10, 11, 10, 9, 11, 9, 10, 9, 10, 10, 9, 11, 11, 9, 9, 10, 9, 10, 10, 11, 10, 10, 10, 12, 11, 9, 10, 10, 9, 10, 9, 10, 12, 9, 11, 8, 9, 9, 9, 11, 9, 10, 10, 9, 11, 10, 9, 10, 12, 11, 11, 11, 11, 9, 11, 10, 8, 10, 9, 11, 10, 9, 12, 11, 10, 10, 11, 11, 10, 10, 11, 10, 9, 12, 13, 12, 9, 7, 9, 10, 11, 11, 10, 9, 9, 10, 11, 10, 10, 10, 9, 9, 10, 10, 10, 10, 8, 9, 10, 9, 9, 9, 11, 11, 9, 11, 10, 8, 11, 9, 10, 10, 10, 11, 9, 11, 9, 8, 10, 12, 11, 10, 10, 10, 11, 11, 8, 10, 11, 10, 10, 10, 9, 10, 11, 9, 12, 10, 9, 9, 9, 10, 10, 9, 12, 12, 11, 11, 9, 11, 11, 12, 9, 11, 9, 8, 10, 10, 8, 8, 8, 8, 11, 10, 11, 9, 9, 9, 11, 11, 10, 10, 11, 8, 10, 9, 10, 10, 9, 11, 11, 8, 9, 10, 11, 11, 11, 9, 9, 10, 10, 9, 11, 9, 9, 10, 9, 11, 11, 11, 11, 10, 10, 12, 9, 9, 11, 10, 10, 10, 10, 9, 10, 8, 9, 8, 10, 10, 8, 10, 9, 12, 10, 9, 8, 9, 10, 10, 11, 11, 10, 10, 8, 10, 12, 12, 11, 10, 11]"
20,5,106,90,31,3.4193548387096775,2.903225806451613,400,"[11, 11, 10, 9, 11, 10, 10, 10, 10, 9, 11, 9, 10, 8, 10, 7, 11, 11, 10, 10, 10, 10, 10, 12, 10, 10, 11, 11, 10, 10, 11, 10, 10, 9, 11, 10, 11, 10, 10, 10, 10, 9, 10, 9, 10, 10, 11, 11, 10, 10, 12, 9, 11, 12, 10, 10, 10, 10, 10, 10, 10, 11, 10, 8, 11, 9, 8, 11, 10, 10, 11, 10, 10, 9, 9, 11, 8, 10, 8, 11, 8, 9, 9, 12, 9, 10, 8, 11, 11, 10, 10, 10, 9, 11, 11, 12, 10, 12, 9, 9, 11, 11, 11, 11, 8, 9, 9, 9, 12, 8, 10, 10, 10, 7, 10, 11, 12, 9, 11, 10, 10, 8, 12, 10, 9, 9, 10, 10, 9, 9, 9, 12, 10, 10, 10, 10, 11, 9, 9, 8, 8, 10, 12, 9, 9, 11, 9, 10, 9, 11, 10, 10, 9, 9, 10, 12, 8, 11, 11, 11, 9, 10, 9, 11, 11, 10, 10, 10, 12, 9, 11, 10, 11, 11, 8, 9, 11, 11, 10, 11, 10, 10, 12, 9, 10, 10, 8, 9, 10, 9, 12, 9, 12, 9, 9, 10, 11, 10, 10, 10, 10, 9, 8, 11, 9, 12, 11, 9, 12, 10, 10, 10, 8, 12, 10, 10, 9, 9, 10, 11, 10, 10, 10, 10, 9, 10, 11, 10, 9, 10, 10, 8, 12, 11, 11, 10, 11, 8, 10, 10, 9, 10, 11, 11, 8, 8, 8, 10, 10, 10, 10, 10, 10, 10, 9, 8, 9, 10, 12, 10, 10, 10, 9, 8, 8, 10, 10, 8, 9, 10, 10, 10, 9, 9, 10, 9, 11, 11, 11, 11, 11, 10, 11, 9, 10, 9, 10, 10, 11, 9, 11, 10, 10, 9, 8, 10, 9, 12, 11, 10, 12, 11, 9, 9, 11, 9, 12, 10, 10, 9, 11, 9, 10, 9, 10, 12, 11, 11, 11, 12, 10, 11, 12, 9, 10, 10, 11, 11, 9, 10, 10, 13, 11, 9, 7, 10, 10, 10, 10, 10, 11, 10, 11, 9, 10, 10, 12, 10, 11, 10, 9, 11, 10, 10, 8, 9, 9, 11, 10, 9, 10, 10, 11, 10, 12, 10, 11, 9, 10, 10, 12, 9, 9, 10, 10, 8, 11, 11, 11, 11, 8, 9, 10, 11, 9, 10, 9, 8, 8, 11, 12, 10, 10, 9, 11, 10, 11, 9, 9, 12]"
20,5,154,128,33,4.666666666666667,3.878787878787879,400,"[9, 11, 10, 10, 10, 11, 9, 10, 10, 9, 9, 11, 11, 11, 11, 11, 10, 12, 10, 12, 11, 8, 9, 9, 9, 11, 9, 11, 10, 10, 9, 8, 8, 10, 7, 9, 10, 10, 9, 10, 10, 10, 11, 10, 9, 9, 12, 9, 10, 9, 10, 12, 12, 10, 10, 11, 12, 10, 12, 13, 8, 9, 12, 10, 11, 11, 10, 10, 10, 9, 9, 11, 12, 7, 9, 10, 10, 11, 9, 10, 9, 12, 10, 11, 9, 10, 11, 10, 10, 9, 10, 10, 10, 9, 9, 10, 10, 9, 10, 10, 9, 9, 9, 10, 9, 10, 12, 8, 10, 11, 11, 10, 12, 10, 11, 10, 10, 10, 10, 9, 10, 9, 9, 10, 9, 10, 9, 10, 11, 10, 11, 10, 10, 11, 9, 10, 10, 10, 10, 10, 10, 9, 11, 10, 10, 9, 9, 11, 12, 10, 10, 10, 11, 10, 10, 10, 10, 10, 10, 9, 12, 7, 10, 9, 11, 10, 11, 10, 8, 9, 9, 10, 9, 10, 11, 10, 9, 9, 11, 9, 10, 9, 9, 8, 9, 9, 9, 10, 11, 10, 10, 10, 10, 11, 11, 11, 11, 10, 8, 9, 9, 10, 9, 10, 8, 9, 9, 12, 10, 10, 9, 11, 11, 11, 13, 11, 10, 9, 10, 10, 10, 9, 10, 11, 10, 11, 10, 9, 9, 11, 9, 9, 10, 9, 10, 10, 10, 9, 10, 12, 10, 9, 10, 9, 9, 10, 11, 9, 11, 10, 11, 10, 11, 9, 10, 10, 10, 13, 11, 9, 10, 10, 11, 10, 9, 11, 9, 10, 10, 10, 9, 10, 10, 11, 12, 9, 11, 11, 10, 11, 8, 9, 9, 9, 9, 10, 10, 10, 8, 9, 8, 9, 10, 11, 10, 11, 11, 9, 10, 10, 10, 10, 8, 9, 10, 10, 12, 10, 10, 11, 10, 10, 8, 9, 9, 11, 10, 11, 9, 10, 9, 10, 9, 10, 8, 10, 10, 10, 10, 10, 10, 11, 12, 9, 12, 11, 10, 9, 10, 9, 10, 12, 11, 8, 9, 10, 10, 9, 11, 11, 9, 9, 10, 10, 9, 9, 11, 10, 10, 10, 11, 10, 9, 9, 9, 11, 10, 12, 9, 11, 9, 10, 11, 9, 9, 9, 12, 12, 10, 10, 9, 11, 9, 10, 11, 8, 8, 11, 8, 9, 10, 11, 10, 10, 10, 10, 9, 11, 11, 10]"
20,5,120,106,21,5.714285714285714,5.0476190476190474,400,"[9, 11, 10, 9, 11, 11, 10, 9, 10, 9, 10, 9, 11, 9, 10, 9, 10, 12, 10, 11, 10, 9, 10, 8, 10, 9, 9, 11, 10, 10, 9, 9, 10, 10, 9, 10, 10, 9, 10, 12, 10, 11, 10, 12, 10, 10, 11, 11, 10, 8, 10, 9, 10, 10, 13, 9, 11, 10, 10, 9, 8, 9, 12, 10, 11, 9, 9, 11, 10, 10, 11, 13, 11, 10, 10, 11, 10, 11, 10, 10, 10, 10, 9, 11, 11, 7, 10, 9, 10, 11, 10, 9, 10, 9, 9, 9, 8, 11, 11, 9, 10, 8, 10, 10, 9, 10, 9, 9, 11, 8, 8, 9, 11, 10, 11, 10, 11, 9, 10, 10, 10, 9, 9, 9, 11, 11, 8, 10, 11, 9, 8, 11, 10, 10, 11, 11, 9, 10, 11, 9, 9, 7, 10, 10, 9, 10, 11, 10, 10, 9, 11, 9, 12, 11, 10, 10, 10, 10, 8, 11, 9, 10, 11, 10, 11, 10, 11, 9, 9, 11, 10, 10, 10, 10, 12, 8, 8, 10, 11, 9, 10, 12, 10, 9, 9, 9, 9, 9, 12, 9, 11, 11, 9, 10, 9, 9, 11, 11, 10, 10, 11, 12, 10, 11, 10, 11, 10, 9, 9, 10, 9, 11, 10, 9, 8, 11, 9, 11, 8, 12, 10, 11, 10, 12, 10, 10, 10, 10, 10, 9, 10, 11, 9, 10, 10, 11, 10, 8, 10, 11, 10, 9, 11, 10, 10, 10, 8, 10, 10, 9, 11, 10, 9, 11, 11, 10, 10, 10, 12, 9, 11, 10, 10, 10, 10, 9, 10, 12, 11, 12, 10, 10, 10, 10, 10, 11, 8, 11, 11, 11, 10, 9, 11, 11, 10, 8, 12, 11, 10, 9, 11, 9, 10, 10, 10, 9, 11, 11, 9, 9, 10, 10, 8, 11, 11, 10, 10, 10, 12, 11, 10, 9, 10, 10, 9, 10, 11, 10, 11, 10, 10, 10, 10, 9, 10, 10, 11, 11, 10, 10, 10, 8, 10, 12, 9, 10, 9, 8, 10, 9, 10, 9, 9, 10, 10, 10, 9, 11, 10, 9, 11, 10, 9, 11, 11, 10, 9, 11, 11, 8, 11, 10, 11, 11, 11, 11, 10, 9, 9, 9, 10, 12, 9, 10, 12, 11, 9, 10, 11, 8, 10, 11, 12, 10, 11, 11, 9, 11, 9, 10, 11, 11, 10, 10, 8, 10, 9, 10, 11, 10]"
20,5,73,67,21,3.4761904761904763,3.1904761904761907,400,"[10, 10, 11, 8, 10, 10, 8, 10, 10, 9, 11, 10, 12, 9, 10, 11, 9, 9, 9, 8, 11, 11, 8, 11, 11, 9, 9, 11, 9, 9, 10, 9, 11, 10, 9, 9, 10, 9, 12, 11, 10, 11, 9, 9, 11, 9, 11, 9, 11, 11, 11, 11, 9, 10, 10, 10, 9, 10, 11, 9, 10, 9, 10, 12, 10, 10, 9, 12, 11, 11, 9, 10, 8, 10, 9, 10, 9, 11, 10, 10, 10, 11, 10, 7, 10, 11, 10, 10, 9, 11, 9, 10, 10, 11, 9, 9, 10, 10, 11, 10, 10, 10, 10, 10, 10, 11, 10, 9, 10, 9, 11, 9, 9, 10, 11, 10, 9, 12, 11, 10, 12, 8, 10, 10, 10, 10, 11, 11, 9, 10, 9, 9, 10, 10, 11, 9, 8, 12, 10, 9, 11, 8, 8, 10, 11, 11, 9, 9, 12, 9, 11, 11, 11, 11, 12, 11, 9, 11, 11, 9, 11, 12, 12, 8, 9, 10, 9, 11, 12, 8, 10, 12, 11, 11, 10, 9, 10, 10, 11, 11, 8, 10, 10, 11, 10, 10, 8, 11, 10, 10, 11, 11, 10, 10, 8, 11, 11, 11, 11, 11, 10, 12, 8, 8, 10, 11, 11, 9, 8, 11, 10, 11, 10, 8, 10, 9, 12, 10, 9, 11, 10, 11, 10, 10, 9, 11, 10, 10, 10, 11, 12, 10, 11, 10, 10, 10, 10, 10, 11, 10, 8, 10, 11, 10, 10, 9, 10, 9, 9, 9, 10, 9, 9, 10, 9, 10, 11, 10, 11, 10, 11, 10, 10, 11, 11, 10, 9, 8, 11, 9, 9, 11, 10, 9, 12, 11, 11, 10, 9, 9, 10, 10, 12, 12, 10, 9, 10, 8, 9, 9, 11, 9, 9, 9, 11, 11, 9, 9, 9, 12, 9, 9, 11, 10, 7, 9, 10, 9, 10, 11, 9, 11, 12, 9, 10, 11, 10, 10, 8, 8, 11, 11, 9, 8, 10, 10, 10, 9, 9, 10, 9, 9, 9, 11, 10, 10, 10, 10, 9, 10, 10, 10, 11, 10, 10, 10, 10, 11, 9, 10, 8, 11, 11, 10, 10, 10, 10, 10, 7, 8, 10, 10, 9, 10, 9, 9, 11, 10, 8, 10, 10, 9, 11, 11, 11, 11, 9, 12, 10, 9, 10, 10, 10, 9, 11, 11, 10, 9, 8, 11, 10, 12, 10, 10, 10, 10, 10, 9, 11, 12]"
20,5,199,177,30,6.633333333333334,5.9,400,"[9, 10, 11, 10, 11, 9, 10, 10, 10, 12, 11, 10, 11, 10, 7, 9, 12, 10, 9, 9, 10, 11, 9, 11, 9, 10, 10, 11, 11, 9, 12, 10, 9, 12, 9, 9, 11, 10, 8, 10, 9, 11, 10, 9, 10, 9, 10, 9, 11, 9, 10, 10, 10, 9, 13, 10, 10, 8, 10, 9, 11, 8, 12, 10, 11, 9, 11, 9, 11, 11, 10, 10, 10, 10, 11, 10, 9, 9, 9, 11, 10, 10, 9, 9, 12, 9, 10, 11, 11, 8, 11, 9, 10, 10, 9, 12, 10, 11, 11, 8, 12, 10, 10, 10, 8, 10, 9, 10, 9, 10, 9, 9, 10, 11, 10, 8, 11, 9, 10, 10, 8, 10, 10, 11, 10, 10, 9, 11, 11, 11, 9, 10, 10, 10, 11, 10, 10, 9, 11, 9, 9, 11, 10, 9, 12, 10, 12, 8, 10, 11, 11, 9, 10, 10, 11, 8, 11, 10, 10, 10, 10, 9, 9, 9, 12, 11, 11, 11, 10, 10, 10, 10, 8, 10, 10, 10, 9, 10, 10, 10, 10, 11, 8, 13, 10, 11, 11, 11, 11, 11, 10, 9, 9, 10, 10, 9, 9, 11, 12, 10, 9, 10, 11, 10, 9, 9, 9, 11, 11, 10, 11, 12, 9, 10, 10, 10, 11, 12, 10, 9, 10, 11, 10, 11, 10, 11, 7, 10, 9, 11, 9, 9, 10, 8, 10, 9, 10, 9, 9, 9, 11, 10, 9, 10, 9, 10, 12, 9, 10, 10, 8, 11, 10, 9, 11, 10, 9, 10, 8, 10, 10, 10, 9, 10, 11, 9, 10, 10, 10, 9, 10, 11, 10, 11, 10, 9, 8, 11, 10, 10, 9, 9, 9, 10, 10, 10, 11, 9, 9, 12, 10, 9, 10, 12, 9, 8, 8, 10, 10, 10, 10, 11, 10, 9, 10, 11, 10, 11, 9, 11, 10, 9, 11, 8, 11, 10, 9, 9, 9, 9, 8, 13, 12, 10, 9, 10, 12, 9, 12, 11, 9, 9, 10, 10, 10, 11, 12, 10, 10, 11, 9, 11, 8, 11, 9, 10, 8, 10, 11, 10, 10, 11, 10, 11, 11, 11, 11, 8, 11, 12, 9, 10, 10, 11, 11, 11, 9, 10, 10, 10, 10, 11, 11, 10, 9, 9, 7, 9, 10, 10, 10, 10, 11, 10, 8, 12, 11, 10, 10, 10, 9, 9, 9, 11, 8, 10, 8, 10, 11, 11]"
20,5,167,159,33,5.0606060606060606,4.818181818181818,400,"[10, 9, 11, 10, 11, 11, 9, 11, 11, 9, 9, 10, 9, 10, 10, 9, 11, 9, 10, 10, 10, 10, 10, 11, 9, 10, 9, 8, 10, 9, 9, 11, 9, 11, 9, 9, 8, 12, 10, 9, 9, 10, 11, 9, 11, 10, 12, 11, 10, 10, 10, 10, 10, 10, 9, 10, 10, 11, 10, 11, 8, 10, 9, 10, 10, 10, 10, 11, 11, 11, 11, 11, 9, 8, 10, 9, 9, 10, 11, 8, 11, 10, 9, 9, 11, 12, 10, 11, 10, 10, 10, 10, 11, 11, 10, 12, 11, 11, 11, 10, 10, 11, 10, 10, 12, 8, 10, 11, 9, 10, 9, 11, 10, 12, 11, 10, 11, 9, 9, 10, 9, 10, 10, 10, 9, 11, 10, 9, 11, 11, 9, 9, 10, 11, 10, 10, 9, 11, 10, 9, 10, 10, 9, 10, 9, 10, 10, 10, 10, 11, 9, 10, 10, 10, 10, 12, 12, 12, 10, 11, 9, 11, 11, 10, 9, 10, 11, 10, 11, 10, 8, 13, 9, 10, 10, 10, 11, 9, 9, 10, 8, 10, 10, 10, 7, 9, 10, 11, 10, 11, 11, 11, 10, 9, 9, 9, 10, 10, 8, 11, 9, 9, 10, 9, 9, 11, 11, 10, 11, 12, 11, 9, 9, 11, 9, 10, 10, 9, 9, 10, 10, 11, 12, 10, 10, 9, 11, 11, 10, 10, 11, 10, 9, 11, 9, 9, 9, 10, 10, 9, 10, 11, 10, 10, 11, 11, 11, 12, 11, 10, 9, 9, 9, 9, 9, 11, 9, 10, 10, 8, 11, 10, 10, 10, 9, 11, 10, 9, 10, 11, 8, 11, 11, 10, 9, 12, 11, 11, 10, 9, 11, 11, 10, 11, 12, 9, 11, 11, 9, 10, 11, 10, 13, 10, 10, 11, 11, 10, 11, 11, 11, 10, 10, 8, 11, 11, 13, 10, 9, 12, 10, 11, 9, 8, 10, 8, 11, 10, 9, 11, 10, 10, 9, 11, 10, 9, 12, 9, 11, 10, 10, 11, 10, 11, 10, 10, 9, 9, 10, 10, 9, 12, 9, 9, 11, 8, 10, 11, 7, 10, 9, 10, 11, 10, 10, 9, 11, 9, 9, 12, 9, 11, 10, 10, 11, 12, 10, 10, 7, 10, 10, 11, 10, 10, 9, 9, 11, 10, 11, 10, 10, 10, 10, 11, 9, 9, 10, 9, 10, 11, 10, 10, 11, 9, 11, 9, 9, 9, 8, 11]"
20,5,98,96,22,4.454545454545454,4.363636363636363,400,"[11, 11, 10, 7, 10, 10, 13, 13, 10, 9, 9, 12, 11, 11, 8, 10, 10, 11, 10, 9, 10, 9, 10, 8, 9, 9, 11, 10, 9, 11, 10, 10, 10, 9, 9, 12, 8, 8, 8, 10, 10, 9, 8, 8, 11, 11, 11, 10, 10, 10, 9, 10, 10, 10, 8, 10, 9, 10, 9, 11, 11, 10, 11, 10, 11, 9, 10, 10, 10, 8, 12, 10, 12, 12, 9, 9, 9, 9, 10, 12, 9, 11, 10, 8, 10, 9, 10, 10, 12, 11, 12, 10, 12, 8, 10, 10, 11, 8, 10, 10, 8, 11, 11, 9, 9, 10, 10, 9, 10, 10, 11, 12, 9, 9, 9, 9, 11, 11, 12, 10, 8, 11, 10, 10, 11, 9, 10, 8, 10, 11, 10, 10, 10, 10, 11, 10, 11, 11, 10, 10, 11, 9, 11, 12, 11, 9, 10, 11, 9, 10, 10, 10, 9, 10, 10, 9, 9, 9, 12, 10, 11, 10, 10, 10, 10, 10, 11, 11, 10, 10, 10, 10, 10, 11, 9, 12, 10, 10, 10, 11, 10, 10, 10, 10, 9, 10, 10, 8, 9, 11, 10, 9, 11, 9, 12, 10, 8, 9, 10, 10, 13, 10, 12, 11, 11, 9, 9, 10, 9, 8, 11, 10, 10, 10, 9, 11, 11, 12, 10, 10, 11, 12, 9, 10, 9, 11, 10, 10, 9, 9, 10, 10, 9, 9, 12, 10, 11, 11, 10, 11, 12, 11, 11, 11, 10, 11, 11, 10, 8, 9, 11, 10, 10, 9, 10, 9, 12, 9, 10, 11, 12, 9, 9, 10, 10, 9, 9, 9, 11, 11, 9, 11, 10, 9, 10, 11, 9, 9, 11, 10, 11, 10, 9, 10, 9, 11, 10, 10, 11, 10, 9, 11, 11, 9, 11, 10, 11, 12, 8, 10, 12, 8, 10, 12, 12, 11, 11, 9, 10, 11, 9, 11, 10, 8, 8, 11, 11, 10, 9, 9, 10, 10, 10, 13, 10, 10, 9, 11, 10, 10, 9, 9, 12, 11, 10, 9, 11, 10, 10, 10, 9, 10, 10, 10, 8, 9, 10, 9, 11, 11, 11, 9, 11, 9, 10, 11, 12, 11, 9, 10, 12, 11, 11, 11, 11, 10, 10, 10, 9, 9, 9, 9, 8, 11, 9, 9, 10, 11, 11, 9, 10, 11, 11, 10, 11, 9, 9, 10, 10, 10, 10, 10, 11, 9, 11, 11, 11, 10, 12, 9]"
20,5,121,109,30,4.033333333333333,3.6333333333333333,400,"[10, 12, 10, 10, 11, 8, 9, 10, 11, 9, 11, 10, 10, 11, 9, 9, 10, 9, 11, 11, 9, 11, 10, 10, 10, 12, 10, 8, 11, 8, 9, 11, 11, 10, 11, 10, 8, 9, 12, 11, 10, 12, 11, 9, 10, 11, 11, 11, 10, 10, 9, 11, 12, 10, 11, 10, 10, 10, 11, 10, 8, 10, 9, 11, 10, 10, 10, 9, 10, 11, 11, 10, 11, 9, 11, 12, 10, 9, 9, 11, 8, 9, 9, 10, 10, 9, 11, 10, 10, 9, 10, 12, 10, 9, 11, 10, 10, 9, 11, 10, 9, 10, 10, 8, 9, 8, 10, 7, 10, 10, 10, 10, 11, 8, 10, 10, 8, 10, 9, 10, 10, 10, 12, 10, 11, 9, 11, 9, 10, 12, 11, 12, 10, 9, 9, 10, 11, 9, 8, 9, 11, 10, 11, 10, 10, 12, 10, 9, 10, 10, 10, 10, 8, 9, 11, 9, 10, 10, 10, 10, 10, 9, 10, 10, 10, 9, 9, 12, 10, 13, 10, 10, 9, 10, 11, 10, 11, 12, 11, 10, 9, 10, 10, 10, 10, 12, 10, 10, 10, 11, 9, 10, 11, 10, 9, 8, 11, 11, 10, 11, 9, 10, 12, 10, 11, 10, 10, 10, 11, 9, 10, 11, 9, 11, 10, 9, 9, 8, 10, 11, 11, 9, 10, 10, 10, 10, 11, 10, 9, 10, 10, 9, 11, 9, 11, 11, 10, 10, 12, 9, 10, 10, 10, 8, 10, 9, 10, 10, 10, 9, 11, 11, 9, 9, 11, 10, 10, 12, 10, 9, 11, 10, 10, 10, 10, 10, 10, 9, 10, 10, 8, 10, 9, 9, 11, 12, 10, 12, 10, 9, 10, 11, 9, 11, 10, 11, 10, 11, 9, 9, 11, 9, 9, 10, 9, 10, 8, 10, 11, 11, 11, 9, 9, 11, 12, 10, 9, 10, 9, 10, 10, 9, 10, 10, 11, 9, 11, 9, 10, 10, 10, 11, 10, 10, 10, 11, 9, 9, 11, 11, 11, 10, 11, 9, 10, 11, 10, 10, 11, 9, 9, 11, 10, 12, 10, 13, 10, 11, 10, 11, 9, 8, 9, 11, 11, 10, 10, 10, 9, 11, 7, 10, 11, 11, 9, 9, 9, 9, 11, 10, 10, 11, 10, 10, 11, 11, 12, 11, 11, 10, 11, 11, 11, 10, 10, 9, 10, 10, 11, 11, 12, 10, 8, 9, 9, 10, 9, 12, 9, 10]"
20,10,52,50,15,3.466666666666667,3.3333333333333335,400,"[10, 10, 10, 10, 12, 11, 10, 9, 10, 8, 11, 10, 11, 10, 9, 11, 12, 11, 10, 10, 11, 11, 12, 12, 9, 9, 11, 11, 9, 10, 9, 9, 11, 11, 10, 10, 10, 9, 10, 12, 10, 9, 11, 11, 9, 9, 12, 11, 10, 11, 10, 10, 11, 12, 11, 10, 10, 9, 9, 9, 11, 10, 10, 11, 9, 12, 10, 8, 11, 9, 10, 10, 10, 9, 10, 10, 9, 11, 8, 11, 11, 11, 9, 11, 9, 9, 9, 12, 11, 9, 9, 10, 10, 11, 9, 9, 10, 9, 8, 9, 9, 10, 10, 9, 12, 8, 12, 10, 11, 10, 12, 10, 10, 9, 10, 9, 10, 10, 9, 10, 9, 10, 11, 11, 9, 12, 9, 8, 10, 10, 11, 11, 10, 10, 13, 10, 11, 11, 9, 10, 11, 8, 11, 10, 10, 10, 10, 10, 12, 10, 10, 10, 13, 11, 9, 7, 10, 10, 10, 10, 11, 9, 10, 12, 8, 10, 11, 10, 10, 10, 11, 10, 12, 11, 10, 10, 9, 11, 9, 9, 9, 10, 10, 10, 10, 10, 10, 9, 11, 10, 9, 10, 9, 9, 9, 11, 11, 11, 10, 11, 10, 8, 12, 10, 9, 11, 10, 9, 10, 9, 10, 10, 10, 10, 7, 9, 11, 9, 10, 11, 8, 11, 10, 11, 10, 10, 10, 11, 9, 9, 11, 11, 10, 11, 11, 10, 11, 10, 11, 9, 9, 10, 11, 12, 8, 11, 9, 9, 11, 10, 10, 10, 10, 11, 10, 9, 11, 9, 10, 10, 11, 11, 11, 10, 10, 11, 11, 10, 11, 10, 10, 10, 10, 10, 9, 10, 11, 10, 9, 11, 11, 12, 8, 10, 10, 12, 9, 10, 11, 10, 9, 11, 10, 10, 12, 10, 9, 11, 8, 11, 9, 9, 9, 11, 8, 11, 10, 11, 11, 11, 11, 10, 9, 9, 11, 9, 9, 11, 10, 11, 10, 11, 8, 10, 9, 8, 10, 10, 9, 11, 10, 10, 9, 10, 10, 10, 10, 9, 9, 9, 9, 8, 12, 11, 11, 9, 10, 10, 11, 10, 10, 9, 11, 12, 10, 11, 10, 10, 10, 9, 10, 10, 10, 11, 11, 10, 11, 10, 9, 7, 11, 8, 11, 10, 12, 10, 11, 10, 10, 9, 11, 9, 11, 7, 11, 9, 9, 8, 10, 12, 10, 10, 11, 10, 12, 9, 10, 10, 9, 10]"
20,10,28,26,15,1.8666666666666667,1.7333333333333334,400,"[10, 11, 8, 11, 12, 9, 9, 9, 11, 9, 11, 9, 9, 10, 11, 10, 9, 10, 9, 10, 9, 10, 12, 10, 11, 10, 10, 9, 11, 9, 10, 10, 11, 10, 10, 11, 12, 8, 10, 10, 12, 10, 11, 10, 9, 11, 11, 10, 10, 11, 12, 9, 10, 11, 10, 9, 10, 9, 11, 10, 11, 10, 11, 10, 10, 8, 12, 11, 10, 10, 10, 9, 9, 11, 11, 10, 9, 11, 10, 11, 10, 11, 10, 11, 11, 10, 11, 8, 11, 9, 11, 10, 10, 11, 10, 10, 10, 11, 13, 11, 11, 9, 9, 11, 10, 10, 9, 9, 9, 10, 12, 9, 9, 11, 13, 10, 11, 9, 9, 9, 10, 10, 11, 10, 9, 11, 10, 10, 8, 11, 9, 8, 11, 9, 12, 11, 10, 12, 10, 11, 11, 10, 9, 9, 11, 10, 10, 11, 10, 11, 10, 10, 9, 8, 10, 12, 9, 11, 10, 9, 9, 11, 9, 11, 10, 11, 10, 10, 9, 9, 10, 10, 8, 11, 10, 12, 8, 10, 7, 12, 11, 9, 10, 10, 9, 11, 9, 10, 11, 11, 11, 12, 9, 11, 10, 9, 11, 11, 9, 11, 9, 11, 9, 10, 10, 10, 10, 9, 10, 9, 9, 12, 9, 10, 9, 11, 8, 10, 10, 9, 11, 10, 11, 10, 10, 10, 12, 9, 11, 10, 10, 9, 11, 9, 9, 10, 10, 10, 11, 10, 9, 10, 10, 9, 9, 12, 9, 9, 9, 9, 11, 10, 9, 8, 10, 9, 9, 10, 9, 10, 11, 12, 10, 11, 10, 10, 9, 9, 9, 11, 11, 10, 9, 11, 10, 9, 11, 11, 10, 10, 11, 9, 8, 12, 11, 11, 11, 11, 11, 9, 10, 11, 11, 9, 9, 10, 10, 11, 9, 11, 9, 9, 11, 9, 11, 9, 10, 10, 9, 10, 10, 11, 12, 9, 10, 9, 8, 11, 9, 9, 9, 11, 11, 10, 10, 11, 12, 9, 9, 11, 8, 10, 9, 9, 10, 11, 10, 10, 12, 10, 10, 12, 10, 10, 11, 10, 11, 9, 11, 10, 9, 11, 11, 11, 8, 11, 9, 10, 12, 11, 10, 11, 7, 10, 11, 10, 10, 10, 11, 9, 9, 10, 11, 9, 10, 10, 10, 9, 11, 10, 11, 10, 10, 11, 11, 10, 11, 10, 9, 12, 9, 9, 10, 11, 11, 11, 9, 10, 9, 9]"
20,10,24,24,9,2.6666666666666665,2.6666666666666665,400,"[11, 10, 11, 12, 11, 9, 10, 9, 9, 10, 9, 10, 8, 9, 10, 10, 9, 12, 11, 10, 11, 9, 10, 8, 12, 10, 8, 9, 11, 9, 10, 11, 9, 10, 10, 10, 11, 10, 10, 9, 10, 9, 11, 9, 9, 10, 11, 12, 10, 11, 9, 10, 10, 9, 10, 9, 8, 10, 10, 9, 11, 10, 10, 10, 9, 10, 10, 12, 11, 9, 9, 9, 12, 9, 10, 10, 10, 9, 12, 11, 11, 9, 11, 11, 9, 9, 10, 9, 11, 10, 11, 10, 11, 8, 10, 9, 9, 11, 11, 10, 8, 10, 10, 9, 10, 10, 10, 12, 10, 9, 10, 9, 12, 10, 10, 9, 10, 10, 10, 10, 9, 10, 8, 10, 12, 10, 10, 10, 10, 12, 9, 10, 9, 11, 10, 11, 10, 11, 10, 11, 8, 10, 8, 11, 9, 10, 11, 10, 9, 12, 10, 10, 10, 10, 10, 10, 10, 11, 9, 10, 10, 9, 8, 9, 11, 12, 11, 10, 10, 12, 12, 10, 10, 10, 10, 9, 10, 8, 12, 11, 8, 12, 10, 12, 9, 10, 11, 11, 11, 10, 12, 8, 10, 14, 10, 10, 10, 8, 8, 10, 11, 10, 10, 11, 10, 9, 11, 11, 9, 11, 12, 11, 10, 9, 11, 9, 9, 10, 10, 9, 12, 10, 9, 11, 9, 10, 11, 11, 10, 11, 10, 9, 11, 11, 10, 11, 10, 10, 10, 10, 11, 11, 11, 11, 10, 12, 10, 10, 7, 11, 9, 9, 9, 10, 10, 11, 11, 12, 9, 11, 11, 10, 7, 9, 9, 9, 10, 11, 11, 11, 11, 11, 11, 11, 12, 10, 8, 12, 9, 12, 9, 9, 10, 10, 10, 10, 10, 12, 10, 8, 9, 11, 10, 9, 10, 11, 11, 10, 11, 12, 9, 9, 10, 11, 9, 10, 11, 9, 10, 10, 9, 10, 9, 11, 11, 10, 9, 10, 9, 10, 9, 12, 8, 12, 8, 9, 9, 11, 11, 10, 9, 10, 7, 10, 10, 12, 9, 11, 9, 11, 9, 10, 11, 9, 10, 10, 10, 9, 11, 10, 11, 10, 12, 10, 10, 8, 9, 10, 10, 10, 9, 10, 9, 11, 10, 11, 10, 10, 9, 10, 9, 11, 11, 13, 9, 12, 9, 10, 10, 10, 9, 12, 11, 11, 11, 11, 8, 10, 12, 10, 8, 10, 11, 10, 10, 10, 9, 10, 10, 8]"
20,10,26,24,11,2.3636363636363638,2.1818181818181817,400,"[11, 10, 11, 8, 10, 10, 8, 9, 11, 9, 8, 10, 9, 11, 9, 11, 9, 8, 9, 12, 10, 9, 9, 9, 10, 9, 10, 10, 9, 10, 10, 12, 11, 9, 10, 10, 11, 9, 9, 9, 10, 7, 11, 11, 12, 11, 11, 10, 10, 8, 10, 10, 10, 10, 9, 8, 9, 9, 11, 10, 10, 9, 10, 9, 9, 9, 11, 10, 9, 8, 11, 10, 10, 9, 9, 10, 9, 9, 10, 11, 10, 10, 11, 10, 11, 9, 9, 10, 11, 9, 11, 9, 11, 9, 8, 11, 10, 9, 10, 11, 11, 7, 11, 9, 11, 10, 10, 10, 9, 10, 10, 11, 10, 11, 12, 10, 10, 11, 11, 10, 9, 11, 10, 9, 10, 9, 10, 10, 9, 11, 10, 10, 10, 10, 12, 10, 9, 9, 12, 11, 10, 9, 9, 10, 10, 10, 10, 9, 10, 8, 10, 10, 9, 11, 10, 11, 8, 10, 11, 12, 12, 10, 9, 9, 10, 10, 11, 10, 11, 10, 11, 10, 10, 10, 9, 9, 11, 12, 9, 9, 10, 11, 11, 10, 11, 10, 12, 11, 11, 9, 10, 10, 8, 10, 11, 10, 8, 10, 9, 10, 11, 10, 11, 11, 10, 8, 12, 9, 9, 10, 9, 8, 11, 12, 9, 9, 10, 12, 9, 10, 10, 11, 8, 10, 9, 11, 10, 9, 12, 10, 9, 10, 8, 10, 12, 10, 10, 10, 12, 11, 8, 10, 11, 10, 10, 12, 9, 10, 12, 9, 11, 10, 11, 10, 9, 11, 9, 10, 10, 9, 11, 9, 10, 9, 11, 9, 10, 7, 10, 10, 12, 11, 10, 11, 11, 11, 10, 8, 8, 11, 11, 10, 9, 10, 11, 10, 10, 10, 10, 9, 11, 11, 11, 10, 10, 11, 11, 10, 8, 11, 8, 9, 8, 11, 10, 11, 9, 11, 9, 11, 10, 11, 10, 11, 11, 9, 11, 12, 10, 9, 10, 12, 12, 11, 9, 10, 10, 9, 9, 10, 12, 11, 11, 9, 10, 10, 9, 11, 10, 10, 10, 10, 11, 10, 10, 9, 11, 10, 10, 13, 11, 11, 11, 11, 11, 11, 12, 7, 10, 8, 10, 12, 11, 11, 13, 10, 11, 8, 11, 12, 11, 11, 11, 12, 8, 11, 10, 9, 10, 9, 10, 10, 10, 10, 9, 8, 12, 8, 9, 9, 9, 10, 11, 11, 10, 9, 10, 10, 9, 11]"
20,10,55,53,18,3.0555555555555554,2.9444444444444446,400,"[9, 12, 9, 11, 9, 10, 9, 10, 9, 9, 10, 10, 9, 10, 11, 10, 11, 12, 10, 10, 9, 9, 10, 10, 12, 11, 10, 11, 9, 11, 8, 11, 10, 11, 10, 11, 10, 10, 10, 9, 11, 10, 10, 10, 9, 9, 10, 11, 10, 10, 11, 9, 9, 9, 9, 13, 9, 11, 10, 10, 11, 10, 11, 8, 9, 10, 10, 10, 8, 9, 11, 10, 9, 11, 8, 11, 9, 10, 11, 10, 9, 10, 10, 11, 9, 10, 10, 9, 10, 11, 10, 9, 11, 11, 10, 10, 9, 9, 9, 11, 9, 9, 9, 12, 10, 8, 10, 12, 8, 10, 9, 9, 10, 9, 11, 11, 11, 11, 10, 12, 10, 11, 11, 12, 10, 10, 9, 10, 9, 9, 10, 10, 10, 9, 9, 9, 11, 9, 11, 9, 9, 11, 10, 10, 11, 9, 10, 9, 10, 10, 9, 9, 12, 10, 11, 11, 9, 9, 10, 7, 10, 10, 10, 8, 13, 8, 11, 12, 11, 11, 9, 10, 8, 9, 8, 9, 10, 10, 10, 10, 11, 9, 10, 9, 10, 10, 8, 10, 11, 11, 10, 9, 10, 10, 10, 10, 11, 12, 9, 9, 10, 11, 8, 9, 10, 11, 10, 9, 9, 9, 9, 10, 10, 9, 9, 10, 11, 10, 10, 10, 12, 10, 11, 10, 11, 10, 10, 10, 9, 10, 9, 9, 9, 8, 9, 9, 10, 10, 9, 10, 10, 11, 10, 11, 9, 10, 10, 10, 10, 10, 9, 10, 10, 9, 9, 11, 9, 10, 10, 8, 9, 9, 10, 11, 10, 9, 10, 8, 11, 8, 10, 11, 10, 11, 10, 10, 10, 10, 10, 9, 11, 12, 11, 11, 9, 10, 10, 10, 12, 9, 9, 11, 8, 10, 10, 10, 10, 11, 10, 10, 11, 10, 10, 12, 8, 10, 11, 10, 10, 11, 10, 10, 8, 11, 11, 11, 11, 11, 10, 10, 13, 11, 9, 10, 10, 11, 9, 8, 10, 11, 11, 10, 10, 11, 8, 9, 10, 9, 10, 9, 12, 9, 10, 10, 10, 11, 9, 11, 10, 10, 11, 10, 7, 10, 9, 9, 12, 9, 9, 10, 10, 11, 9, 11, 10, 10, 10, 10, 8, 9, 11, 9, 10, 11, 9, 10, 10, 10, 10, 12, 10, 11, 9, 9, 11, 11, 10, 12, 11, 9, 10, 7, 9, 11, 10, 11, 10, 9, 9, 10]"
20,10,83,81,22,3.772727272727273,3.6818181818181817,400,"[10, 11, 11, 10, 9, 10, 10, 11, 10, 12, 10, 11, 8, 9, 11, 11, 11, 9, 8, 11, 10, 14, 10, 9, 11, 11, 11, 8, 11, 9, 10, 8, 7, 9, 8, 10, 11, 9, 9, 10, 11, 11, 11, 10, 10, 11, 10, 9, 10, 11, 12, 10, 8, 10, 9, 11, 10, 9, 11, 12, 9, 8, 9, 7, 9, 10, 9, 9, 10, 10, 10, 9, 9, 13, 10, 10, 10, 10, 9, 11, 10, 10, 12, 9, 9, 10, 10, 10, 9, 11, 9, 10, 11, 10, 11, 11, 9, 11, 11, 11, 9, 9, 8, 10, 11, 11, 11, 9, 9, 10, 9, 8, 12, 12, 10, 9, 10, 10, 8, 11, 9, 10, 9, 10, 9, 11, 10, 9, 9, 8, 9, 10, 10, 10, 11, 10, 9, 11, 11, 11, 9, 9, 12, 10, 10, 10, 13, 11, 10, 12, 13, 8, 9, 10, 11, 11, 11, 11, 9, 10, 8, 9, 10, 10, 10, 9, 10, 9, 10, 10, 9, 10, 10, 11, 10, 11, 9, 10, 10, 10, 9, 9, 12, 10, 8, 9, 10, 10, 8, 11, 10, 8, 11, 11, 9, 9, 9, 10, 12, 8, 10, 11, 8, 11, 10, 10, 10, 10, 10, 9, 8, 11, 10, 10, 10, 8, 9, 10, 11, 10, 9, 10, 10, 11, 10, 9, 10, 11, 10, 9, 8, 11, 10, 10, 8, 9, 10, 10, 10, 10, 10, 11, 10, 10, 9, 11, 9, 11, 9, 10, 10, 10, 11, 9, 9, 10, 11, 10, 10, 10, 11, 9, 10, 12, 10, 12, 10, 10, 9, 11, 12, 10, 11, 10, 10, 9, 9, 9, 9, 10, 10, 9, 10, 10, 9, 9, 10, 11, 12, 11, 10, 11, 9, 11, 9, 9, 9, 10, 10, 10, 11, 11, 9, 11, 11, 11, 9, 8, 11, 10, 12, 10, 11, 12, 11, 9, 13, 11, 10, 9, 10, 10, 9, 7, 11, 9, 10, 12, 10, 11, 10, 9, 10, 10, 11, 10, 8, 9, 10, 13, 10, 10, 12, 8, 8, 11, 10, 11, 10, 9, 9, 11, 11, 10, 11, 10, 11, 10, 9, 10, 10, 11, 11, 10, 9, 11, 11, 10, 8, 12, 9, 11, 8, 9, 12, 8, 9, 10, 10, 12, 12, 9, 11, 10, 10, 11, 12, 10, 8, 10, 10, 10, 9, 9, 11, 10, 8, 11, 10, 12]"
20,10,22,20,7,3.142857142857143,2.857142857142857,400,"[11, 10, 11, 11, 11, 9, 8, 9, 10, 9, 11, 9, 9, 12, 11, 9, 11, 10, 9, 11, 9, 11, 10, 9, 11, 10, 10, 11, 11, 13, 10, 10, 10, 11, 12, 9, 11, 10, 8, 11, 11, 11, 8, 11, 10, 10, 9, 11, 10, 9, 9, 8, 9, 11, 10, 11, 9, 11, 10, 10, 9, 10, 10, 10, 11, 12, 10, 9, 10, 9, 9, 10, 10, 9, 8, 10, 10, 11, 10, 12, 9, 9, 10, 10, 9, 9, 10, 8, 10, 11, 9, 11, 11, 8, 12, 10, 12, 11, 11, 9, 11, 10, 10, 11, 10, 10, 8, 9, 11, 11, 11, 11, 10, 8, 9, 10, 11, 11, 10, 11, 10, 11, 9, 10, 8, 12, 10, 11, 11, 8, 10, 9, 8, 12, 10, 9, 10, 10, 11, 10, 9, 10, 10, 9, 10, 9, 7, 11, 9, 11, 11, 10, 12, 12, 11, 10, 10, 9, 11, 10, 11, 10, 10, 11, 10, 11, 11, 10, 11, 8, 11, 10, 11, 10, 10, 10, 11, 9, 10, 11, 10, 8, 10, 10, 11, 9, 9, 12, 11, 9, 9, 9, 11, 9, 10, 9, 10, 11, 10, 9, 9, 8, 10, 9, 12, 10, 11, 11, 10, 11, 10, 10, 10, 9, 11, 11, 9, 8, 10, 11, 9, 11, 9, 10, 11, 11, 10, 9, 11, 11, 11, 9, 10, 10, 9, 10, 11, 9, 11, 9, 9, 11, 10, 12, 11, 11, 10, 9, 10, 10, 9, 10, 10, 8, 11, 10, 11, 10, 10, 10, 9, 9, 11, 11, 9, 10, 9, 9, 9, 10, 8, 8, 10, 10, 10, 11, 8, 11, 9, 10, 10, 11, 10, 10, 12, 11, 10, 9, 11, 10, 11, 9, 10, 9, 10, 9, 9, 10, 11, 10, 9, 9, 9, 11, 11, 11, 11, 9, 10, 10, 8, 10, 9, 11, 10, 10, 10, 9, 9, 9, 9, 12, 9, 12, 12, 9, 11, 10, 11, 9, 11, 9, 10, 10, 10, 9, 9, 10, 11, 9, 9, 9, 9, 11, 10, 11, 11, 10, 10, 9, 10, 10, 10, 10, 8, 12, 11, 11, 10, 11, 10, 10, 8, 9, 9, 9, 9, 10, 9, 10, 9, 11, 11, 11, 8, 9, 9, 7, 9, 10, 9, 9, 11, 8, 11, 10, 9, 13, 11, 10, 10, 10, 9, 10, 10, 10, 9, 9, 11, 10]"
20,10,46,46,14,3.2857142857142856,3.2857142857142856,400,"[9, 12, 9, 10, 11, 12, 8, 10, 11, 10, 9, 10, 7, 11, 10, 11, 11, 11, 10, 10, 10, 12, 10, 11, 9, 10, 11, 11, 10, 10, 10, 8, 9, 8, 10, 11, 10, 11, 9, 10, 12, 9, 9, 9, 10, 8, 9, 10, 9, 9, 11, 11, 9, 10, 10, 9, 11, 11, 9, 9, 12, 11, 10, 9, 10, 9, 10, 11, 10, 10, 8, 10, 11, 11, 8, 11, 9, 11, 11, 12, 10, 10, 10, 9, 10, 9, 9, 10, 11, 10, 9, 10, 11, 9, 9, 11, 8, 9, 11, 10, 10, 11, 10, 10, 11, 12, 9, 10, 8, 11, 10, 11, 9, 11, 12, 9, 9, 11, 10, 10, 9, 10, 10, 9, 10, 11, 10, 10, 11, 9, 10, 10, 11, 10, 9, 10, 11, 11, 10, 9, 10, 10, 10, 10, 10, 7, 12, 10, 10, 11, 9, 11, 9, 11, 10, 8, 9, 10, 11, 10, 10, 10, 9, 11, 10, 9, 11, 10, 9, 11, 10, 11, 10, 9, 10, 10, 8, 10, 12, 10, 10, 10, 9, 11, 10, 11, 9, 9, 9, 10, 8, 10, 10, 10, 9, 12, 12, 11, 8, 9, 11, 11, 11, 13, 9, 9, 9, 9, 10, 10, 11, 11, 11, 11, 10, 11, 10, 9, 11, 9, 10, 9, 10, 10, 9, 11, 11, 9, 10, 10, 10, 10, 10, 11, 10, 11, 11, 8, 12, 9, 10, 10, 10, 10, 10, 9, 11, 10, 9, 12, 11, 11, 12, 10, 10, 9, 11, 11, 9, 11, 9, 8, 10, 9, 10, 9, 10, 9, 11, 11, 9, 10, 12, 11, 11, 11, 11, 11, 10, 10, 10, 10, 11, 10, 11, 10, 10, 10, 10, 9, 10, 9, 10, 9, 9, 11, 10, 9, 9, 10, 10, 10, 10, 8, 9, 8, 10, 10, 9, 10, 11, 10, 9, 9, 7, 8, 12, 10, 10, 10, 9, 9, 9, 10, 10, 9, 10, 10, 10, 10, 10, 10, 11, 11, 10, 9, 11, 8, 12, 10, 10, 11, 9, 10, 12, 10, 10, 10, 9, 13, 10, 10, 11, 12, 11, 9, 10, 10, 10, 10, 10, 11, 12, 10, 13, 10, 10, 11, 9, 9, 10, 11, 10, 9, 11, 10, 10, 10, 10, 10, 9, 9, 8, 8, 11, 11, 8, 9, 11, 11, 10, 9, 9, 12, 10, 11, 12, 11, 12, 10]"
20,10,51,45,16,3.1875,2.8125,400,"[11, 12, 10, 9, 9, 9, 10, 9, 7, 9, 12, 9, 9, 7, 10, 11, 9, 9, 10, 11, 12, 10, 9, 9, 11, 9, 9, 8, 9, 11, 9, 11, 12, 10, 10, 10, 10, 10, 9, 11, 10, 9, 9, 9, 10, 10, 8, 11, 11, 10, 10, 9, 10, 11, 10, 10, 11, 9, 9, 10, 12, 8, 8, 8, 10, 10, 10, 10, 11, 11, 9, 11, 12, 11, 10, 11, 9, 10, 8, 9, 9, 10, 10, 9, 10, 12, 9, 10, 10, 10, 11, 9, 9, 10, 10, 10, 12, 12, 9, 11, 9, 10, 9, 13, 10, 10, 9, 10, 9, 10, 8, 9, 9, 12, 9, 11, 9, 10, 9, 10, 10, 9, 9, 10, 11, 10, 10, 10, 11, 11, 11, 10, 11, 8, 12, 10, 10, 8, 11, 10, 10, 12, 11, 9, 10, 9, 11, 11, 11, 11, 9, 10, 11, 11, 9, 11, 10, 12, 11, 10, 10, 12, 10, 9, 9, 10, 10, 10, 9, 11, 9, 9, 9, 12, 10, 10, 8, 9, 12, 9, 11, 10, 11, 10, 10, 10, 10, 11, 9, 12, 12, 11, 11, 10, 10, 11, 10, 9, 9, 10, 10, 10, 9, 11, 8, 11, 10, 10, 12, 11, 10, 12, 11, 9, 10, 10, 10, 11, 9, 10, 10, 9, 9, 10, 10, 11, 9, 11, 10, 10, 9, 11, 9, 12, 10, 9, 10, 9, 10, 8, 11, 10, 10, 11, 11, 9, 8, 10, 10, 11, 9, 10, 12, 10, 8, 11, 11, 8, 9, 10, 11, 9, 10, 10, 13, 12, 11, 10, 10, 11, 8, 13, 10, 10, 10, 10, 10, 11, 11, 11, 11, 11, 10, 9, 11, 10, 11, 9, 10, 11, 9, 8, 11, 10, 7, 10, 13, 9, 10, 12, 11, 11, 10, 11, 9, 7, 13, 10, 11, 10, 12, 7, 11, 11, 10, 9, 9, 10, 10, 10, 10, 10, 9, 11, 10, 8, 9, 10, 10, 11, 9, 9, 10, 11, 10, 10, 10, 10, 11, 10, 10, 8, 10, 9, 11, 9, 10, 11, 10, 8, 11, 9, 12, 11, 9, 11, 10, 10, 9, 11, 11, 9, 10, 10, 10, 10, 9, 9, 10, 9, 10, 10, 9, 11, 10, 10, 11, 11, 11, 9, 11, 7, 10, 10, 10, 9, 11, 10, 11, 10, 10, 11, 10, 10, 12, 11, 10, 10, 10, 9]"
20,10,2,2,2,1.0,1.0,400,"[9, 10, 10, 12, 9, 10, 10, 11, 12, 10, 10, 11, 11, 12, 11, 9, 10, 10, 10, 9, 11, 10, 11, 11, 10, 10, 10, 11, 10, 11, 10, 11, 11, 11, 10, 9, 9, 10, 12, 11, 11, 10, 11, 9, 10, 9, 10, 12, 11, 10, 11, 11, 10, 10, 11, 10, 10, 11, 10, 11, 9, 9, 11, 9, 10, 11, 10, 9, 10, 10, 8, 10, 9, 9, 9, 9, 10, 8, 11, 11, 9, 10, 11, 11, 10, 10, 9, 10, 11, 11, 9, 9, 12, 11, 10, 8, 10, 9, 9, 11, 8, 11, 8, 9, 12, 9, 11, 10, 10, 10, 11, 9, 10, 9, 9, 10, 9, 10, 10, 10, 9, 11, 12, 12, 10, 10, 11, 12, 10, 10, 11, 11, 12, 9, 10, 10, 9, 11, 10, 12, 11, 9, 11, 11, 10, 11, 11, 11, 11, 10, 11, 10, 10, 9, 11, 8, 10, 11, 11, 9, 10, 10, 11, 11, 12, 11, 10, 12, 9, 10, 11, 11, 9, 12, 9, 11, 10, 10, 8, 10, 9, 9, 10, 11, 11, 12, 9, 10, 10, 12, 12, 9, 11, 11, 11, 12, 9, 12, 10, 10, 9, 8, 10, 10, 10, 8, 11, 9, 11, 9, 9, 10, 9, 9, 11, 11, 10, 9, 10, 12, 8, 9, 9, 10, 8, 11, 9, 10, 9, 10, 10, 10, 10, 11, 10, 9, 11, 11, 10, 10, 11, 11, 8, 11, 11, 11, 9, 11, 11, 9, 12, 8, 10, 10, 12, 11, 9, 10, 10, 10, 10, 10, 10, 9, 11, 10, 11, 8, 8, 8, 9, 10, 10, 10, 11, 10, 9, 9, 11, 10, 10, 11, 10, 11, 10, 9, 12, 10, 10, 10, 10, 10, 10, 10, 10, 7, 10, 12, 9, 12, 11, 9, 12, 10, 11, 10, 10, 10, 11, 11, 10, 10, 10, 10, 11, 12, 10, 10, 12, 9, 10, 10, 10, 8, 9, 10, 9, 10, 10, 9, 12, 11, 10, 12, 11, 10, 10, 12, 8, 10, 9, 9, 11, 11, 10, 11, 10, 9, 11, 11, 10, 9, 10, 11, 10, 9, 10, 10, 9, 10, 9, 10, 9, 9, 9, 11, 9, 10, 11, 11, 10, 9, 10, 10, 9, 10, 10, 12, 11, 11, 9, 11, 10, 10, 10, 8, 12, 12, 11, 9, 10, 10, 9, 10, 10, 12, 9, 11, 10, 9]"
20,10,102,96,15,6.8,6.4,400,"[9, 10, 11, 10, 10, 10, 10, 9, 9, 10, 10, 10, 10, 9, 9, 10, 11, 9, 10, 10, 13, 10, 11, 11, 7, 8, 9, 9, 9, 10, 11, 9, 10, 11, 11, 11, 10, 13, 11, 11, 12, 9, 9, 8, 11, 9, 10, 9, 11, 8, 9, 10, 10, 10, 9, 9, 9, 11, 8, 9, 12, 8, 10, 10, 12, 10, 11, 12, 11, 10, 9, 11, 10, 9, 9, 11, 9, 11, 12, 9, 11, 9, 11, 10, 10, 10, 10, 10, 10, 11, 11, 9, 11, 9, 11, 13, 9, 11, 10, 8, 11, 11, 10, 9, 9, 10, 10, 11, 9, 11, 9, 9, 10, 10, 8, 12, 10, 9, 10, 10, 9, 10, 10, 11, 10, 10, 11, 11, 11, 11, 11, 10, 11, 8, 10, 10, 12, 10, 11, 9, 11, 9, 12, 10, 9, 9, 12, 10, 12, 9, 10, 10, 9, 8, 9, 9, 9, 8, 11, 11, 10, 10, 11, 11, 9, 11, 8, 9, 10, 10, 9, 11, 10, 9, 11, 12, 12, 9, 8, 10, 10, 10, 9, 8, 9, 11, 10, 9, 10, 11, 11, 11, 11, 10, 9, 10, 10, 11, 10, 11, 10, 11, 9, 10, 8, 10, 10, 11, 10, 9, 10, 9, 8, 12, 9, 10, 10, 9, 11, 11, 11, 12, 11, 10, 9, 8, 11, 11, 10, 9, 10, 10, 9, 10, 11, 10, 10, 10, 12, 10, 11, 9, 9, 10, 10, 12, 11, 10, 11, 10, 10, 10, 9, 8, 8, 10, 10, 10, 11, 9, 10, 10, 11, 10, 8, 11, 10, 11, 9, 10, 10, 8, 11, 8, 9, 9, 10, 11, 10, 10, 9, 8, 9, 9, 9, 9, 11, 10, 10, 11, 9, 11, 12, 9, 10, 12, 10, 11, 10, 9, 11, 9, 8, 8, 10, 10, 10, 10, 9, 11, 10, 10, 10, 10, 9, 10, 11, 10, 12, 11, 9, 10, 11, 9, 9, 8, 9, 9, 10, 10, 12, 11, 10, 11, 10, 9, 11, 10, 10, 10, 12, 8, 8, 9, 10, 11, 9, 9, 9, 10, 9, 8, 9, 10, 10, 9, 11, 10, 11, 8, 10, 10, 9, 9, 10, 11, 9, 12, 10, 9, 7, 11, 9, 11, 10, 9, 11, 10, 9, 9, 9, 11, 10, 8, 10, 11, 11, 10, 11, 9, 10, 11, 10, 10, 11, 11, 9, 12, 11, 12]"
20,10,32,30,13,2.4615384615384617,2.3076923076923075,400,"[10, 8, 9, 11, 9, 10, 9, 9, 9, 11, 8, 10, 9, 8, 8, 11, 10, 11, 10, 9, 9, 11, 10, 11, 9, 9, 11, 11, 9, 9, 10, 11, 10, 11, 10, 11, 12, 10, 11, 11, 10, 10, 9, 10, 10, 11, 11, 10, 11, 10, 9, 9, 10, 10, 8, 10, 12, 11, 10, 11, 10, 10, 11, 9, 10, 9, 10, 11, 9, 8, 11, 8, 11, 10, 11, 9, 9, 9, 10, 11, 9, 11, 10, 11, 9, 10, 10, 9, 10, 9, 9, 9, 8, 10, 10, 11, 10, 9, 10, 11, 12, 10, 10, 11, 10, 11, 10, 10, 11, 10, 10, 10, 10, 9, 9, 10, 9, 9, 10, 9, 11, 10, 10, 10, 10, 10, 8, 9, 10, 9, 11, 7, 10, 10, 11, 9, 10, 10, 9, 9, 10, 12, 9, 10, 11, 12, 10, 10, 11, 12, 12, 10, 11, 10, 9, 10, 11, 11, 10, 11, 11, 10, 10, 10, 10, 11, 10, 12, 11, 10, 11, 10, 12, 8, 10, 10, 10, 9, 9, 9, 10, 9, 10, 12, 10, 10, 10, 10, 10, 9, 13, 11, 10, 8, 10, 10, 9, 11, 10, 10, 11, 11, 11, 10, 9, 8, 8, 11, 10, 12, 11, 10, 10, 12, 10, 11, 11, 10, 10, 10, 10, 10, 10, 11, 9, 11, 9, 9, 12, 9, 9, 11, 11, 8, 10, 9, 10, 10, 9, 8, 10, 11, 10, 8, 11, 10, 11, 11, 10, 10, 10, 10, 11, 10, 10, 9, 10, 11, 10, 11, 10, 10, 10, 10, 9, 8, 9, 10, 9, 10, 11, 9, 12, 9, 11, 9, 10, 11, 10, 10, 11, 11, 11, 10, 10, 9, 11, 11, 11, 11, 8, 8, 10, 10, 10, 10, 11, 13, 10, 10, 11, 8, 12, 11, 12, 10, 9, 12, 11, 10, 10, 9, 12, 9, 10, 10, 10, 11, 9, 10, 8, 10, 8, 9, 9, 10, 9, 11, 10, 10, 9, 11, 10, 8, 10, 9, 8, 10, 9, 9, 10, 9, 11, 10, 11, 11, 12, 9, 10, 7, 10, 10, 10, 10, 12, 9, 11, 12, 9, 13, 12, 12, 10, 10, 8, 10, 10, 11, 9, 9, 9, 10, 10, 11, 8, 10, 9, 10, 11, 9, 9, 13, 10, 10, 8, 10, 10, 9, 10, 10, 9, 10, 9, 12, 11, 9, 10, 8, 9, 8]"
20,10,18,18,5,3.6,3.6,400,"[8, 9, 10, 9, 10, 10, 11, 10, 10, 10, 11, 11, 9, 9, 8, 12, 10, 10, 11, 9, 8, 10, 9, 8, 9, 11, 8, 11, 9, 9, 9, 9, 10, 10, 9, 11, 9, 9, 11, 11, 10, 11, 11, 10, 10, 11, 8, 9, 11, 8, 9, 9, 8, 11, 8, 9, 10, 10, 10, 12, 10, 11, 10, 9, 8, 11, 10, 10, 11, 12, 11, 10, 9, 12, 10, 11, 8, 9, 10, 9, 11, 10, 9, 10, 11, 9, 11, 11, 10, 11, 11, 10, 10, 10, 11, 9, 11, 9, 8, 9, 9, 9, 11, 10, 8, 8, 10, 10, 11, 10, 10, 9, 10, 9, 11, 11, 11, 8, 10, 11, 9, 10, 10, 10, 10, 8, 11, 10, 10, 10, 10, 9, 11, 11, 10, 10, 9, 9, 12, 11, 10, 11, 13, 9, 12, 9, 11, 9, 8, 10, 12, 10, 9, 9, 9, 11, 9, 11, 10, 11, 11, 9, 10, 11, 9, 10, 10, 11, 12, 9, 10, 10, 10, 9, 11, 10, 9, 10, 10, 11, 10, 11, 10, 9, 9, 9, 10, 10, 9, 10, 11, 10, 10, 8, 11, 9, 9, 9, 10, 10, 10, 10, 9, 10, 9, 11, 10, 9, 10, 10, 9, 8, 9, 10, 10, 10, 10, 11, 8, 10, 11, 9, 10, 10, 11, 10, 10, 12, 11, 8, 8, 11, 10, 10, 9, 9, 10, 10, 9, 9, 12, 10, 9, 11, 10, 10, 11, 10, 10, 11, 8, 11, 9, 11, 10, 10, 10, 8, 9, 8, 11, 11, 10, 12, 9, 9, 10, 9, 9, 10, 8, 10, 9, 9, 10, 10, 9, 10, 9, 12, 11, 11, 11, 11, 11, 10, 9, 10, 9, 11, 13, 10, 9, 10, 11, 10, 9, 9, 9, 10, 11, 9, 10, 9, 10, 10, 11, 10, 9, 9, 8, 9, 9, 9, 10, 9, 11, 11, 9, 11, 10, 10, 8, 10, 8, 10, 10, 12, 8, 10, 10, 9, 10, 11, 11, 9, 10, 8, 10, 10, 9, 10, 10, 11, 9, 10, 10, 9, 11, 9, 10, 11, 11, 10, 10, 10, 11, 9, 9, 9, 10, 10, 10, 12, 8, 9, 11, 9, 8, 10, 10, 10, 11, 11, 10, 10, 11, 9, 9, 10, 9, 12, 11, 10, 10, 9, 11, 12, 7, 8, 8, 9, 11, 9, 10, 9, 10, 10, 11, 10]"
20,10,50,48,17,2.9411764705882355,2.823529411764706,400,"[10, 10, 12, 9, 9, 11, 10, 10, 10, 10, 10, 11, 10, 9, 8, 9, 8, 11, 11, 10, 11, 11, 11, 9, 10, 10, 11, 11, 9, 10, 11, 11, 9, 11, 9, 10, 11, 9, 10, 13, 10, 9, 11, 9, 11, 10, 10, 10, 9, 10, 12, 9, 10, 9, 10, 10, 10, 11, 10, 10, 11, 11, 11, 9, 9, 9, 10, 10, 8, 7, 9, 10, 8, 10, 10, 12, 11, 11, 10, 10, 9, 11, 11, 12, 10, 10, 9, 10, 10, 9, 10, 12, 10, 11, 10, 12, 11, 10, 11, 10, 10, 10, 10, 10, 11, 9, 10, 11, 11, 8, 10, 10, 10, 11, 10, 10, 10, 11, 11, 10, 10, 10, 10, 10, 10, 9, 10, 8, 10, 12, 10, 9, 9, 12, 11, 10, 8, 9, 10, 10, 10, 11, 9, 10, 11, 10, 10, 10, 8, 10, 10, 11, 11, 10, 9, 10, 11, 11, 10, 11, 8, 10, 11, 8, 8, 11, 11, 11, 11, 10, 11, 10, 11, 12, 9, 10, 13, 9, 10, 7, 8, 11, 9, 9, 10, 11, 11, 9, 8, 9, 10, 10, 7, 11, 11, 13, 11, 10, 10, 9, 13, 7, 10, 10, 10, 10, 11, 10, 10, 11, 10, 10, 12, 8, 9, 10, 11, 8, 8, 9, 10, 10, 11, 11, 11, 10, 10, 10, 11, 10, 10, 10, 9, 10, 11, 9, 11, 11, 8, 10, 9, 12, 10, 11, 10, 11, 11, 11, 10, 11, 10, 11, 11, 9, 9, 10, 10, 10, 9, 11, 10, 9, 10, 9, 10, 9, 11, 10, 9, 9, 9, 8, 10, 11, 11, 10, 9, 9, 10, 10, 10, 11, 11, 11, 9, 9, 9, 11, 11, 11, 10, 9, 11, 9, 9, 10, 10, 10, 10, 9, 10, 10, 11, 12, 10, 11, 11, 9, 12, 11, 10, 10, 9, 9, 10, 7, 10, 11, 10, 9, 11, 11, 10, 8, 9, 11, 10, 8, 9, 10, 8, 11, 11, 12, 9, 10, 10, 9, 10, 9, 10, 10, 10, 11, 10, 11, 10, 10, 10, 10, 10, 10, 9, 10, 9, 11, 11, 10, 9, 9, 9, 10, 10, 10, 10, 9, 9, 11, 11, 11, 9, 10, 11, 8, 10, 11, 11, 10, 12, 12, 10, 8, 11, 9, 9, 10, 10, 10, 9, 10, 9, 10, 9, 10, 11, 8, 11, 10, 11, 10]"
20,10,13,13,8,1.625,1.625,400,"[8, 11, 10, 11, 9, 10, 9, 11, 9, 11, 11, 9, 8, 11, 9, 11, 10, 9, 11, 9, 10, 12, 10, 11, 9, 10, 10, 11, 9, 12, 10, 9, 11, 11, 11, 10, 9, 9, 10, 8, 11, 11, 9, 10, 9, 10, 9, 10, 11, 10, 11, 11, 9, 10, 9, 11, 8, 12, 10, 11, 10, 12, 8, 10, 10, 10, 11, 9, 10, 10, 12, 11, 10, 10, 11, 11, 10, 10, 12, 11, 12, 8, 10, 11, 9, 9, 9, 9, 10, 11, 9, 11, 10, 10, 11, 10, 10, 11, 10, 9, 9, 10, 11, 9, 10, 10, 9, 8, 9, 11, 13, 10, 10, 11, 10, 9, 10, 11, 9, 9, 9, 12, 11, 9, 11, 12, 11, 9, 10, 11, 11, 12, 11, 9, 11, 10, 11, 10, 10, 11, 10, 8, 9, 9, 9, 10, 9, 9, 10, 11, 7, 10, 11, 11, 10, 10, 11, 8, 10, 8, 8, 11, 11, 10, 9, 12, 10, 9, 10, 10, 10, 8, 9, 9, 10, 10, 9, 10, 10, 11, 11, 10, 9, 10, 10, 9, 11, 10, 9, 10, 10, 10, 11, 10, 10, 9, 10, 11, 10, 11, 10, 10, 11, 10, 8, 12, 11, 9, 12, 9, 10, 12, 10, 11, 8, 12, 9, 10, 9, 9, 12, 9, 10, 10, 10, 11, 10, 9, 10, 10, 9, 9, 10, 11, 10, 10, 10, 11, 10, 9, 10, 11, 10, 10, 11, 11, 11, 8, 10, 10, 10, 10, 11, 10, 10, 8, 11, 10, 8, 10, 10, 9, 12, 10, 10, 9, 9, 11, 11, 12, 11, 8, 9, 10, 9, 10, 10, 9, 10, 12, 10, 11, 11, 9, 10, 11, 8, 9, 9, 10, 10, 9, 10, 10, 11, 10, 9, 11, 9, 10, 9, 9, 10, 9, 10, 10, 11, 11, 11, 9, 10, 12, 10, 9, 8, 10, 9, 12, 10, 9, 8, 10, 9, 10, 9, 11, 12, 11, 11, 10, 11, 8, 8, 11, 9, 9, 9, 11, 10, 10, 10, 8, 11, 11, 9, 11, 11, 11, 12, 11, 10, 10, 10, 10, 10, 9, 9, 9, 8, 11, 12, 10, 11, 11, 10, 9, 9, 11, 12, 11, 10, 10, 11, 9, 11, 10, 9, 10, 9, 8, 9, 8, 10, 12, 11, 9, 7, 10, 10, 9, 9, 10, 11, 9, 9, 10, 9, 9, 11, 10]"
20,10,21,21,11,1.9090909090909092,1.9090909090909092,400,"[10, 10, 11, 11, 11, 8, 12, 8, 9, 10, 11, 10, 10, 12, 11, 10, 10, 10, 10, 10, 9, 10, 9, 11, 8, 12, 10, 10, 12, 9, 9, 10, 9, 11, 11, 9, 10, 10, 10, 9, 10, 8, 9, 11, 10, 9, 10, 9, 10, 10, 10, 11, 10, 9, 10, 8, 14, 10, 11, 9, 9, 9, 10, 9, 9, 10, 10, 9, 11, 11, 8, 10, 11, 9, 11, 9, 10, 11, 9, 11, 13, 10, 9, 10, 11, 11, 10, 9, 13, 10, 8, 10, 13, 11, 10, 10, 9, 10, 10, 9, 10, 11, 10, 10, 11, 9, 10, 10, 10, 10, 10, 10, 10, 11, 10, 8, 10, 10, 12, 11, 10, 11, 10, 10, 10, 9, 11, 11, 8, 11, 10, 10, 10, 11, 10, 9, 12, 10, 9, 10, 10, 10, 11, 12, 12, 8, 11, 10, 10, 12, 8, 10, 11, 8, 9, 11, 11, 9, 10, 9, 11, 11, 10, 10, 11, 10, 12, 10, 10, 11, 9, 10, 10, 9, 10, 11, 11, 8, 9, 11, 10, 11, 10, 10, 9, 11, 10, 11, 11, 9, 9, 9, 10, 10, 9, 10, 10, 11, 11, 11, 10, 11, 9, 11, 10, 8, 9, 9, 9, 10, 10, 10, 11, 10, 10, 10, 10, 11, 10, 11, 10, 10, 11, 11, 10, 11, 7, 10, 9, 10, 9, 10, 11, 11, 12, 8, 10, 10, 11, 10, 8, 10, 9, 9, 10, 10, 11, 11, 10, 12, 9, 9, 9, 10, 8, 9, 10, 9, 10, 10, 10, 11, 10, 11, 11, 12, 11, 10, 8, 11, 11, 12, 10, 10, 11, 11, 12, 10, 11, 9, 11, 10, 9, 11, 11, 8, 10, 8, 10, 12, 9, 9, 8, 11, 10, 11, 10, 13, 9, 11, 9, 12, 12, 10, 11, 10, 8, 8, 9, 10, 9, 10, 10, 10, 9, 8, 9, 10, 11, 10, 10, 9, 12, 9, 10, 10, 9, 11, 11, 10, 12, 10, 8, 11, 11, 10, 10, 10, 12, 9, 9, 10, 9, 10, 10, 11, 10, 10, 10, 9, 11, 10, 11, 9, 12, 10, 10, 10, 9, 10, 10, 11, 9, 11, 10, 10, 12, 10, 10, 9, 9, 9, 11, 8, 9, 11, 11, 11, 11, 10, 10, 11, 11, 10, 9, 9, 10, 10, 12, 9, 10, 11, 11, 11, 12, 11, 9, 10, 10, 11]"
20,10,56,50,22,2.5454545454545454,2.272727272727273,400,"[11, 11, 10, 10, 11, 9, 10, 9, 12, 9, 10, 10, 10, 9, 9, 8, 9, 11, 10, 9, 10, 10, 10, 9, 11, 9, 9, 9, 10, 11, 10, 10, 10, 9, 8, 10, 10, 10, 10, 9, 11, 10, 11, 8, 11, 9, 10, 9, 11, 11, 9, 10, 10, 10, 11, 10, 9, 9, 10, 10, 9, 7, 11, 10, 9, 10, 9, 10, 9, 9, 11, 13, 10, 10, 10, 11, 10, 10, 10, 12, 10, 10, 12, 11, 10, 9, 9, 11, 10, 11, 10, 7, 8, 11, 10, 10, 9, 9, 9, 10, 11, 9, 12, 9, 9, 10, 12, 9, 9, 9, 9, 9, 10, 11, 10, 9, 11, 10, 11, 10, 10, 10, 10, 10, 11, 10, 9, 10, 9, 10, 12, 9, 9, 11, 11, 10, 10, 10, 10, 9, 10, 10, 11, 10, 8, 10, 11, 11, 11, 10, 10, 10, 10, 9, 10, 10, 10, 9, 9, 12, 10, 10, 9, 9, 9, 10, 11, 11, 10, 11, 9, 10, 11, 10, 8, 11, 9, 11, 8, 10, 11, 10, 10, 10, 10, 13, 11, 11, 12, 10, 11, 11, 11, 13, 11, 10, 10, 10, 10, 10, 10, 10, 11, 10, 9, 11, 12, 11, 9, 9, 11, 10, 10, 12, 10, 11, 9, 9, 10, 9, 10, 9, 12, 10, 11, 9, 10, 10, 11, 9, 10, 10, 10, 9, 12, 8, 10, 8, 10, 10, 10, 11, 10, 10, 10, 10, 12, 10, 10, 10, 9, 9, 10, 11, 9, 11, 10, 9, 11, 11, 11, 10, 11, 10, 11, 10, 10, 9, 9, 9, 11, 13, 9, 9, 9, 10, 11, 9, 11, 10, 10, 11, 12, 11, 11, 8, 10, 11, 10, 11, 10, 12, 11, 11, 9, 10, 10, 10, 11, 9, 10, 7, 10, 10, 11, 10, 10, 10, 10, 12, 10, 10, 10, 10, 10, 11, 12, 9, 11, 11, 9, 10, 11, 9, 11, 9, 10, 12, 10, 9, 10, 9, 12, 7, 9, 11, 9, 9, 9, 9, 12, 10, 9, 11, 10, 9, 10, 9, 11, 10, 9, 8, 10, 10, 10, 11, 11, 10, 10, 11, 10, 11, 12, 10, 11, 11, 11, 10, 8, 10, 11, 12, 10, 11, 10, 9, 9, 11, 12, 10, 11, 11, 10, 9, 9, 11, 11, 9, 12, 10, 10, 11, 11, 8, 11, 9, 9, 10, 10, 11]"
20,10,48,44,16,3.0,2.75,400,"[8, 11, 10, 10, 11, 10, 8, 11, 10, 9, 12, 8, 9, 8, 11, 11, 11, 11, 10, 10, 10, 9, 10, 9, 11, 9, 11, 11, 12, 11, 11, 11, 11, 10, 10, 10, 10, 10, 9, 11, 10, 11, 10, 12, 11, 11, 9, 10, 10, 10, 10, 11, 8, 10, 8, 14, 8, 11, 10, 11, 10, 10, 11, 9, 10, 11, 10, 9, 10, 9, 11, 12, 9, 12, 10, 11, 9, 9, 10, 10, 9, 9, 11, 10, 10, 10, 11, 11, 9, 11, 10, 10, 11, 12, 11, 12, 9, 10, 10, 10, 12, 9, 10, 9, 8, 10, 10, 11, 9, 11, 8, 9, 11, 11, 11, 11, 9, 10, 12, 10, 9, 10, 9, 11, 9, 10, 11, 10, 11, 10, 10, 12, 11, 9, 10, 12, 10, 9, 10, 10, 11, 8, 11, 10, 9, 11, 9, 12, 9, 11, 9, 10, 9, 12, 8, 9, 10, 9, 10, 11, 11, 9, 11, 11, 11, 9, 8, 11, 9, 9, 10, 9, 11, 10, 10, 11, 11, 11, 10, 11, 9, 9, 9, 12, 10, 10, 9, 9, 11, 9, 10, 11, 9, 9, 10, 10, 10, 8, 9, 9, 10, 9, 9, 11, 9, 8, 8, 9, 10, 7, 9, 8, 10, 9, 11, 11, 10, 12, 9, 9, 9, 9, 11, 10, 8, 10, 9, 10, 10, 9, 10, 11, 9, 12, 10, 10, 10, 9, 11, 9, 11, 10, 10, 10, 10, 9, 9, 12, 11, 10, 11, 10, 9, 10, 10, 10, 10, 10, 9, 10, 11, 11, 9, 8, 11, 10, 9, 10, 9, 9, 11, 10, 10, 9, 11, 11, 10, 11, 10, 8, 10, 11, 11, 10, 10, 9, 10, 10, 9, 11, 8, 10, 10, 11, 10, 11, 10, 10, 11, 10, 9, 10, 10, 10, 10, 10, 11, 9, 9, 10, 9, 9, 10, 8, 9, 10, 11, 9, 9, 11, 9, 8, 10, 10, 11, 10, 8, 10, 10, 8, 11, 10, 8, 10, 8, 11, 9, 12, 9, 11, 8, 11, 9, 10, 10, 12, 8, 11, 9, 12, 9, 9, 11, 9, 10, 9, 10, 10, 11, 10, 10, 10, 11, 11, 10, 10, 11, 11, 12, 11, 11, 8, 8, 10, 10, 11, 10, 9, 9, 11, 9, 10, 9, 9, 8, 10, 10, 9, 13, 10, 10, 9, 8, 10, 10, 10, 11, 8, 9, 11]"
20,10,9,9,4,2.25,2.25,400,"[12, 11, 11, 11, 10, 11, 9, 10, 9, 10, 10, 9, 11, 10, 12, 10, 10, 10, 9, 10, 8, 9, 10, 8, 11, 10, 11, 13, 9, 10, 13, 9, 9, 10, 10, 8, 10, 10, 10, 10, 8, 11, 10, 9, 10, 8, 11, 11, 11, 10, 11, 8, 10, 9, 10, 9, 9, 10, 11, 10, 11, 10, 10, 9, 11, 11, 11, 10, 11, 8, 11, 10, 10, 11, 12, 11, 10, 11, 12, 11, 9, 8, 11, 11, 9, 10, 12, 10, 11, 11, 11, 11, 11, 8, 8, 10, 10, 10, 10, 11, 10, 10, 10, 12, 10, 10, 10, 11, 10, 9, 10, 11, 9, 12, 11, 10, 11, 9, 9, 10, 10, 11, 10, 10, 11, 10, 10, 10, 9, 9, 11, 10, 9, 10, 11, 11, 9, 10, 11, 10, 10, 9, 11, 11, 11, 10, 11, 10, 10, 10, 10, 10, 10, 10, 10, 10, 11, 11, 11, 12, 10, 10, 10, 10, 10, 10, 12, 12, 10, 9, 9, 11, 11, 10, 11, 9, 10, 9, 9, 10, 10, 8, 10, 9, 8, 10, 8, 9, 9, 10, 11, 10, 10, 10, 11, 10, 10, 12, 10, 9, 10, 11, 11, 9, 9, 10, 10, 10, 10, 8, 9, 9, 11, 11, 12, 9, 9, 11, 10, 10, 9, 10, 9, 8, 10, 9, 10, 10, 9, 10, 10, 10, 10, 9, 12, 10, 11, 10, 10, 9, 12, 10, 11, 9, 12, 9, 10, 12, 8, 9, 9, 8, 9, 9, 11, 11, 10, 9, 10, 9, 9, 12, 11, 10, 10, 11, 9, 11, 9, 12, 10, 11, 10, 8, 9, 12, 10, 10, 11, 9, 10, 9, 10, 10, 11, 11, 11, 9, 12, 8, 12, 10, 10, 9, 10, 13, 12, 9, 11, 9, 11, 11, 10, 11, 8, 11, 12, 10, 10, 10, 9, 11, 12, 9, 11, 12, 8, 8, 10, 9, 10, 12, 11, 9, 11, 9, 11, 9, 10, 11, 9, 9, 9, 11, 9, 9, 9, 10, 12, 10, 10, 8, 10, 9, 12, 12, 10, 9, 10, 10, 11, 9, 10, 10, 9, 9, 10, 10, 9, 10, 11, 11, 10, 10, 11, 10, 9, 11, 11, 10, 10, 10, 11, 12, 10, 10, 10, 10, 9, 10, 10, 9, 10, 9, 10, 10, 10, 10, 11, 10, 13, 11, 10, 11, 10, 8, 9, 9, 11, 9]"
20,10,30,30,8,3.75,3.75,400,"[10, 8, 9, 10, 8, 10, 11, 9, 9, 10, 9, 9, 9, 11, 11, 11, 11, 11, 10, 9, 10, 9, 11, 10, 9, 9, 10, 11, 9, 10, 10, 9, 11, 9, 11, 11, 10, 10, 10, 11, 10, 9, 10, 10, 9, 12, 11, 10, 8, 9, 9, 8, 11, 10, 8, 9, 11, 9, 8, 9, 10, 9, 11, 9, 11, 10, 9, 9, 9, 10, 11, 11, 10, 10, 10, 11, 11, 10, 10, 10, 9, 10, 10, 11, 9, 11, 11, 10, 10, 8, 10, 10, 11, 11, 11, 10, 11, 11, 10, 10, 11, 11, 10, 12, 12, 10, 11, 11, 12, 9, 11, 9, 11, 10, 11, 10, 9, 9, 11, 10, 10, 10, 9, 10, 9, 10, 10, 10, 12, 10, 11, 10, 10, 10, 10, 10, 11, 8, 9, 10, 11, 11, 10, 10, 13, 8, 11, 9, 11, 10, 10, 9, 8, 9, 10, 10, 9, 9, 10, 11, 11, 12, 8, 8, 11, 10, 9, 9, 8, 8, 12, 10, 10, 9, 10, 8, 11, 9, 9, 11, 11, 9, 10, 11, 9, 10, 11, 9, 11, 9, 9, 11, 12, 10, 10, 10, 10, 11, 11, 8, 11, 11, 9, 11, 9, 10, 10, 11, 9, 9, 11, 10, 9, 12, 10, 12, 12, 11, 9, 9, 11, 11, 9, 8, 12, 9, 10, 11, 9, 10, 11, 10, 13, 11, 10, 11, 9, 10, 8, 10, 8, 10, 8, 10, 9, 11, 10, 9, 11, 8, 8, 10, 9, 9, 9, 10, 9, 11, 10, 10, 10, 9, 11, 10, 8, 10, 11, 10, 10, 10, 10, 10, 10, 9, 10, 12, 10, 10, 11, 10, 11, 9, 11, 9, 11, 10, 11, 11, 8, 11, 11, 11, 11, 10, 9, 10, 11, 9, 10, 10, 11, 9, 10, 11, 9, 10, 8, 9, 8, 11, 11, 10, 13, 10, 9, 10, 12, 10, 10, 11, 10, 10, 10, 13, 10, 10, 11, 11, 12, 9, 10, 10, 9, 8, 12, 11, 9, 10, 9, 11, 11, 10, 9, 10, 11, 10, 9, 11, 11, 11, 10, 11, 11, 10, 9, 10, 12, 9, 10, 9, 8, 9, 10, 11, 10, 10, 10, 9, 10, 10, 9, 8, 9, 12, 12, 10, 13, 11, 9, 9, 10, 10, 10, 10, 9, 12, 11, 11, 8, 10, 10, 10, 11, 12, 9, 8, 10, 11, 9, 11]"
20,10,68,66,18,3.7777777777777777,3.6666666666666665,400,"[11, 10, 8, 10, 11, 12, 9, 11, 11, 11, 9, 9, 9, 11, 11, 11, 8, 11, 11, 10, 12, 8, 10, 8, 9, 11, 9, 9, 9, 10, 10, 10, 8, 9, 10, 9, 10, 8, 12, 8, 10, 10, 10, 9, 10, 9, 10, 10, 9, 11, 10, 9, 9, 11, 11, 10, 10, 9, 11, 9, 9, 10, 11, 9, 10, 10, 10, 9, 8, 10, 9, 10, 10, 10, 10, 9, 10, 9, 10, 10, 10, 9, 9, 10, 9, 9, 10, 10, 10, 10, 10, 10, 10, 8, 11, 10, 9, 12, 10, 10, 11, 10, 10, 10, 10, 8, 11, 8, 12, 10, 11, 10, 10, 10, 10, 11, 9, 9, 11, 10, 11, 11, 12, 10, 10, 10, 9, 9, 9, 11, 10, 13, 8, 11, 10, 9, 11, 10, 8, 10, 11, 10, 10, 10, 7, 10, 12, 11, 11, 9, 10, 10, 10, 11, 9, 9, 11, 10, 11, 10, 12, 12, 10, 12, 9, 10, 9, 11, 9, 9, 10, 11, 12, 9, 9, 10, 8, 12, 10, 10, 9, 10, 9, 9, 9, 11, 10, 9, 9, 10, 10, 10, 9, 9, 9, 9, 10, 10, 10, 11, 10, 9, 10, 7, 9, 10, 10, 12, 11, 12, 11, 12, 10, 8, 10, 10, 8, 9, 11, 10, 8, 11, 10, 11, 10, 10, 9, 11, 10, 9, 9, 10, 10, 9, 11, 7, 9, 7, 11, 9, 10, 10, 11, 11, 9, 8, 10, 10, 10, 9, 10, 11, 9, 11, 9, 11, 10, 10, 9, 9, 10, 10, 10, 10, 9, 9, 11, 9, 10, 10, 9, 9, 12, 10, 12, 10, 10, 12, 9, 10, 9, 10, 9, 9, 10, 9, 9, 10, 10, 10, 11, 9, 9, 11, 11, 10, 10, 8, 8, 11, 10, 9, 11, 9, 8, 9, 10, 9, 9, 11, 9, 9, 13, 9, 10, 10, 10, 9, 11, 12, 11, 11, 10, 11, 10, 10, 11, 9, 9, 12, 10, 9, 9, 9, 9, 10, 11, 10, 10, 9, 9, 10, 10, 10, 9, 10, 10, 11, 12, 11, 11, 9, 11, 9, 12, 8, 10, 12, 10, 10, 10, 10, 9, 10, 10, 10, 8, 9, 11, 8, 10, 9, 9, 9, 10, 9, 10, 12, 9, 11, 9, 9, 10, 11, 10, 11, 10, 10, 10, 9, 10, 11, 10, 11, 9, 11, 11, 10, 11, 10]"
20,10,37,35,9,4.111111111111111,3.888888888888889,400,"[9, 10, 9, 10, 9, 10, 10, 10, 11, 10, 9, 11, 9, 9, 9, 10, 11, 9, 9, 10, 9, 10, 9, 9, 10, 12, 11, 12, 10, 9, 10, 12, 12, 10, 10, 10, 10, 10, 10, 10, 9, 9, 10, 11, 9, 9, 9, 9, 9, 11, 12, 9, 9, 9, 11, 8, 11, 10, 11, 10, 12, 10, 10, 9, 9, 9, 10, 12, 9, 10, 11, 9, 10, 9, 11, 11, 10, 9, 11, 9, 10, 11, 11, 11, 10, 10, 11, 9, 10, 9, 10, 11, 9, 11, 9, 9, 11, 11, 10, 10, 9, 8, 9, 11, 9, 10, 11, 9, 10, 10, 9, 11, 10, 8, 11, 9, 10, 11, 11, 11, 9, 9, 11, 9, 9, 11, 10, 9, 10, 10, 10, 10, 10, 10, 10, 9, 11, 10, 11, 9, 11, 11, 11, 8, 10, 12, 9, 11, 11, 10, 9, 11, 8, 10, 11, 10, 9, 11, 11, 10, 9, 9, 10, 11, 9, 12, 10, 8, 10, 11, 11, 10, 10, 11, 10, 10, 9, 11, 11, 6, 10, 9, 7, 10, 9, 8, 10, 10, 10, 11, 10, 10, 8, 10, 11, 11, 10, 10, 11, 10, 9, 11, 12, 10, 9, 9, 9, 10, 9, 11, 9, 11, 9, 10, 10, 11, 10, 11, 11, 11, 8, 10, 10, 9, 10, 12, 11, 10, 10, 10, 8, 10, 11, 10, 10, 10, 11, 9, 11, 12, 11, 10, 9, 10, 11, 8, 12, 11, 10, 9, 11, 10, 11, 9, 10, 9, 10, 11, 8, 11, 10, 10, 10, 9, 11, 11, 10, 10, 10, 9, 10, 9, 12, 12, 11, 10, 7, 10, 10, 10, 12, 10, 11, 11, 11, 11, 9, 10, 10, 11, 12, 9, 10, 10, 10, 9, 11, 8, 9, 10, 10, 11, 11, 10, 11, 11, 10, 11, 9, 10, 9, 10, 10, 10, 11, 10, 11, 10, 12, 10, 11, 10, 10, 9, 12, 10, 10, 10, 11, 10, 9, 11, 10, 11, 9, 9, 9, 9, 11, 11, 10, 10, 10, 10, 8, 9, 10, 11, 10, 11, 10, 9, 10, 8, 10, 11, 10, 10, 10, 11, 9, 11, 12, 11, 12, 9, 11, 9, 10, 9, 10, 9, 9, 10, 10, 12, 9, 10, 10, 11, 9, 10, 10, 10, 11, 11, 10, 10, 9, 10, 9, 9, 11, 10, 9, 9, 9, 9, 11, 11]"
20,10,64,60,17,3.764705882352941,3.5294117647058822,400,"[11, 11, 10, 8, 10, 9, 9, 9, 11, 10, 9, 11, 10, 10, 10, 10, 11, 9, 9, 10, 11, 10, 11, 10, 11, 10, 9, 9, 10, 9, 10, 10, 9, 11, 9, 11, 13, 12, 9, 10, 10, 9, 10, 11, 10, 9, 11, 11, 10, 11, 10, 10, 10, 10, 12, 9, 10, 10, 10, 10, 9, 11, 11, 8, 9, 11, 10, 8, 11, 9, 8, 9, 9, 12, 10, 12, 10, 10, 10, 9, 10, 9, 11, 10, 8, 11, 9, 10, 7, 11, 10, 11, 10, 11, 9, 11, 10, 8, 10, 9, 11, 9, 9, 9, 12, 9, 10, 9, 11, 11, 11, 8, 10, 11, 11, 10, 9, 10, 12, 10, 10, 11, 9, 9, 10, 10, 11, 11, 11, 8, 10, 11, 8, 11, 10, 10, 10, 10, 10, 9, 9, 10, 10, 9, 10, 9, 11, 8, 10, 11, 11, 10, 10, 10, 10, 8, 11, 10, 11, 10, 10, 9, 8, 10, 10, 10, 9, 11, 10, 11, 9, 11, 11, 8, 9, 11, 11, 10, 9, 10, 10, 10, 10, 10, 10, 12, 10, 8, 12, 12, 11, 10, 12, 11, 10, 9, 10, 11, 10, 10, 9, 10, 10, 11, 10, 10, 9, 9, 9, 10, 9, 11, 10, 11, 12, 9, 10, 9, 10, 11, 10, 8, 11, 10, 9, 10, 11, 11, 10, 10, 10, 9, 11, 11, 9, 9, 12, 10, 10, 9, 11, 10, 11, 11, 10, 10, 11, 10, 8, 10, 8, 10, 10, 7, 11, 10, 10, 11, 10, 10, 13, 8, 10, 8, 10, 9, 10, 11, 9, 10, 12, 9, 12, 8, 12, 10, 8, 12, 12, 9, 11, 10, 8, 8, 12, 12, 11, 8, 10, 11, 10, 11, 9, 9, 11, 9, 11, 11, 12, 10, 9, 10, 11, 11, 10, 11, 9, 9, 11, 8, 9, 10, 9, 10, 12, 11, 9, 10, 8, 9, 9, 10, 10, 8, 10, 10, 11, 9, 12, 11, 10, 12, 8, 10, 10, 9, 11, 11, 11, 9, 10, 10, 9, 10, 10, 10, 10, 11, 10, 10, 10, 12, 11, 10, 8, 9, 10, 11, 10, 10, 10, 11, 9, 11, 11, 10, 10, 10, 10, 10, 10, 10, 9, 10, 13, 9, 11, 9, 9, 10, 7, 9, 11, 8, 11, 11, 10, 10, 7, 10, 11, 10, 9, 10, 10, 10, 11, 11, 7, 10]"
20,10,54,54,19,2.8421052631578947,2.8421052631578947,400,"[9, 10, 10, 9, 11, 10, 9, 11, 9, 10, 11, 10, 12, 11, 9, 8, 12, 9, 10, 10, 9, 9, 10, 9, 10, 8, 11, 10, 10, 10, 10, 10, 10, 11, 12, 11, 10, 9, 9, 9, 9, 9, 11, 9, 10, 11, 13, 9, 11, 11, 11, 10, 9, 10, 11, 10, 9, 9, 9, 9, 10, 11, 9, 11, 10, 8, 9, 8, 10, 10, 11, 10, 9, 9, 11, 10, 11, 10, 10, 11, 9, 9, 11, 10, 11, 8, 9, 12, 10, 11, 11, 9, 10, 12, 10, 10, 12, 9, 11, 11, 10, 11, 10, 7, 11, 10, 9, 9, 8, 11, 10, 10, 10, 9, 11, 11, 11, 10, 11, 11, 10, 9, 9, 10, 9, 9, 8, 11, 10, 10, 11, 9, 8, 11, 12, 10, 11, 9, 9, 9, 11, 8, 10, 10, 10, 11, 8, 10, 11, 10, 10, 11, 10, 9, 9, 9, 10, 10, 10, 11, 11, 8, 11, 9, 10, 8, 9, 11, 10, 11, 12, 10, 9, 9, 11, 10, 10, 10, 9, 10, 12, 10, 11, 11, 9, 9, 11, 10, 10, 10, 9, 10, 10, 10, 11, 10, 11, 10, 10, 10, 11, 11, 9, 10, 11, 11, 10, 10, 9, 8, 9, 10, 11, 10, 12, 11, 9, 9, 10, 10, 10, 9, 10, 9, 10, 11, 11, 10, 10, 9, 10, 11, 9, 9, 10, 13, 10, 11, 10, 10, 11, 9, 8, 9, 10, 11, 7, 11, 8, 11, 11, 10, 10, 11, 9, 11, 10, 10, 10, 10, 10, 11, 8, 10, 10, 11, 11, 10, 8, 9, 8, 8, 11, 11, 10, 9, 10, 10, 9, 10, 11, 11, 9, 10, 10, 11, 10, 11, 11, 9, 10, 10, 9, 11, 9, 9, 11, 10, 11, 10, 12, 11, 11, 10, 11, 11, 9, 11, 11, 10, 10, 9, 11, 10, 8, 11, 11, 10, 10, 12, 9, 10, 10, 10, 11, 10, 12, 9, 11, 9, 10, 11, 10, 10, 9, 10, 10, 10, 11, 11, 10, 9, 10, 11, 10, 9, 10, 8, 10, 9, 10, 11, 10, 11, 8, 9, 11, 10, 10, 11, 10, 12, 9, 10, 11, 9, 9, 11, 10, 8, 10, 10, 9, 10, 10, 10, 10, 11, 11, 12, 9, 10, 7, 11, 9, 9, 11, 11, 10, 10, 8, 7, 10, 10, 10, 9, 9, 12, 10, 11]"
20,10,61,55,14,4.357142857142857,3.9285714285714284,400,"[11, 9, 7, 10, 12, 11, 9, 11, 9, 11, 10, 8, 11, 10, 11, 9, 11, 10, 9, 9, 11, 10, 9, 9, 9, 9, 10, 11, 10, 11, 9, 11, 11, 11, 11, 10, 10, 12, 9, 9, 9, 11, 10, 10, 10, 10, 10, 11, 10, 12, 9, 11, 12, 8, 10, 11, 10, 10, 10, 9, 9, 10, 11, 11, 9, 9, 11, 10, 9, 11, 12, 8, 10, 12, 10, 10, 11, 10, 9, 10, 8, 8, 10, 10, 10, 11, 11, 9, 11, 10, 10, 8, 10, 11, 10, 9, 9, 11, 9, 9, 10, 10, 10, 11, 10, 10, 11, 9, 9, 10, 10, 11, 10, 10, 10, 11, 10, 11, 10, 9, 11, 9, 11, 9, 10, 8, 9, 9, 9, 11, 11, 12, 9, 10, 11, 12, 8, 10, 10, 12, 11, 10, 10, 10, 10, 11, 11, 9, 10, 10, 11, 11, 9, 9, 10, 10, 10, 8, 10, 10, 10, 11, 11, 12, 9, 7, 13, 11, 7, 10, 10, 10, 11, 10, 10, 10, 10, 10, 9, 10, 11, 12, 10, 9, 12, 10, 12, 12, 8, 11, 10, 10, 10, 9, 10, 10, 9, 10, 9, 11, 9, 11, 11, 10, 11, 9, 9, 10, 11, 9, 9, 10, 9, 11, 11, 14, 10, 9, 10, 9, 8, 11, 12, 9, 10, 9, 10, 10, 11, 11, 11, 10, 9, 11, 10, 11, 9, 9, 10, 10, 11, 8, 11, 10, 10, 10, 10, 9, 8, 10, 12, 10, 9, 10, 10, 9, 10, 8, 8, 10, 8, 9, 9, 10, 11, 12, 10, 10, 10, 12, 11, 10, 11, 11, 8, 12, 11, 10, 9, 8, 9, 11, 9, 10, 9, 11, 10, 9, 11, 10, 11, 9, 11, 9, 9, 11, 10, 10, 10, 11, 11, 11, 9, 9, 8, 11, 10, 11, 10, 8, 9, 10, 10, 11, 12, 10, 9, 7, 11, 9, 11, 10, 10, 9, 10, 10, 11, 9, 8, 9, 10, 10, 11, 10, 11, 10, 10, 11, 9, 8, 11, 9, 10, 9, 10, 10, 9, 11, 10, 10, 9, 10, 10, 10, 10, 9, 11, 11, 11, 10, 11, 8, 12, 10, 10, 10, 10, 10, 9, 10, 10, 8, 10, 10, 9, 9, 10, 10, 10, 9, 10, 10, 9, 9, 9, 11, 10, 9, 10, 11, 10, 9, 9, 11, 9, 10, 10, 9, 10, 11]"
