N=10 K=9,,,,,
Virtual cost,Physical cost,Optimal Cost,vCost/OptimalCost,pCost/OptimalCost,Sequence
3,3,2,1.5,1.5,[ 3 10  5 10  8  6  5  1  9  6]
1,1,1,1,1,[3 7 6 3 7 7 7 4 8 6]
1,1,1,1,1,[5 5 6 5 6 5 3 8 9 5]
2,2,1,2,2,[ 4  9  5  1  5 10  5  8  4  9]
2,2,1,2,2,[10  6 10 10  6 10  7  2  9  4]
1,1,1,1,1,[2 7 5 7 6 4 7 8 5 6]
1,1,1,1,1,[ 4  4 10  2  8  4 10  5 10  8]
2,2,1,2,2,[ 5 10  2  4  9  9  4  5  3  5]
2,2,1,2,2,[ 2  8  7  3  3  6  4 10  1  5]
3,3,2,1.5,1.5,[ 4 10  6  6 10  9  1  6  3  5]
3,3,1,3,3,[ 8  9  5  8  4  2  4  7 10 10  1  4  1  7  7  5  7 10  8  6]
4,4,1,4,4,[10  7  6  2 10  9 10  6  8  6  3  8  4 10  5  6  9  3  4  5]
3,3,1,3,3,[ 2  7  8 10  7  1  6  3  3 10  7  1 10 10 10  1  1  3  7 10]
1,1,1,1,1,[ 5  3  3  5  8  1  7  1  8  1  9  2  4  1  3  6  2  6  8 10]
4,4,1,4,4,[ 5  2  9  7  8 10  4  7 10  6 10  3  9  2  5  9 10  8  5  4]
3,3,1,3,3,[ 1  7  8  4  9  3  8 10  3  5  5 10 10  1  7  5  3  4 10  1]
5,5,1,5,5,[ 8  2  7  4 10  1  2  3  8  2  2  5  2  3 10  7  7  8  7  1]
6,4,2,3,2,[ 3  2  4  7  4  2 10  6  3  2  5  6  1  9 10  9  6  3  9  5]
6,6,2,3,3,[ 8  1  8  7  3  2  4  2 10  2  2  3  5  1  5  8  9  8  2  7]
4,4,1,4,4,[ 4  3  9  8  5  9 10  2  6  3  7  4 10  4  9 10  4  4  5  8]
33,17,4,8.25,4.25,"[ 3 10 10  2  3  6  2  4  5  5  3  4  9  1  2  1  7 10  2  1  1 10  8  6
 10  5  7  4  8  9  5  4  7  6  8  1 10  6  1  9 10 10  5 10 10  4  7  3
  6  8]"
27,21,5,5.4,4.2,"[10  1  9  8  2  9 10 10  3  5  3  1  3  3  5  1  9  1  8  5 10  1  9  9
 10  4  7  6  8  2  7  2 10  8 10  8  6  1  6  5 10  6  5  8  1  7  9 10
  8  7]"
9,9,2,4.5,4.5,"[ 3  2  5  7  6  8  7  3  3  5  6  1 10  5  6  1  7  4  6  1  7  1 10 10
  8  6  9  1  6  8  5  3  1  4  8  3  6  9  2  5  6  5  3  3  5  5  8  1
  4  6]"
25,19,5,5,3.8,"[ 6  1  9  7 10  2  6 10  4  8  6 10  7  5  1  9  7  4  9  1  9  1  7 10
  5  7  5  6  2  1  8  7  3  8  9  5  5  1  4  1  7  2  4  7  8  3  6  5
  4 10]"
30,33,3,10,11,"[ 9  2  2  5  9  1 10  1  7  7  1  1  2  7 10  9  3  5 10  9  4  4 10  9
  8  8  8  6  4  4  6  3  6 10  6  9  7  8  4  8  6  6  6  4  4  7  6 10
  9  3]"
18,18,3,6,6,"[ 9 10  6  6  8  9 10 10  6  6  4 10  9  2  3  1  5  9  2  7  8  9  2  5
  9  2  6  2  9  4  3  5  7  2  2  5  9  3  5  3  1  8  8  4  4  8  3 10
  6  4]"
25,36,4,6.25,9,"[ 7  7  2  2 10  3  9  3  3  3  6 10  2 10  9  4 10  8  6  2  6  2  6  1
 10 10  2  5  2  6  2 10  8 10  8  8  2  7  7  4  5 10  9  1  9  3  3  5
  7  5]"
18,16,3,6,5.33333333333333,"[ 2  5  7  9  2  2  3  3  1 10 10  8 10  8 10  8  9 10  7  5  1  6  2  5
 10  9  7  3  7  1  6  5  5 10  4  6  5  5 10  3  7  2  8  1  7  2  4  8
  2  1]"
25,21,5,5,4.2,"[10  5  3  4  6  7  8  7  2  5  9  6  5  2  8  9  6  1  5  3  7  7  4  8
  8  2  7  9  6 10  4  2  4  8  1  3  9  1  5  9 10  6  8  5  6  5  2  4
  4  9]"
24,20,4,6,5,"[ 1 10  6  2  3  3  6  1  2  4  4  6  3  1  7  8  1  7  9  2  8  3  3  7
  2  7  1  1  2  3 10  6  8  1  2  5  6  7  1 10  5  1  1 10 10  9  9 10
  5  9]"
65,68,7,9.28571428571429,9.71428571428571,"[ 1 10  9  9  3  9  1  6  7  7 10  4  9  4 10  4  8  6 10  8  1  9  5 10
  3  7  1  2  2  1  2  7  4  6  6  5  1  4  9  3 10  7  8  6  5  3  2  5
 10  1  8  7  4  9  7  9  5  5 10  3  8  1  3  9  2 10  5 10  5 10  4  7
  1  2  3  6  6  9  3 10  9  3  6  9  1  9  3  6  1  6  7  7  6  1  1  3
  9  3  1  6]"
52,38,6,8.66666666666667,6.33333333333333,"[10  1  2  1  1  3  1  5  4  9  9  1  7  4  2  4  7  7  9  1  6  8 10  2
  7  5 10  3  5  9  3  9  7  4  9  1  7  2  6  1  2  3  5  9  1  6  5  1
  9 10  4  4  3  5  3  2  1  5  4 10  1 10  1  5  1  7  1 10  8  9  6  8
  8 10  9  8  6 10  3  4  5  1  5  3  9 10  7  3  8  1  5  2  5  8 10  5
  9  2  1 10]"
64,51,8,8,6.375,"[ 3  8  9 10  4  2  1  9  4  1 10  3  5  3  8  4 10  5  2  5  7  4  2  1
  9  8  3  8  1  5 10 10  8  3  9  3  1  2 10  1  1  9 10  8  8  4  8  4
  2  3  2  7  6 10  6  9  8  4  7  4  4  7  6  7  4  7  9  9  8  1  6  5
  2 10  1 10  2  1  1  6 10 10  1  7  7  4  1  6  9 10  4  5  5  1  3  5
  5  5  6  1]"
46,37,6,7.66666666666667,6.16666666666667,"[ 1  7  7  8  4  9  5  2  8  3  5  3  4  2  1  2  2  4  9 10  1  9  3  5
  7  6 10  1  6  9 10  6  7  6  2  4  8  2  4  1  3  5  3  7  8  9  5  9
  3  2  4  1  6  5  3  4  5  7  8  8  7  7  4  7  3  8  6  6  9  3  1  2
  1  2  2  5  1 10  4  5  2  7  2  9  6 10  1  4  8 10  3  3  3  3  8  1
  8  6  5  1]"
25,23,4,6.25,5.75,"[ 6  8  1  7  4  8  9  8  4  2  2  5  4  2  3  3  6  5  3  8  5  6  2  9
  6  4  1  3  2  5  3  6  2  9 10  2 10  6  8  3  1  5  7  6  7 10  3  9
  6  4  1  2  4  9  5  1  5  7  6  5  7  2  4  7  3  6 10  9  5  6  3  5
  8  3  8  8  1  8  3 10  3  3  6  9  8  5  5  5  4  5  7  9  4  1  6  8
  9  1 10  3]"
49,37,4,12.25,9.25,"[10  3  7  5  8  3  7  5  6  7  3  7  7  1  1  2  6  2  5  7  6  5  3  3
  9 10  9  2  6  2  6 10  4  3  9  5  1  6  7  6  2  8  5  3  4  1  5  6
  6 10  8  7  3  5  2  1  9  1  3  7  2  8  3  8  1  6  1  4  9  6  9  8
  6  3  9  7  8  2  9  7  2  1  6  7  1  8  1  6  3  3  4  8  7  7  7  5
  9  3  6  4]"
40,34,5,8,6.8,"[ 1  6  5  2  5  2  8  9  4  9  5  6 10  9  9  3  4  4  1  1  1  9 10  1
  2  4  5  1  2  1  9  3  9  7  3  9  8 10  7  5  2  9  4  2  4  6  7 10
  3  6  7  4  7  8  7  1  3  6 10  5  8 10  7  5  7  3  8  2  2  1  7  4
 10 10  1  4  8  5 10  1  4  5  2  7  6  7  6  7  7  7  2  8  5  6  7  7
  3  7  4 10]"
51,41,6,8.5,6.83333333333333,"[ 4  1  3  6 10 10 10  8 10  5  4 10  7  5  2  8  4  9  2  6  8  2  9  4
  7  4  7  6  1 10  8  9  7  3  7  6  5  5  8  8  3  1  9 10  2  3  6  4
  4  1  6  8  7  6  1  7  2  5  6  8  9  1  1 10  4  8  2  3  7  7  5 10
  4  3  6  5  7  2  2  6  8  4  9  7  8  4  4  1  7  2  7  7  7  3  5  4
  6  1  9  8]"
53,43,7,7.57142857142857,6.14285714285714,"[ 6  8  7  4  3  9 10  7  8  3  5  9  4  7  5  3  7  8  1  4  8  1  3  2
  6  3 10  7  2  7  1  5  6  8 10  9  1 10  7  9  6  3  4  6  8  7  2  5
  1 10  4  2  8  8  3  4  4  9  1  7  4  6  1  8  4  5  6  6  8  8  2  4
  6  4  1  6  1 10  1  6  5  8  6  2  2  8  6 10  8  5  4  1  9  5  8  3
  2  8  3 10]"
50,43,7,7.14285714285714,6.14285714285714,"[ 1  2  2  2  9  6  1  4  1  1 10  2  8  5  5  1 10  7 10  6  5 10  3  5
  9  8  2  3 10  8  5  1  5  1  1  9 10  9  5  1  5  4  7  4 10  4  5  8
  1  8  5  1  2  8  8  2  8  8  5  2  3  6  8  6  8  1  4 10  4  5  5  4
  8  5  6  7  3  2  5  6  5  9  8  3  4  1  8  1  7  7  7  4  1  3  9  7
 10  1  7  2]"
55,43,5,11,8.6,"[ 4  2  7  1  2  4 10  7  3  4  8  7  1  6  2  3 10  1 10  1  4  6  1  2
  2  8  6  1  2  5  2  4  2  5  1  5  6  7  2 10  2  7  8  6  6  1  7 10
  3  2  6  4  3  7  5  5  2  6  7  4  5  3  5  3  2  1 10  3  1  2  3  1
  4  5 10  8 10  3  1 10  4  9  3  4  1  2  4  5  1  4  8  9  7  7  3  3
  8  4 10  3  7  8  5  8  8  1  1 10  2  1 10  1  9  5  9  5  9  4  7  3
  3  3  1  2  8  5  8  7  1  2  4  3  5  5  1  3  7  1  9  6  1  8  2  4
  4  5 10  3  2 10]"
67,49,7,9.57142857142857,7,"[ 2  3  1 10 10  1  9  6  3  1  6  3  6  2  3  4  1  3  4  2  3  1  4  7
  7  4  3  6  3  4  8  8  8  6 10  5  1  4 10 10  3  6  3  6  9  3  6  6
  7  2  2  4  2  2  5  5  2  1  7  8  3  2  1  7  2  7  7  8 10  9  4 10
  6  7  8  2  6 10 10  7  9  4  4  4  2  2  4  4  9 10  2  1  8  7  2  2
  3  9  2  2  4 10  3  3  2  2  4  6  3  7  5  5  8  1  3  4  1  4  7  3
  2  1 10  6  3  3  6  8  1  8  5 10  7  7  4  8  1  4  7  6 10  6  5  5
  7  2 10  6  6  2]"
88,85,7,12.5714285714286,12.1428571428571,"[ 1  5  9 10  9  2  1  5  6  6  7  9 10  4  2 10  5  3  7  9  5  6  4  6
  8  7  8  9  1  3  5  2 10  3  5  1  4  3  4  9  6  3 10  9  2  6  9  3
  4 10  4  7  6 10  4  2  5  9  4  3  3  6  5  6  3  7 10  2  4  8  2 10
  9  1  6  9  9  3  1  1  5  1  9  3  8  1  3  2  3  8 10 10  1  6 10  2
  1  8  3  5  5  4  6  8 10  3  2  7  3  2  3  9  5  5  1  1 10  5  2  3
  3  6  7  7 10  5  1  7  1 10  3  4  1  7  2  9  4 10  4  6  7  8  3  2
  5  8  5 10  8  2]"
69,53,8,8.625,6.625,"[ 4  5  3  7  8  5  1  6  6  4  5  9  7  5  5  5  3  9  7  5  7  3  6  2
  8 10  7  6  7 10  2  7  6  4  5  5 10  9  3  3  9  7  8  3  4  7 10  3
  4  5  9 10  9 10  5  9 10  1  1  8  3  2  2 10 10  3  1  2  2 10 10  7
  9  9 10  1 10  8 10  1  1  8  3  8  5  5  6  9  9  4  1  6  9  9  9  4
  7 10  3  3  5  5  1  3  6  5  5  4  7  2  3  1  4  4  4  8  4  8  2 10
  3  3  5  5  2  6  1  3  8  6  7  7  6  9  3  4  5  1  2  9  2  8  1  6
  2  2  1  6  3  6]"
109,94,10,10.9,9.4,"[ 8  5  3  4 10  3  4  3  5  7  9  7 10  5  1  2  6  7  6  3  1  9 10  5
  5  7  8  1  1 10  4  6  6  2  6  3  3 10  3  3  9  1  2  2  1  8  6  4
  2  1  7  6  1  6 10  5 10  6  8 10  4  4  1  4  5  9  6  9  1 10  2  6
  4  5  3  3  6  2  3  8  9  9  7  5  8  4  3 10  6  6  5  7  7  2  5  1
  9  1  4  3  8  1  6  7  8  2  5  1  8  6  7  7  9  2  5  2  4  3  1  1
  4 10  7  6  5  4  6  5  2 10  9  7  4 10  8  8  1  6  3  6  9 10  6  6
  4  3  4  7  7  3]"
61,45,8,7.625,5.625,"[ 3  9  1  4  4  1  6  3  2  8 10  2  1  6  6  7  4  4  2 10  8  2 10  7
  5  5  7  9  6  1 10  4  1  7  2  6  3  9  9  8  8  5  3  1  1  9  5  4
  4  1  1  3  1  8  3 10  3  6  8  7  4  2  6  4  2  2  3 10 10 10  2  6
  3  1  7  8  9  4  5  8  3  5  3  3  1  8 10  5  9  1  2  2  4  2  6  4
  1 10  9  9 10  7  5  4  1  4  7  7  2  1  3  7 10  5  9  8  4  2  5  5
  4  5  6  3  9  2  3  1  3  6  7  3  1  4  2  2  2  9  5  1  3  9  3  5
  9  1  1  1  3  8]"
77,82,9,8.55555555555556,9.11111111111111,"[ 2  3 10  8 10  4  7  1  4  9  6  6  2  6  4  4  1  5  5  7  5  9  2  4
  5  3  4  5  9 10  3  9 10  2  4  8  7  7  8  2  9  3  7  2  6  1  5  5
  5  7  3  5  7  9  3  3  8  8  2  6  8  9  7  2  1 10  5  3  9  4 10  7
  4  2  7  8  6  1  4  2  4  5  7 10  7  8  5  1  2  6  4  7  1  4  9  2
  5  6  3 10  8  1  7  3  7  7  5  3  1  2  1  9  1  3  9  9  3  2  2  5
 10 10  8  2  7  8  2 10 10  3  2  9  8  4  8 10  4  7  8  3  8 10  9  1
  8  6  8  3  2  2]"
52,48,8,6.5,6,"[10  7  5  2  5  7  7  2  1  1  4  5 10  3  5  9  3  1  3  1  3  3  7  5
  1  6  6  9  1  9  5  9 10  7  7  1  2  1  9  1  4  1  1  3  4  6  5  1
  4  2  5  7  5  7  6  9  9  9  5  9  6  5  9  7  8  1  3  9  1  3  7  8
  8  6  3  5  7  3  9  3  4 10 10  5  1  1  7  8  1  7  7  2  9  2  8  1
  2  5  1  7  8  9  7  8 10  8  8  2 10  9  6  6  7  5  2  7  9  1  4 10
  4  7  6 10  6  6  4  7  7  9  7  8  4  9  8  4  8  5  8  3  8 10  4  1
  8  6  4  4  3  7]"
72,58,9,8,6.44444444444444,"[ 1  3  3  6  7  7 10 10  1  5  5  5  3  3  7  6  7  1  6  8  3  6  9  3
  2 10  1 10  4  1  1  2 10  4  1  3  5 10  1  4  8  7  1  2  7  2  8  4
  7  1  3  7  5 10  8  9  9  4  3 10  4  5  2 10  5  5 10  2  2  5  7  7
 10  5  4  2  6  5  7  8  3  3  7  1  2  7  9  2 10  1 10 10  6  2  6  5
  9  3  2 10  5  4  1  7  9  2  9  4 10  9  1  6  6  2  9  2  3  3  6  2
 10  8  4  1  6 10  6  1 10  5  5  3  9  6  5  4  7  8  5  3  6  4  8  7
  9 10  4  3  4  2]"
61,51,8,7.625,6.375,"[ 1  1  8  7  8  1  9  4  8  5  4  1  6  4  1 10  7  5  7  2  6  8  6  5
  7  4  3 10  1  4  4  7  6  5  1  3  5  1  6  4  7  2  2  7  3  4  9  5
  1  8  5  9  6 10  4 10 10  5  6  3  3  6  5  8  5  4  9  4  5  4  7 10
  2  8  5  8  5  6 10  9  3  4  9  7  2 10  6  3 10  4  3  4 10  9  1  4
  9  5  8  5  8 10  7  1  9  8  8  1  6  3  5  4  1  2  1  8  8 10  5  3
  9  1  5 10  7  3  7  9  9  2  3  8  3  2  4  1  7  2  8  6  8  2  9  7
 10  5  3  6  6  6]"
144,105,15,9.6,7,"[10 10  7  5  9  2  6  6  7  7  2  4  8  4  1  2  7  2  4  2  6  3  3  5
  3 10  3  9  4  4  1  3  2  8  2  9  6  3  7  9  6  7 10  5  1  2  6 10
  5  1  4  2  6  3  4 10  7  8  8  8  3  3  7  9 10  6  7  3 10  3  5  4
  2  3  7  2 10  1  9  2  5  9 10  8  6  6  3  7  6  1  9  1  2  2  7  9
  7  7  5  4  2  1  1  2  3  4 10  5 10  6  2  3  1  3 10  7 10  2  9  7
  4  5  7  6  5  7  7  3 10  3  7  1  1  2  8  9  5  9 10  3  5  2  5  3
  7  8  6  4  5  2  7  3  5  1  2  1  9  3  5  7  5  9  1  9  6 10  3  6
  8 10  7  1  2  7  4  2  4  6  5  3  9  9  4  2  3  6  9  6 10  8  2  7
  1  2  1  6 10  8 10  5]"
123,114,10,12.3,11.4,"[ 3  9 10  1  5  3  8  8 10  2 10  9  4  1  4  4  3  8  9  3  3  9  5  7
  3  6  3  8 10  7  1  3  6  6  6  7  3  6  9  5  3  6  2  4  3  1  6  3
  5  4  4  1  4  4  9 10 10  7  1  7  3  9  7  9  1  5  9 10  9  4  7  4
  7  6  9  2  2  9  3  6  9 10 10  9 10 10  5  6  1 10  2  6  8  8  8  3
  8  4  2  6  6  7  7 10  6  8  3  2  5  6  2  1  9  2  8  6  4  9  2  7
  6  5  4  9  7  5 10  2  9  9  8  5  2  7  3  2 10  3  2  7 10 10 10  5
  8  2  4  2  8  3  7  8  9  9  5  5  3  9  7  6  2  6  4  1  9  5  4 10
  5  5  6  2  3  5  1  4 10  2  8  9  8  2  2  3  2  7  6  3  4  1  7  3
  1  9  4  7  1  8  6  4]"
127,93,12,10.5833333333333,7.75,"[ 1  7  8 10  8  4 10  8  4  7  4  1  6  8  1  7  9  5  6 10  6 10  9  4
  8  8  3  7  3  6  4  8  7  4 10  8  6  7  9  9  3  1  7  5  4  3 10 10
  9  1  4  2  9  3  8  4  5  6  2  7  9  5  7  9  4  4  3  3  6 10  3  1
  6  6  5  4  6  5  3  6  4  8  3  7 10  6  5  4  8  6  2  2  7  3  4  2
  2  3  3  5  3  4 10  6 10  4  2  2  2  7  6  8  1  9  6  9  4  8  1  9
  7  5 10  7 10  2  5 10  7  9  3  1  4  4  3  8  8  8  4  5  7  7  4  4
 10  1  1  7  7  4  3 10  9  2 10  1  9  3  6 10  4  7  4  3  7  6  9  8
 10  3  5  9 10  8  4  5  6  1 10  4  6  4  4  3  5  6  1 10  5  1  8  2
  5  9  7  1  3 10  1 10]"
95,79,8,11.875,9.875,"[ 3  4  9  1  9 10  9  4  7  1  2  1  6  7  9  9  2  3 10  2  9  9  6  8
  5  1  1  2  1  3  2  8  1  1  7  8  5  3  1  7 10  9  9  4  5  4 10 10
  8  6  1  2  1  7  4  5  7  4  6  4  3  6  1  3  2  3  7 10  6  2  4  1
  7  4  9  9  4  6  3  4  3 10  6  6  2  5 10  6 10  3  8  6  6  8  7  1
  6  5  4 10  6 10  8  3  7  1 10  2  6  3  3  7  5  3  5  2 10  3  5  4
  3  4  2  1  7  6  6  6  4  8  4  3  2  1  1 10  5  4  5  5  2  4  1  8
  5  8  7 10  4 10  7  3  4  8  8  7  4  1  5  1  6  4  6  6  4  6 10  8
  8  4 10  9  3  4  6  9  7  5  3  3  3  3  9  9  4  5  4  3  9  6  5  5
  2  1  8  4  4  8  8  2]"
113,89,12,9.41666666666667,7.41666666666667,"[ 2  3  5  6  9  2  1  1  3  6 10  7  2  8  5  5  9  3  6  9  4  4  8  5
  5  9  7  1  8  6  7  3  1  9  6 10  5  5 10  8  6  3  8  8  7  5  5  3
  2  7  5  9  8  1  1  6 10  8  2  5  6  5  7  4  1  2  1  9  2  6  5  9
  5 10  7  3  5  1 10  7  5  8  2  7  7  2  8  9  4  9  1  3  7  6  4  7
  8  2  9  6  5  1  5  4  3  7  8  6  1  4  2  7  7  9  4  8  5  5  9 10
  4  8  6  4  4  2  6  9  4  4  8  5  9  4 10  1  2  4  8 10  5  6  5  1
  2  9  2  1 10  8  1  9  9  2  3  7  1  5  2  4 10  8  5  3  8  9  2 10
  7 10  9  3  6  2  2  6  9  3  4  7  8  5  2  1  4  2  5  1  7  9  9  4
  5 10  7  8  7  4  1  3]"
106,86,12,8.83333333333333,7.16666666666667,"[ 5  6  4  3  7  5  7  9  1  1  6  9  7  3  6  3 10 10  8  9  7  8  2  3
  1  3  1  2  6  3  2  9  3  8  9  2 10  6  3  7  2  7  2 10  3  2  7  1
  6  3  5  2  5  8  9  8  2  5  6  9  3  1  7  9  1  7  3  3  8  8  5 10
  6  8  2  9  9  9  6  9 10  4  1  4  6  6  8 10  3  8  4  3  1  3  2  8
  4 10  3  8  1  7  8  1  7 10  7  6  5  1  2  8  3  6  4  9 10  5 10  5
  6  4  6  8  1  3  7  9  9  2 10  4  3  6  6  5  6  4  7  3  8  5  7  6
  2  6  1  1  8  3  9  7  8  6  6  1  3  9  5  3  4  4  2  3  3  4  7  3
  8  4  1  2  7  8  6  6  7  3  6  7  4  5  6 10 10  5  1  8  1  3  2 10
  5  3  7  8  7  6  3  9]"
101,85,13,7.76923076923077,6.53846153846154,"[ 7  1  9  2  4  4  6  9  1  7  2  8  2  9 10  8 10  9  3  6  1  2  5  3
  1  1  1  6  5  2  9  6  1  1  4  1  8  3  9  8  4  3  6  9  7  7  9  1
  7  2  2  9  6  4  9  6  6 10  7  7  5  2  2  5  7  1  9  2  3  2  3  1
  2 10  3  9  2  4  9  9  2  3  5  7  7  8  9  8  1  9  7  6  7  3  1  4
 10  2  5  8  9  1  1  7  3  5  9  9  7  9  3  4  5  4  8  6  1  4 10  8
  8  5  4  1 10  5  5  2  4  8 10  2  1  2  5  3  2  2  4  8  8  9  6  2
  1  3  3  1 10  6  7  5  8  7  5  1 10  5  3  1  6  7  3  9  9  4 10  1
  6  3  8  5  3 10  6  2  3  6  2  6  3  1  8  1  6 10  6  8  8  1  8  1
  5  7  5  8  2  6  4 10]"
123,95,12,10.25,7.91666666666667,"[ 4 10  8  4  2  3  4  5 10  9  3  8  3  2  1  5  4  9  6  5  9  8  8 10
  9  8  7  7 10 10 10  2  7  9  2  1  3  3  3  1  2  7  4  2  2  7  1  3
  8  1  8  4  1  9 10 10  1  2  6  1 10  1  9  8  9  6  8  8  3  4  9  1
  4  5  5 10  7  1  1 10 10  4  2  3  8  5  6  3  5 10  9  2  7  4  5  1
  5  4  1  1  4  6  1  7  9  9  3  3  3  6  7 10  4  4  1  8  1  4  3  4
  3  6  6  2  3  4  4  1  4  9  8  4  9  6  2  4  9  8  2 10  4  2  7 10
  1  4  9  2  2  5  9  2  7  4  6  5  6  5  9  7  2 10  1  6  2  6  4  3
  2  4  9  4  3  4  2  7  7  9  8  6  5  9  7  9  6  9  6  1  6  6 10  2
  9  6  2  1 10  6  6  7]"
107,89,10,10.7,8.9,"[ 3  5  8 10  9  7  8  7  6  6  2  4  1  5  7  5  7  4  5 10 10  4  1  4
  6  1  2  7  2  9 10  4  3  9  8  9  7  5  4  5  9  4  5 10  7  7  4 10
  5  4  6  9  6  6  3  1  9  7 10 10  9  4  2  3  2  6  4  6  8  6  1  2
  4  5  2  4  3  8  7  5  9  6  3  5  9  5  2  3  7  2 10 10  6  7  7  3
  9 10  8 10  5 10  2 10  5  4  9  4  8  6  6  6  7  3  8  8  2  6  1  7
  4 10  9  7  6  3  5  7  3  2  9  2  8  7  4 10  2  8  1 10  6  1  7  5
  5  4  4  4  6  4 10  2  1  7  4  3  6  5  5 10  9  4  6  3 10  4  9  5
 10  3  8  5  8  9  9  4  7  7  9  3  5  9  7  8  4  9  4  8  7  5  3  6
 10  4  5  3  5  4  4  4]"
111,114,10,11.1,11.4,"[ 3  4  2  2  6  1  2  4  3  6  8  1  8  7  8  3  7  9  5  5  1  2 10 10
 10  9  2  4  4  1  1  2  3  3  2  1  4  4  7  4  6  9  1  9  1  1  5  1
  6  5  2 10  8  5  6  2  5  4  4  1  7  5  2  1  3  8  7 10  9 10  8 10
  4  2  8  2  2  7  3 10  2 10  4  7  1  5  4 10  8  5  6  9  8  3  6  6
  1  6  3  9  9  1  2  9  8  7  1  9  8  3  8  7  1  9  3  5  2  5  9  5
  7  4  3  9  2  6  5  4  9  5  7 10  2  6  9  4  1  3 10  4  6  7  4  3
  7  1  5  6  3  7  3  2  9  6  6  9  6  5  2  8  4  5  2  2  8  2  6  4
  9  5  2  1  8  7  1 10  9 10  4  7  1  3  8  2  3  3  9  8  8  6  6  9
  7 10  9  1  6  5  6  5]"
,,,,,
N=20 and K=19,,,,,
1,1,1,1,1,[18  1 14  2  5  1  7  2  7 16]
1,1,1,1,1,[ 2  3  4  7 13 10  5  6 19 14]
1,1,1,1,1,[19  6  5  5 18 11 18  1 17  1]
1,1,1,1,1,[ 8  1  9 14 17 19  9 20 15  9]
1,1,1,1,1,[11 20  5 18  9 20 13  9  8  6]
1,1,1,1,1,[14 10 17 18  8  7 17 18  8 16]
1,1,1,1,1,[12 19  7  1  3  3 10 15 15  7]
2,2,1,2,2,[ 4  6  1  8 16 10 20  3  7  1]
1,1,1,1,1,[ 1 11 12  6  9  4 10  5  7 12]
2,2,1,2,2,[ 2 13 12 20 12  9  1  6  8  5]
3,3,1,3,3,[ 7  1  4 18 16 13  5  9 19  7 20  8  3  7 15 20  1 10 15 20]
1,1,1,1,1,[11  1 12  4 20 16 10  9 10  8  2  4 16 18  6  7 14  4 12  2]
4,4,1,4,4,[20  9  8  8  6  6 11  1  8 17 16 10  2  9  3 18 13 15  8  7]
1,1,1,1,1,[13 14  5  8  7 15 20 13  5  2  7 20 10  8  8  3  7 16 17  5]
1,1,1,1,1,[ 3  5  8 15  9  6  8 11 10 17 14  4 10  6  7  5  6 10 14 19]
3,3,1,3,3,[20 14  2 11 11 10  7  3 13  9 19 14 13 19  7  9 20 10 11 15]
7,7,2,3.5,3.5,[20 19 11  7  1 19  2  6  7 14 19 19  1  6  8  2 20  4  7 16]
1,1,1,1,1,[18 12 10 10 14 18 11  6 19 16 18 19 14 11 14 12 16 13 15 10]
1,1,1,1,1,[10  4 14  5 14 13  9 17 11 16  8  1 20  3  8 12 17  6 20  8]
5,7,2,2.5,3.5,[20  1  7  1  6 12 17 14 19 10  8 14  1 11  2 20 12 16 20 11]
2,2,1,2,2,"[15 14 13 16  5 16  7 12  7 13  1  6 15  1 10  8  2 12 14 19 15 10 19  8
  8 14 19 13  5  3  3 19  6 14 20  3  4  2  4 13 10 16 11  5  5 16 19  7
  3 15]"
6,5,2,3,2.5,"[19 16  1  5  3 13 10 13 17 20  1 17  7  5  4 15  5 15  4 10  7  1  6  3
 19  4 13  3 15 12  4  9 20 10 15  1 20 19  4 11  5  6  3 15 12 12 14  8
 10 11]"
6,6,2,3,3,"[16  7 13 14 10  1 10 10 10 11  2 17  4 12  6  3  2 19 16  7  5 12  3  8
  2 16 17  9 20  1 18 17  3 19  8 17 18  5  5 17 13  8  6 11  7  5 14 16
  3 13]"
8,8,3,2.66666666666667,2.66666666666667,"[20 16  5  5 14  8 18  8 14  5  9 12  4  2  1  2  4 14 11  3 12 15 19 17
 10 16 14 16 18 16 11  8  8 11  2 17  5 20  3  2 10 15  5  2  9 17  3  8
  5  8]"
10,10,2,5,5,"[ 2  3 15  9 11 17 15  5 10 18 10  2 20 20  2 17 20  7  3  1 12 20 10 15
  9  7 17  6  8 19 20  7  2 19 17  5 10  3  1 14 20 11 16  7 17  1  1 10
 12 10]"
7,10,2,3.5,5,"[ 6 17  6 19  9 20  2 14 15 15 16 12  8 18 14 19 15 16 20  6  3 19 15  1
  4 20  4  9  8 15 20  5  4  4 12 15 12 15 13  8  2 14  7 10  9 16  7  9
 17 16]"
5,5,2,2.5,2.5,"[12 11 12 18 19 18  3  9 19  2  2 15 17 15 20 14 15 10  6  4 16  4  9 15
  3 20 18 19 13  7 17 16 14  2 14 16 18 16 10  2  1 16 13 11  8 11  3 20
  4  9]"
1,1,1,1,1,"[18  6  4 11 14  2 17 16  6 16  9 15 16 17  3 10  7  7  2  2  6 18  7  6
 14 15  5 19  8  6 11  3 10 18  3 11 15  4 18 12 16 11  3  1 11  9  6 12
  5  8]"
9,9,2,4.5,4.5,"[14  1 17 16  9  1  1 18 13 15  3 20 15 16 14 10  8 12  8  9 19  1 12  8
  1  3 12  3 13  7  9  9  4  9  2  2 18 18 16  9 17 12 11  3 13  7  2  5
 16  7]"
4,4,2,2,2,"[ 9 19 19 10 17 14 15  5 19 13 16  8 14  1 10 12 11  4 14  8 16 17 16 18
 18 20  2 10 17 17 16 12  5  2 13  7  7  8  5  9 10  4 13  8  2 19  1 13
  2  5]"
7,7,2,3.5,3.5,"[ 1  6  1  7  8  3 14  7 13  6 10  6  1 17  2 18 10 12  8 12  7  8  8  7
 18  4 18 12 20  5 20  8  6  3  7  4  5 15 11 18 18 20 13  3  2  8 18 19
 17  5 20  8 16 15  6 13  7  3 10  4 10 10  9  7  7 18  7  6  8  2  2  6
  6  5 16 17 12 13  3 17 16 13  4  3 12 10  8  4 16 18 18  2 11 13 16  9
  9  9  6  1]"
10,8,2,5,4,"[ 5 20 15  3 10 15  1 16  5 16 16 16 12 13 20 12  4  7 17 18  4 10  4 17
  6 13 20  6 16 12 17 14  4 18 10  6 18 13  4  2 10 13 14 20 17 18 16 18
  2 18 10  8  6  2  9 17 11  4  4 13 12 18  1 13 20  1 11  5 17 16 14 17
 19 10  4 16 10 16 16  9 14 20 14 19 17  7  5  8 11 16 17 11  1 13 13  7
 12 19  9  9]"
15,19,3,5,6.33333333333333,"[19 14 15 11  5 15 13 19 13  8 15 13  9  2 15  9 12  3  3 15 13  2  2 16
  4  1  6 14 17 17 14 20 19 16 10 10 17 11  7  4 17 11 20  4  8  7  8  4
  7  9 15 11 12  9 18 13  5  3 19 17  2 10 10  1 16 10  1 11  4 20  8  7
 17 10 18 11  7  1 16 16 11  8 20 20 14  1 19 10 16  2 15 13  7 15 19 12
 11 20  4 10]"
22,32,4,5.5,8,"[ 9 20 15 11 16 16  1 18 13  3 14 12 11 12 12 12  1 20 17 10  1 18  4 17
  2  2  7 11  6 14  1 11 10  9 19  1 12 13  4  9  5 13 10  2  2  1  7  7
 12  7  5 12 10  3  7 20 10  8 19 18 20 18  6  6  7 19 20 16  3 16 10 15
  2 16 19  5 16  9  1 19  6 15 10 20  4 15 12  3  8  8  8 15  9 12 17  7
  4  8  2  4]"
38,37,5,7.6,7.4,"[ 5 20 16  5  9  5  1 14  4  3  1 14  9 17  8 12  7  7  8 10 15  9  7 13
  9  6  2 15  2 19  3 16 20 18 11  3 16 18  4  7 15 16  5 12 15 17  4 14
 11  6 15 19  7 13  9 14  1 15  3 16 15 11 12  9 12 20  5  9  2 20  6  1
 15 11 15 18  6  7  1 17 12 14  4 13 11 10 10  2  6 11  8 20 17 20 11  5
 14 10 20  7]"
25,23,4,6.25,5.75,"[ 3 20 14  6 18 16 10 19 12 10  7 17  5 17 17 16  6  1  9  7  8  1 19 19
 14  3 13  4  6  2 13  6  4 10  2  3 20 13 18 18 19 13 10 18  4 20 15  1
 14 10  7 11 19 18 17 19  2 14  2  9 16 13  7 11 14  5 16  2 14 13  3 12
 11  6 17  9 10  1  9 13 12  8 13 12 19  7  5  3  5 11  7 11  1 19  3  5
  7  8 19 10]"
5,5,1,5,5,"[15 18  9  8  3  3  3  1 15 15  1  7 19  6 16  5  3  1  9  9  2 15  4  5
 20  5 19 14  2  4  2 16 16 17 12 10 20 11 16 10 13  6  2  7  4 12  6 16
  4  6  5 20 17 14 10  8 10 19 17 20 14 10 15  5 12 20 20  9 18  7  2 14
 12  4 20  9  5 11  6 19 11 15 10  7 13 16 11 14  4  9 16 15 17 10  5 14
 18 14 19  7]"
10,10,3,3.33333333333333,3.33333333333333,"[13  1 16 13  1 14 15  4  2  4  2  6  1  5 14  7  8 18 14  8  9  5  2 12
  1 14 11 11  5  8 10  3 12  5  6 16 10 15  1  7 19  6 19 12 13 13  6  5
  1  5  3  3 10 11 16 12  8 20 10 15  3  8 10 18 14 11  1  4 12 12 18  1
  7 16 17  6  1  7 12 10 13 20  4 19  2 12 11  7  8 18  6  5 12  6  9  3
 17  6 20  1]"
22,22,3,7.33333333333333,7.33333333333333,"[13  8 15 15 19 10  2 15  7 14  1 16  9 12  6 20  5  3 19 13 19 16  3  1
  3 17 14  6  5 15  2  7  6  7  9  6  5 12 11  3  9 19  4 17  5 19  1  4
 11  7 11  2  8  1 11 20  7  2  8 10  7 18  6 19  2 20 12  8 13 14 10  8
 11 16 12 13 11 18  9 16 20 17  2  5 16  4 17 19 18 14 18  2 20  9  6 16
 10 10 14  3]"
13,13,3,4.33333333333333,4.33333333333333,"[ 8  6  7  1 17  8  4 16 19 16 16 20  9 18  8  6 19 19 17 10  3 14 11  3
 14  6  3 14 14  7  3 17  6 14  7 13 17 18 11 17 20  6 11 18  6  7  6 18
 17 10 17  4  8  9  8  7  9  3  2 16  4  6 11  3  5 13  1 17  9  9  2 16
 18 12  2  3  4  5 14  9  3  3 16 18 12 19 18 18  9 13  7 11 12 20 18 14
 17 10 12  8]"
42,51,3,14,17,"[ 9  3 16  3 11 11  7 15 18  5 16 11  1 19  3  5 17 16 14 13 12  7  5  8
 16 20  8  2 20  9 20  8 13  1  8 10 20  1 20 16 14 18  7  3 16  9 12 13
 19 10  2 19  2  7  7 16 13 15 19 16 17  2  4  2 16 16 14 13  9  1  4  7
 12  2  8 15  9 12  2 16 12 14 16 11 15 18  5  4 20 12  7  5 11 20  6 12
 14 18 17 15 20  6 15 20  4 13 16  3  2  3  6 18 15  5  4 15 11  3  7 16
 15 18  1  9 16 17  4 10 12  4  7 17  6  7 20 16  1  8 10 13 15  3  3 14
  9 20  2 10 20  4]"
42,38,6,7,6.33333333333333,"[ 8  9 10  3 16 10 10 11  9  4  7 16 19 14  2  4 18  1 19  3  2  7  3 18
 13  4 19 20  3 19  1 15 10  5  9  4 18 12 17  1 14  7 18  1  3 14  5  1
 16  5 16  2 18  2 15  5 15 19 20  5 10  6 12 11 14 15 15  5 20 15 15  8
 13 11  3 10 18 10  1  3  6 11  8 11 15 19 12  3 12 13 20  5  2 19 19 12
  1  2  6  2 19 14 19 17  7  1 11 14 17 18 13 20 12 16 13  1 18 17 18  5
 18 14  4 20 20  2 17 11 16 13 17 17  2  7  7 15 10  4  5  1 12  3 17 19
 10  4 14 19 20  7]"
29,25,4,7.25,6.25,"[14  7 17 17  6  2  2  1  3 12 11  5  4 11  2 13 20 15  2 17 14 15  5 14
  9 17  3 17  1  9 13 20  8 14  9 14  8 20 10  1 20 16  2  8 10  7  1 13
  6 12  5  4 14 16 15  5  8 20  7  5 20  9 12 15 12  8 20  6 10 12  1  8
  9  8 19 14 12  7 12  4 20  9  3  8  5 16 18  9 16 16  1  6  6  5 16 13
 10 14 16  9 10 19  9 15 14 17  1 11  7  7 15 18  2 17 19  5 17  8 15 20
  5 11 12  1  8  4 18  2 10 17 17  6  1  6 19 14  4  8 12  2 12 11  6  5
  2  8 18 11 10  7]"
38,32,4,9.5,8,"[10 11 18  1  2  9  6  8 13 15 20 13  7 10  1  6 15 17  3 15 13 12 10 16
  6 10  7  6 12 17 18 19  1 20 20 20 19  4  3 13 19  8 19  5 15  8  9  9
 19 10  9  8 11  8  6  7  9 13  7 15 19  1  2 20 12 17 16  8  9  2 12  1
 12  2 18 17 19 10  5  8  6 11 18 18 18 19  4  3  8 19 14  9  4  4  6 13
 18  5  3 12 13 15  2 10  2  7 12 11  4 11  3  2 10 19  7 16 17 18 18 12
 16 13  1  2 17 13 19  6 11  1 14  5 12  4 16  5 18  1  1 17 14 14 11  4
  8 15  9 19 15  7]"
30,30,5,6,6,"[15 18  4  7 18 14 10  7 19 14  6 14  4  9  9  1 12 19 20 14 16 11  7  4
 18  9 13  6  6 10  7 20 10  8 19  6  8 16 17 14  1 18  1 19 14 17 14 12
  2 19 11 10 15  6 18 12  1 16  2 19  2  8 20 10 16 18 20  4 12  1  4  7
 13  2 18 10 10 12  7 12  3  6 20  3  1 17  2  9  6  7 12 10  2 14 14  2
  7 15  1 17  9 10  2 15  2 13  5 12 10 19 17 14  3  5  3 20  8 13  9 15
 11 11  5 10 15  7  4  3 13  6 11 13 17  1  7 10 13 16 16 20  4 18 10  8
  7  3 10  5 19 19]"
33,28,4,8.25,7,"[ 4  4  2 16 13  9  5  2 14 15 10 13 15  2  8 12  8  4 12  9  8 19 19 19
  9  4 14 10 10 13  5  1  9  8  1 15 16 13 12 16 19 20 15  9 19  2  4  5
  4 20  9  4 20  1  5  3 15  3  5 18 16 18  6 11  1 18 16  5 20  4  8  1
 17  5 13 13  7  6 13  1 17 14  7 20 12 13 14  1  3 14 10  9  6  7 19 14
 18  8  2  3  1 20  1 16 10 15 18 11 19  6  3  9 10  5 20 10 19  6  4  5
 18 18  1 13 20 10  4 13 13 12  7  3  3 15  9 16  1 16 20 10 17 15 20 11
 16 12 17 11 17  3]"
37,31,6,6.16666666666667,5.16666666666667,"[ 5  9  9 18 14 11  6 12 11  9 20 14  3 18 10 11 16  3 18  3 20 15 10 15
 16  4  6  5 16  5  4 12  2  9 13 20 18 10 16  8 18  3 18  1 14  8 13  7
  8  4 11 19  2  6 18 20 10  6 15  9  8 17  9  6  6  6  2  2 13 11 13 20
  1 15  7 19 16  3  7 14  7 15 14  9  3  9 10 18 20 14 14  3 14  9 15 20
 16 18 18  3  6  5  4  7  3 12  6  3 10 16  7 17 10 18  6  7  1 16 20 20
 14  2 19  6  2  4 10 12 17  1 12 17 18  2  7 16  5  9  1 16  7 12 15  5
  3  1 12 12 10 14]"
44,38,5,8.8,7.6,"[19 12 10  8  2  7  1 15 20 20  2  3 15  6 15  6  1 20 13  3 20 15  6 10
 15  2  6  9 17 19  1  1 16 11 15  3  2 13  5  2  9  3  7  4  8  4 17 20
 17  3  1  4  1  1 19 14 12 14 13  3 14 14  9  8  8 18 15 12  4  8  1  8
 16 16  8 17  6 12 12  4 12  8 18 19  1 11  1 19 15  2  4 17  2 17  2  9
 12 16  8  3  9  4 13  8 15  7 10  6 16  9  2 20  8 10 11  2  9  3  1  3
 15 18  9 10  3  7  5  6 17 20 16 12 17  3  2  4  2  7 11  8 18  2 14  7
 12  2 16 18  7  3]"
36,39,3,12,13,"[11  1 11 12  9 11 17 11  8 15  2  7 11 18 12  9  7 16  2  3 16  7  4 19
  4 20  9  6 14 13 11 11 19  9  6 14 14 11 13 18  9  5 19 10  9  6  5  5
 11 14  6  8  7 17  4 20  6  7 10  9 20 20  8 20  7 12  6 12 15  4  5 11
  1  9 14 13 19 20 13  6 20 15 19  3  6 18  3 12 14  3  9 16 14 10 16  8
 16 11 20 15  9 18 17 10 11 12 14  4 14 14 16  3 10  3 13  3 16 10 17 14
 17  9 19  6  4  3 17 11 12 20 13  3 13 15  3  3 11  2 18 10  6 12 16  2
 15 11  8  2  1 18]"
43,45,4,10.75,11.25,"[16 16 14 11 10 12 20  6  9  1 20 19 19  5  2  8  3 18  2  9  7 12 17  8
  4 17  3  1  6  3 16 11 18 12  3 19  4 17  9  2  3  6  7  1 15 17  3  4
 17 17  4 10  6 13  7 14 14  3  2 13 19 18 17  8  4  6  5  5  3 19 18  6
  9 11 14  8  5 19 17  5  9 19  3 16  4  3  5  2 11 10 18 18 15  2  6 13
  1  7  5  9 15 13 14 13 11 16  9 20 18 20 10  6  8 15 13 15  4 16  5  2
 19 11  8 11  8  5 14 18 11 11 20 12 12  8 12  8  5 13  7 11 10  9  6 13
 20  1 13  6 20 11]"
56,52,5,11.2,10.4,"[ 6  9  9  4  9 14 15 15  4  2  1  2  9  2 11  8  2  8 16  3 20 18 10 17
 16  5 19  4 17  4 19 12 14  5  1  4 12  8 18  4  5 19 10 20  6 19 12 18
  8 20  5  2 14 11 20 16 10 20 14 15  8  3 20 14 14  6  8 13 11  8  7  3
 20  6 17 16 12 17  9 20  6  9  9 15 20 20 12 10  3  3 16 17  8 10 16  9
  6 12  3 12  8 17 14 13 11 10 12 18  2  4 15  9 11  4  9 12  5  8  8 18
 13  9  3 18 11 20 20 17 16 17 16  1  7 14 16 20 19 12  5 11 13 20  5  2
 13  8  2  8  4 15 14 19  7 17 15 18  7 10 16 13 15 11  8 16 10  9  8  3
 19  9 18 20  4 10  5  9 16 13 11 18 18  3  5  4  5  3 16 10 12 16 11 12
 10 15 19 14 15 10 11 15]"
60,70,5,12,14,"[ 3  7  2 19  3  9 13  6 20  9  3  1  2  2  1 11  2  1 18  7 19 12  1 14
 12 16 13  5  4 17 12  6 13  4 16  4  5 12 17 15 13 15  7 13  1 18 16  6
 17  3 11 16  8  6  3  8 11  4  2  3  4 12 11 14 11 11 17 11  2  2 10 10
 19 19  8 12 10  4 14  9 16 16  1 10 18  5  5 10 12 15  4 17  3  9 15 13
 17  7 17  6 10  1  6  4  2 18  7  1 20  9  9 15 16 11 15 14  1 10 16 13
  3 16 16 17 12 18 17 20 20  9 15 16  7 13  6  9 11 14 19  9 14 16 16 14
  1 14  6 14 11  8 13  2 19  4  3 16  7 12  9 20 17 20 15 11  7  1 15  1
  1  1  1 10 10  7 15 20  5 14  6 12 20  1 19 16 20 13  6 14 10  1 11  3
  9 16 18 10  2  4  6  9]"
50,54,6,8.33333333333333,9,"[15 14  2  4 20 18 20 15 18 11  4 10 11 11  4  7  7  5  8 20 15  3 17 16
 20 19 15 10 19  2 14 10 17 20  6 19 15 16  3 15 12 16 11 12  5 18 19 18
  2  6 15 12 11  5  9 12  4  1  3  9  8 13 16 19  9 17  4  2  4  6  4 11
 17  4 18  8 14 14  6 17  5 18  3 13 14 12  5  5 15  9  5  7 18  5  5 17
 12  7 14  8  5 20 17 10  7  4  9  8  6  6 20  9  6 13  4 20  7  7  1 16
 19 14 15 19  4 15  1  9 16  9 11  1  5 17  5 19 17 11 10 17 20 17  2 14
  7  3 17 11 20 11  4 11 17  4  4  1 20  6 10 13  7 15 14  6 11 19 20 15
 11 13 16 13 19 11  3 10 18 10 15 10 19 19 20 13 18 19 11 14  7 12  5  4
  6  5  5 10 14 17  4 15]"
56,52,5,11.2,10.4,"[10  4  7 10  4  2  1 11  1  6 15 20 14 13  2  4  6 11  2 19 19 19 11 17
 19 18  7  6  6  7 14  5  3 19 16 18 11 12 17 18 10 15 13 16 19 10  8  5
 19  9  4  9  3  7 20  3  2 19 16  1  6  1 19  2  2 20  8 12  7  8 16  6
  6  7  5 16 14 14 20  3 19 16 18 13  4  2  9 17 10 19  7  4 14  5 10 12
  9 15 16  8 12  3  4 10 15 18 16 19 15 14 18  1  1  6  6  3  6 10 14  9
 13  2 16 10  7  5 11 10  8  7  6  2 19  8  7  7 17 19 15  1 14 11 10  8
  4 10  1 17 17 15 13  7  4 14 11  3  3  8 17  8 12  7 15 16 20  8 14 14
 20  2  9 12  4  3 15  2  8 13  2 20 12  3  2 13 13  3 11  3 12 20  6  1
  8 18  8 10  9 12 17  3]"
53,46,6,8.83333333333333,7.66666666666667,"[ 4 14 20 11  4 10  2 15 11 19  7  3  1 16  5  4 17  6  3 17  1  9 20  1
  6  6 10 17 13 16 18 18 15 20  3  4 10 15  9  9 18 18 13 12  9  9  8 13
 19  5  8 14 16  6  6 16 15  5 16 11  1 11  2 11 12 18 20 13  8  9 12  1
 16 11 20  9 12  7 10 10  1 15  9 11  8 18  4 14 16 15  3 10 12  7 12  8
 13 14 13  7  4  3  2  6  4 20 12 19 20 18  4 11 14 14  2  2  8 20 11 19
 11  1  8 16 15  2  5 12  9 19  2 12  3  3 16 18 14 13 13  2 19 11  4 19
 15 19 19 17 18 14  6 15  8  2 19 10 13 10 11 16  6  9  3  8  9  2 14  3
 16 17 15 20  4 11 12  2  9  4  5 13 14 15 17 15 13  7  9 13 13 12  1  8
  3 15 19 12  4 20 18  7]"
54,60,5,10.8,12,"[15 18 19 10  8 10  8  1  2 13 20 15 12 16 16  7  5 15  9  7 19 19  9  4
 17  5  8 14 11 13  4 15  6  9  3 19 19  5  3  9  9  2  3 20  2 17 11 18
 15 19  4  5 13  8 10 10  4  8 11  6 14  8 12 15 11  7  1 15  8 11 17 11
  2  8 15 11  7 12 16 13  7  8  6  9  4  7 20 17  5  8 20  8 11 16  7 19
  9  8 19 10 14 13  1  7 20  8 16 11 20  4 17 12  3  6 12  3  7  7 14  7
 12 10 20  9 18  6 18  7  9  2  8  2 20 18 14 15  5  8 15 14 13 19  1 13
  8 11 11  1 19 16  1  7  3 12 13  2 19  6 20  3  1 19 16 18 15  7 16 15
 12 14  3  7 16 13 12  6  4 17 19 12  5 13 20 13  8  6 19  2 11 15  4 16
 13 18 12  5 17  9 16  7]"
96,106,8,12,13.25,"[15  9 17 17 10  7  5 17  2 13  9 20 15 12  2  2 14  5 12 15  8 14 18 17
  7  1 13 19 11 15 17 13  5  1 13  2  6 14  1  4 16 15 17 12 20 10  8  9
 20 14  3 11 20  4 18  6  3 17 16  1 17  7  6  7  3  6 14 16 14  7 12 19
  1  6 12 13 12 16  1 14 20 10  9 18 18 14 19 13 11 11  9  6 19 15  1 16
 11 14 12 11  7 15 10  1  5 10 11  7  5 10 13 12  2  6  7 19  2 11 20  4
 10  8  4  2 16 13  3  7 16 18  7  3  1 17 15 18 19  9  4  3  2 11  8  3
 10  2  1  4 17  7  5  4 15 20 12  6 18 11 15  6  5  2 18  3  9 18 13 16
  5 17  9 19 20  7 16 19 11 14  7 15 13 18  1  4 12  5  1  4  4 12  9 20
  5  3 12  8 10 10  8 12]"
85,69,6,14.1666666666667,11.5,"[ 6 19  6  1  3  1 11 17  1 20  1 13  1 13  6 12  8  1 16 14 20 11  5 17
  9  5 16 12 19  3  6 15 14 14 11 16 19 18  5 19  8  8 19  4 16 16  9  1
  8  5 16  6 19 20 17  4 18  1  7 17  5 11 12 18 19 16  2 11  3 16  9 19
 12  9 18  1  5 14 17 13  8  1  2  1  2 20 17  8 20 15  8  1 16 14 19 19
 12  2 10 18  7  5  6  5 20 19  8 18 18  5  2  8  1  8 20 12 12 15 10 19
 19  7  6  9 13 15  9 10  9 20  1  4  8 12 17 13  4  6 14  6 11  8 19 10
  9 20 19  5 15  3  2 17 20 13 16  1  9  8  4 12  2 17  3  1  9 10 16  8
 18 13  2 19  1  5  4  5  2  7 20  7 19 20  4  1 17 18 12 12  2 16  4  7
  2 14  7  2 18 16 15 16]"
112,125,7,16,17.8571428571429,"[11 18 11  7 11  8 13  3  3  1  5 11 11 14  9  2 14  1 20 11  7  6 12  9
  9 16 12  9  9  2 20  3 16  9  5 18  9 12 19 15  8  6 15 17 11 20 14  1
  3  4  5 20 18 10 13 10 20 17  1 18  2 17  4 10 12 11 19 17  5 13 10  7
 11 18  9 20 12  2  2  3  6  4 18  6  9 17  5 20  8 15  9 13  8 11 17 13
  8  1 15 13  2 12  7  5 16 17  3 12 17 15 14 12  8 15 18 15  3 17 12 18
 14 20 11 18  2 20  3  8  6 18 16 13 12 11 13 16  8  9  8  2 12  2  3 19
 20 16 15  5 12  4 14 16 14  1  1  5  4  7  3  1 18 16 20 11 12 20  2 16
 11  5  5 11  5 19  9 11  9 15  6 12 13 10 12  8 14 19 20  8 10 20  4 20
 12  3 12  6  7  9  9 18]"
109,118,8,13.625,14.75,"[12 18 19  9  5  7 12  2  7  1  2  5 16  4  3  6  9 20  9  8  9  4 19  2
 14  1  4 16 13  1  3  5 10 12 20 12  7 12  6 14  5 17  2  4  8 20  5  8
 20 10 18 13 11 12 19 11  4  8  2 18 16  7 19  9 19  2 17 18  5  2 15 20
  4 19 13  8 15  3  9  3 10  9 13 10  4  7 18  1 20  6 14  1 16 12  6 18
 14  5 15 16 11  4  1  7 10 20  9 10 20 18  5  7 17 16 14 15 11 17 18  6
 13 13 20  3  9 13  5  2  7  3  7  7  9 11  7  6 19  5  4  9  1 16 19  7
 18  4 10  2  9 16 12 20  5  8  9  3  5  1  2  8 14  3  1  9  8 17  8 17
 10 14  3 19 12 17  4 10 17  2 18 19  1 16 18  2  1  7 17 10  9 19 16  3
 18  6  8  9 13 10 18  8]"
,,,,,
,,,,,
,,,,,
N=50 and K=49,,,,,
1,1,1,1,1,[37 26 34 10 32 14  5 21  5 44]
1,1,1,1,1,[ 1 47 13 43 44 20 15 11 29 47]
1,1,1,1,1,[24 24 13 24 48 23 28 35 50 30]
1,1,1,1,1,[25 31 34 21  2  7 43 33  8 25]
1,1,1,1,1,[15  7  8 17 41 38 31 49 26 15]
1,1,1,1,1,[ 4 38 49 41 15 36 49  5 35 10]
1,1,1,1,1,[44 48 25 30 19 33 25 11  4 14]
1,1,1,1,1,[33 30 15  6  3 15 13 32 15 43]
1,1,1,1,1,[48  1 31 49  7  6 11 33 20 35]
2,2,1,2,2,[50 35 49 30 25 24 30 31 30  3]
1,1,1,1,1,[38 44 33 12 29 23 13 14 13 40 40 20  8 21 21 22 32 42  9  8]
1,1,1,1,1,[28 32 12  1 21  4 34 33 41 18 29 41 22  9 22 35 26 12 48 13]
1,1,1,1,1,[42 49 22 10 10 45 17 49 30 43 44 37 21 34 47 42 50 12 37 36]
1,1,1,1,1,[29 28 17 41 41 10 30 21 17 37 17 40 17 24 34  4  4 50 44 22]
1,1,1,1,1,[14 35 36 37 11 11  1 39 47 29 47 37 50 42 50 12 50 44 33  8]
4,4,2,2,2,[26 42 30  8 18  8 44 41 14 50 49  1 20 50 15 14 31 26 19 40]
1,1,1,1,1,[21 46 43  5 12  8 14 23 44 13  4  2  5 39 22 33  1 18 42 28]
2,2,1,2,2,[49 41  3 26 50 45 11 37 10 38 50  1 17 19 10 47 19  3 10 39]
1,1,1,1,1,[16 48 30 40  8 11 26 37 12  4  8 43 39 43 30 25 23 49 46  1]
1,1,1,1,1,[25 18 25  3 35 42 15 19 10 31 34 50 30 14 27  6 28 18 38 46]
1,1,1,1,1,"[ 7 39  4 31 24 27 15 12 33  4 36 26 42  9 49 29 44 17 32 24 43 20 48 28
 43 41 36  4 15  2 46 33 10 44 36 47  9  3 28  9 39 41  1 31 30  1 20  6
 42 12]"
1,1,1,1,1,"[11 38 46 11 34 39  7 44 11 32 39 38 35 20 33 42  4 33  5 35 49 49 24 23
  6 40 22 40 31  2 25 33 17 12 37 35  2 19 18 44 10 46 17 14 25 16  7 43
 18 18]"
1,1,1,1,1,"[29 11 40  2  8 48 41 29 49 14  4 27 29 42 23 27  1 46 40 44 38 25 17 16
 11 37 42 28 43  5  8 43 35 16 18 15 48 31 42  9 27  2 15  1  4 14  8 25
 12 15]"
1,1,1,1,1,"[40 40  3 15 46 37 10  4 41  9 48 46 27  4 31 10 40 27 37 36 22 26 22 47
 32  2 28 28 44 11 44 26  6 25  3 44 19 35 27 38  4 21 20  5 22 15 37 43
 45 18]"
1,1,1,1,1,"[28 24 33 17 48  3 48 49 33 20 36 32 12 12 39 42 41 36 41  5 32 30  5  3
 15 33 43 34 30 48 38 39 29 45 35 23 40 38 44 36 31 36 25  5 33 23 29 29
  6 29]"
1,1,1,1,1,"[20 36  7 42  5 11 25 14 27  8  5 26  3 44  1  1 28  8 20 41  8 12  9  7
 29 24  1 10 45 26  3 11 23  3 28 47 10 28 11 21 50 15  8 19 15 14 38  4
 40 39]"
1,1,1,1,1,"[14 18 24 28 23 13 45 16 10 32 21 21  9 44 48  1 45 13 34 22 44 29 19 11
 16  2 46  8 24 25 11 23 22  1  9 46  3 13 26 49 33 12 34 22 32  9 42 20
 43  9]"
2,2,1,2,2,"[47  6 41 18 25 37 42 38  4 24 17  2 15  7 50 20  8 20 28 42 38 43  4  3
 36 32  2  3  6 37  3 47 18 15 18 28 42 50 28 13 20 42 16  6 14  1  1 45
 18 34]"
2,2,1,2,2,"[ 6 11 24 28 24 23 25 29 44 12 48 17 19 33 19 14  5 14  4 35 25 25 18  5
 28 17 31 21  5  7 25 24 19  5  4 28  8 42 18 50 27  6 45 40 17 49 18 22
  4 47]"
2,2,1,2,2,"[27 50 31 27 17 38 39 42 12 40 22 45 25 27 40 34 26 50 32 43 34 10 10 10
 40 29 17 21 38 27 29 29  8 44 46 35 30 16 37  6 21  1 36  6  9 12 26 47
 14  3]"
2,2,1,2,2,"[ 5 38 42 46 12 34 14 22 15 37 42 31  4  2 32 13 22 32 10 30 43 24  6 44
 34 10  7  4 20  6 10 24 11 42 35 27 12 21 21 15 39 23 26 42 15 45  4 28
 27 39 36 19 17 15 25  4  3 31 43 13 48 43 46 35  6 10 18 26 21 29  9 12
 47 36 25 50  7 30 44 24  9 20 11 10 39 19 36 50 32  8 27  2 19 44 31 30
 15  1 16  8]"
1,1,1,1,1,"[27  2 12 20 30 33  1 16  9 43 27 18 11 34 37 28 10 12  9 39 41 13  6 35
 41 37 23 33 24 37  7 34 13 22 47 41 26  9 32 20 49 39 25 11 34 42  5  2
 44 30 23 35 21 24 26  7 21 32 23 22 49 46  4 32 43  6 21 15 39 44 30 35
 47 12 42 42 42 20 49 22 10 19 38 22  4 37 31 36 43 29 42 43 44 23 18  2
 12 16 19 48]"
1,1,1,1,1,"[ 2 25 22  5 24 47 26 18 33 22  6 27 15 27 19 11 10 14 33 45  6 30 26 18
 28 48  4 25 22 36  4 21 40 30 19 31 14 33  9 37 30 11 41 27 33 43  4  3
 37 10 26 13 48  4  9 43 20 38 44 47 44 23 24 21  9 33 23 23 45 47 23 26
 21 46 48  6 21 12 19 25 44 10 27 35 29 39 11  1  1 47 24 49 31 40 10 17
 41 37 49  8]"
7,7,3,2.33333333333333,2.33333333333333,"[33  2 10 26 26 19 25 47 10 45 18 43 37 37  6  5 29 34 32 30 13 18 23 15
 46 50 38 22  9 34 12 47 16  1 12 12 37 41 38 11 33 38 39 37 10 26  1 49
  5 37 42 50 35  5 41 31 12 25 21 13 21 33 29 30 47 46 44 13 45 24 35 30
 44 14 33 23 23 45  9 24 44 34 44 21 14 38 26 19 32 26  1 18 35 45 34 48
 38  2 18 49]"
1,1,1,1,1,"[ 7  2 44 15 23 15  7  4  3 34 11  7  3 47 35 37 36 44 28 32 14 14 48 25
 46 21 23  1 21  6 18 18 37 44 38  8 10 19 49 10 17  9 40 16  5  8 43 22
 38 13 33 14 38  8 18 18 48  8  1 20 13  4 30  4 12  8 10 35  7 48 42 43
 42  4 10 49 22 44 44 10 18 49 21 20 46 16 11 43 20 18  3 50 32 26 21 43
  3 50 22 38]"
1,1,1,1,1,"[42  3 42 48 41 24 44 22 20 21 35 17 17 46 35 22  8 22 38 49 22 23 10  5
 17 33 23 49 22 13 25 48 21 41 21 31 50 10 38  9 10 38 30 36 31 38 22 50
 28 17 43 50 32 32 10  5 46 16 26 40 42 35 45 28 46 17 14 33 47 39 17 35
 19 31  5 24 39 21 39 18 48 37 34 37 28 33  8 39 18 43 13  3 22 47 20 35
 28  4 14 10]"
1,1,1,1,1,"[39 26 39 23 47  2 33 47 22 16 16 14 15 19 28 35 43 33 37 27 41 37  1 36
 23 46 32  9 45 43 27 40 17 31 21  4  5 20 29 23 47 21 48 49 31 27 33 33
 25 10 16 25 40 31 29 40  3  1  6 46 17  7 23  7 10 22 24 43 47 10  2  1
 33 41 24  2  5  6 24 40 41 42 37 24 13 30  2 27 21 40 38 16 25 43 20 34
 17 29 19 49]"
4,4,2,2,2,"[47 50 21 46 14 18 37 43 36 21 18 17 37  8  1  8 20 19 40 34  4 19 41 27
 26 33 24 36 25 42 46 24 36  1 49 21 45 27 42 25 49  4  9 30 30 12 24 13
 11 27 15 15 31 41 40 38  7 30 22 10 30 16  6 44 10 35 10 43 47  1  1  1
 41 28 37 43  7 27 45 34 15 34 49 11 37  6 28 24 11 44 19 20 47 28  4 46
  9 48  8 12]"
1,1,1,1,1,"[10 20 22  9  4 13 11 46 35  9 42  1  6 22 27 16 20 18 33  8 37  1 21 41
 49 44  1 26 46 41 23  4 38 31 32 36 48 33 16 39 19 22 24 43 45 33 18 45
 37 37 28 48 30 24  5 29 16  4 30 46 30 17 11 34 48 34 40 31  6 30 41 26
 14 32  8 32 17 15 23 16 26 48 19  2 41 14 32 32  5 20 21  3 48 46 49 48
 40  1 41 27]"
1,1,1,1,1,"[23 38 37 14  3 41 16 40 17 46 36 31 32 27 16  8  2 17 15 38  8 49 29 47
  1 12  2 22 28 15 33 23 49  2 48 40 31 49  4 34 12 35  2 27 48 18 37 49
 39 23  2  5 45 34 28  6 19 32  6 26 50 38 17 10 12 33 38 34 33  2 39 46
 37 27 25 27 12 15 20 44 15  6  9 44 40 50  4 14 34 25 21 25 39 10 46 12
 26  6  6 21]"
13,21,3,4.33333333333333,7,"[45 18 43 19  4 30 24 25 27 46 49 13  9 36 10  9 36  6 40  5 12  8 28 35
 48 15  3  5  1 38 50 18  9 35 49 12 15 37 36 39 26 16 23 46 15 40 47 24
 17 29 42 28 29 48 22 26  4 44 34 38 21 28 18 12  9 36  6 19  8  1 14 33
  9 35 21 19 27  5 43 50 42 27 13 42 50  6  1 18 27 45 28  1 50 47 10 44
 50 15 27 12 31 24 27 10  7 28 19 30 26 10 41 10 33 36 28 29 36 25 21 19
 23 38 10 23 40 36 21 39 19  6 36 31 24 16 13 28 40 11  2 21 46  7 41 43
  2  3 46 33 26  9]"
17,19,2,8.5,9.5,"[27 19 26 49 35 36 30 29 41 34 29 11  2 49 17 30 47 27  9 19 23  9 22 50
 14  6 18 28 42 45  9  3 49  7 25 45 19 13  5 16  3  4  1 22 50 19  4 31
  9 20 44 42 36 47 45 34 35 11  1 43 40 29 41  9 28 12 14  6 14  2  5 50
 10 39 39  4 21  2 39 29 44 28  8 37 43 49  9 50 32 46 46 11 13 12  5 21
 42  1 38 46 13 39  1 40 32  3 20 34  8  3 21 23 21 31 43 17 46 11 11 34
  6 30  5 17  2 44 24 32  5  1 49 17 44 44 13  4  9 23 39 25 30  5 15 40
 43 14 14 47  6 32]"
7,9,2,3.5,4.5,"[49 12  7 36 23 49 45 19 32 50 23 24 23 36  8 41 37 45 23 43  8 23 49 27
  4 12  2 20 26 42 26 40 33 15 45 30 36 24 37 27 27 49 34 40 21 25  3 41
 33 20 36 35  1 26 46 42 39 44 15 17 15 23 10 15 42 50 13 34 43 16 15 22
  8 13  9 42 24 27 19 37 33  8 25 12 35  1 45 37 44 30 38 42  5 47 18 20
  2 31 49 10 25  2 39 39 29 20 27 28 34 17 42 17 38 35 28  7 21  6  9 24
 42  9 37 37  2 24 22 27 30 37 23 20 26 15  8 39 50 17  7 31 34 29 34  8
 41 35 41 19 13 16]"
7,7,2,3.5,3.5,"[11 36 42 42  9 10 46 15 27 35 33 30 31 31 32 14 28 25 43 31 35 26 48 35
 21 35 13 41  3 50  7 33 33 31 23  5  5 47 43 44 42 35 18 23 45 33  3 43
 43 12 49 37 25 10 38 46 24  2 20 12 19 34 22 14 38 21  3 31  5 42 26  8
  5 42 25 39 48  1 24 28 26 42 27 33 21 31 35 44 17 38 49 14 23 28  8 35
 45 30 25 21 48 41 12  2 45 39 49 16 18 10 41 28  2 49 43 14 45 48 47 33
 47 29 39  3 16  6 30  5 47 26 49 38 14 28 32 44 28  3 26 18 26 38 39 13
 27 43 11 36 31 39]"
5,5,1,5,5,"[42 42 46 50  4 18 28 38 24 21 42  8 47 37 27  1 29 38 48  5 36 43 22 48
 23 42 38 27 27 35 24 32  3 39 29 26 35 23 20 43 23 46 36 36 48 13 44 15
 50 25 18  4 25 32 37 38  8  3 39 13 44  5 18 24 32  5 37 32 31 25 14 26
 18  9  7 28  3  9 45  5  2 43 26 10 38 12 21  6 15  6 20 45 16 50 16 17
 30 38 28  1 17 50 42 21  8 25 34 13 44 46 12 30  1 47 29 47 42 35 14 45
 38 41  7 34 28  6  2 27 29 30  9 45 39 45 39 28  3 18 22 14  3 31 24 22
 43 25 35 26 33 10]"
20,22,2,10,11,"[28 41  3  8 34 30 49 11 23 15 41 49 19 17 36 26 45 40 14 24  1 50 10 49
 41 35  7 28 26 16  1 27 44 28 14  2 28  3 12  5 28 36 20 37 49  1 29 22
 26 23 50  6 27 46 33 40  2 41 20 20 10 11  6 11  5  7 33 18 19 44 19 50
  9 31 10 27  5 39 44 44 30 18  3  7 20 16 41 24 36 27  4 49 43 38 41 16
 39 19 39 42 43  9 19 50  3 13 25 37 38 13 29 24 18 41 17 12 25 18 32 33
 29 29 41 23  1 29 12  3 26 49 32 41 15 29 15 39  3 33  4 16  5 50 23 35
 32  3 30 42 44 49]"
3,3,2,1.5,1.5,"[ 2 42  4 27 42 37  4 29  1 29 47 15 46 38 17 45 20 34 19 17 22 28 34 15
 15 10 48 21 23 34 47 39 32 35 27 25 36 13 40 18 17  1 20 48 24 19 32 34
 26 19  8 32 12 18  1 15  2 21 21  3 50  9  3 38 31 16  3 43  4 21 12 42
 14 50 26 31  3  4 21  6  3 18  3 10 49 22 13 28 25 19 29 10  9 11 46 39
  8 22 27 17 20 35 37  7 28 23 34 45 31 49 32  9 35 28 24 16 47 18 13  4
  2 43 13  5 26 17  3  2 47 35 23 32 25 21 14 33 11 14 22 21 21 45 22 28
 21  4  1 10 14 32]"
8,9,2,4,4.5,"[11 14 40 29 45 39 39 10 19 32  1 11 35 26 30 35  1 38 44  6  7 22 31 16
 50 36 13 30 40 25 20 15 37 21 33 50  5 26 41 49  2 15 22 14 18 48 48 42
 17 14  3 28 15  6 50 41 11  6  6 10  8 12  2  3 29 18  1 36 44 46 39 34
 21 42  7  4 36 38 30 48 36 25 31  8 47 48 32 18 24 40 17 13 22 18  1 25
 35  8 17  4 29 43 41 18 27 17 21  7  6 50 48 19 15 27 21 33 37 21 37 43
 30 32  7 39  1 12  8  4 37 41 15 43 31 29 40 27 39 33  3  8 22 45 20 36
 50  7 37 35 13 20]"
9,9,2,4.5,4.5,"[33 18 29 13 34 40 22 35 42  5  9 43  8 30 11 19 31 38 20 21 50 26 20 49
  8 50 13 47 38 27 29 39 48 39  8 18 50 30 17 29  7 33 40 48 31 16 32 28
 29  3 34  5 23 13 36 50 26 48  3 24 10 20 40 49 32 42 38 15 34 12  8 23
 35 36 18 47 48  4 34 49 26 40 19  3 19  8  6 20 31 11 39 19  6 10 32 26
 49 36 24 19 37 31  9 15 16 28 26 37 46  1 30 36 49 23 21 12  2 47 20  4
 43 24  2  4 46 14 19 13  1 20 15 43 35 38 38 40 32 43  5 27 21 26 21 22
  7 41 20 10 23  4]"
6,6,2,3,3,"[26 14 13 42 38 17 23 10  8  2 30 19 43 13 11 22 40 36 40  6 34 28 12 14
 19 36 13 37 40 26 42 31 14 10 45  1  5 20 33 37 16 28 36 41 25 41 50  9
 41 36 12 30 35 26 32  5 43 10 14 27 27 16  7 31  2 22 27 10 29 42 39 28
 14  1 45 22 48 13 28  7  7  9 36 39  6  5 16 18 45 41 37 38  8 49 12 12
 20  7 13 18  9 19  5 14 12  3 38 38 30  3  6 19  9  5 15 35 45 48 18  5
 34 37 25 18 17 47 26 20 36 44  8 42 16 21 42 47  2 42 32 39  7 38 18 32
  7  4  8  7 43 47]"
19,20,3,6.33333333333333,6.66666666666667,"[10 48 39  4 11  7 42 49 22 21 46 36  8 31 41 16 21 22 45  8 15  6 15 17
 27 41 39 36 47 35 12 29 34  1 39 25 39  5 29 21 20 14 25 36 50 31 28 31
 20 50 28 46 45 41  3 39  7 50 49 35  2 10 14 28 25 21 19 11 38 26 38 43
 22 27 39 38 23 39 40 23  9 42 15  7 34 42 10  9 37 45 45 13 11 37 45 26
  8 19 12 49 16 35 42 39 31 49 48 13 20 39 30 10 10 36  3 15 11 23 18 11
 26 40 21 14 13 37 16 35  2 43 49 20 47  1  9 50 27 37 44  5 35  9 35 34
 42 20 31 41 21 36 29 47 15 40 50 21 14 40 33 26 24  2 43  8  7 15 10 28
  1 40  9 22 21 44  5  9 31 23 31 10 46 20  2 42  9  3 41 40  7 47 17 45
 25 41 38 32  5 24 20 33]"
21,17,4,5.25,4.25,"[ 6 25 19 11  4 25 32 12 49  4 18 34 19 29  4 13  9 28 15  5 23 47 48  7
 16 22 30 39 25 11 33 21 10 43 49 36 15 35 42 50 33 31  9 34 22 49 33 25
 11 28 41 41 37  9 23 23 33 46 36 50 24 25 34 25 15 49 48 24  4  1 12 28
 36  6 46 30 37  6 18 34 42 41 36 42  2 40 25 41 33  9  6  5 34 13  2 19
 44  5 47 25  1 13  2  5 15 13 41 50 19 23 37 17  5 46 25 38  1 37 10 14
 20 36 41 23 47 43 26  9 35  6 16  8 29  4  5 26 19 23  1  6 19 49 10 27
 20 15 17 48 33 46 40 16 27 15 35 42  6 34 14 40  6  1 12  4 16 34 36 16
 24 37  6 14  7 48 18  3 15  9 40 26 50 11 22 48 49 48 20 23 46 29 11 26
 16 11 12 50 38 13 25 47]"
3,3,1,3,3,"[ 5 11 26 34 18 14 47  3 39 32 21  3 18 17 41 21 25 10  7 21 16 39 43 41
 14 44 28 41 27 25 25  3 17 22 24 48 26 11 40 37 21  7 17 42 34  3 15 21
 42 30  8 26 23  6 35 32 11 24 15  6 28 39 16 36  2 26 29 20 23 24  1 42
 41  8 33  1 46 24 47  6 50 35 17  9 19 44  3 27 36 50 23 31 10 17 42 20
 26 41 27 27 10 33  8  6 17  2 16 23 11 15  4 10  4 11 21 40 24 42 49 10
 18 43 46  3 39 27 27 36 40 35 44 37 40 10  8 36 29 23 33 48 22 33 21 27
 16 23 41 21 40  5 35  6 11 36 42 27 30 49 29 44 29  9 23 22 11 22 32 39
 22 12 37 25 45 20 46 16  3 28 11 31 46 34 33 26 35 32 10 10 33 26 23 13
 10 25 41 25 12 25 16 35]"
11,8,2,5.5,4,"[ 4 49 19 32 44 26 47 10 42  5 34 34 41  4 40  9 38 36 48 32  9 29 15  1
 26 42 30 25 11 44 16 32 16 35 44 11 18 33 30 50  7 38 15  4  6 25 43 31
  8 19 44 34  3  8 43  6 13 34 46 38 28 46  8 16 27 31 12 41 13 42 17 31
  6 28 22 43  1 22 27 45 37  3 49 42  9 42  1 21 13 45 37  5 28 44 21 31
 24 36 40 44 43 26  9 48 20 18 31  8 26 46 15 29 13 18  5 27 50 16 34 45
 18 11 34 41 38 32 26 35 39 12 37 15 23 35 27  3  8 41 20 32 15 39 14 39
 36 25 40 37 33  6 13 22 21 13 26 27 42  8 15 48 40 20  7 38  5 24 30 32
 25 40 29 43 50 36 29 25 47 38 44 28  5 30 32 40  3  6 18 31 49 34 45 13
 13 31 25 32  7 46 21 49]"
33,27,3,11,9,"[30 33 26 33 27 10 32 20  3 21 42 34 20  9 45 23 23 16 44  9 37 42 33 37
 47  6 50 47 27 32 40 26 31 19 45 22 45 25  7 35 24 37  3 26 15 28 30 50
 24 15 10  3 39 20 11 42  3 43 41 27  4 21 24 37  6 23 16  9  1 38 25 25
 37 49 50 30 19 28 15 40 48 50 32 50 15 25 45 23 30 50 42 39 48 23 32 12
 13 10 21 12 37 11 31 33 10 47 29  1 17  9  7 34 24  5 32 28 34 41 45 24
 20 36 23 30 31  4 25 17 33 20  7 18 10  6 39  3 32 22 50 33  6 43 24 46
 45 37 34 27  2 45 39 14 45 43 24 30  8 21 35 48 30 20 46 22  4 40 15 45
 37  7 48  1 16 26  7 29 35 49 11 26 44 44 40 13 10 21 33  8 33 13 35 40
  1  6 34 12 24  1 29 31]"
23,22,4,5.75,5.5,"[23 34 30 29 29  3 38 37  7  4 23 13 45 14 19 10 50 41  4 40 18 50 25 22
 41 27 49 47  9  4 40 24 22  8 12  2 46 29 30 37  3 35 30 19 39 47 38 46
 43 30 11  9 16 16 13 34 47 26 21 35 38 33  4  4 27 33  4 17 18 36 10 13
 28 30  4  3  9  5 32 15 49 34  5 36 36 40 43 43 18 45 46 29 18 13  3 35
  1  1 48 36 36  3 46 23  4  8 30 17 50 15 48  1 24  1 34 15 50 41 47 49
 19 14  5 44 37 21  1 36  8 32 20 26  6 22 23 42 33 39 42 27 18 14 21 37
 17 28  5  8 25  2  6 33 39 24 23 26  3 20  8  4 29 41 47 34 39  1 30 15
 20 50 44  2 14 23 49  5 23 31 33  3 29 48 29  1 48 29 41 48 33 16 36 12
  6 21 29 15  1 40 31 48]"
6,6,2,3,3,"[20 44 29 23  3 46 41 41 49 16  3 15  3 23 37 16 22 17  1 47 24 38  4 22
 30 19 41 41 35 42 19  3 28 10  7 17 16 35 32 37 41 26  2 31 15 19 28 34
 42 16 18  1 47 26  8 10  2 18 37  4  9 31 41 17  4  1 45 21 19  5  7 30
 43  1 34 28  1 28 36  1  8  1 12 30  9 20  4 26 13 26  9 32 13 30 23 13
 31  6 21  9 39 13 19 14 50 12 21 13 35 13  5  4 20  9 23  1 30 14 10 21
  1 33 25  5  4  8  6 32 50 39 13 26 26 15 15 17 42 11 48 49 38 14 10 26
 38 22  8 29 43 34 21 14 26  7 37 23 20  6  3 22  6 36 34 46  3 18 39 27
 17 25  6 40 40 46 14 50 18 10 33 45 37 27 16 19 14 32 34 31  2 13 42 19
 11 20 25 27  7 12  8 46]"
10,10,3,3.33333333333333,3.33333333333333,"[28 35 12 23 13 31  9 25 27 35 29 13 40 16 47 20 36 22 14 20 46 13 48 16
  5 10 26 15  9 35  1 28 49 36 28 32 50 50 35 12  2 16 11  2  1 41 37 45
 24 19 43 38  6 50 21 42 29 17 10 35 29 35 21 41 43 40 10  7 44 45  1 21
 46 16 15 29 29 22 34 28 29  8 18  4 34 20 50 33 45 15  3 43 17 16 37 31
  3 48  6  5 25 13 32  5  2 46 16  5 13 28 44 20  3 45 32 42 21 17  7 44
 21 39 50 41 17 24  4  2 29 26 21 29 28 24 18 20 16 23 22 44 17 35 11 33
 13 14 29 50 31  5 44 32 10 33 49  9 24 26 13 19 14 10 12 18 30 29 41  2
 37  4 25 13 30 36 15  7 44 42 42 14  8 34  8 17 49 44 21 25  5 47 34 37
 50 43 26 48 18 16  2  8]"
6,6,2,3,3,"[35 29 37 12  2 28 49 33 22 17 46 26  1  9 24 23  8 14 25 13 41  7 24 33
 28  9 38 19 24 41 13 44  2 48 31  2 14 14 18 28 22  4 13 32 33 15 36 21
 18 32 38 18 23 16 45 35 19 25 29 37 36  4  8 22 17 36  2  9 50 20  9 34
 28 50  8 34  9 15  2 12  2 50 22  3 25 29 12 49 13 49  6 26 16 28 18  3
 22 28 40 16 41 44 28 25 48 22 30 11 12 49  6 32 15 28  6 16 17  5 31 38
 26 46  4 12 44 19 15 36 12 36 18 41 50 22 24 43  9  9 49 27 34 25 25  8
 12 34 42  5 36 40 14  3 22 23 22 21 21  4 42  8 40 19 46 41 42 42 42 38
 43 36 14  8 22 22 11 25 20 18 37  4  8 18  1  6 26 22 46 35 37 32 48 46
 17 12 27  2 33 44  4 32]"
14,12,3,4.66666666666667,4,"[31 43 42 34 19 48 31 32 47 22 40 10 32 25 43 27 17 11 22 12 37 43 39 29
 13 40 39  7 43 28 11 30 17 39 26 21 27 28  1 22 14  3 50 23 45 20 33 19
 22  4  4 32  2 16 27 12  1 13 39 18  6 31 35 41 45 32 20 33 10 39 45 41
 36  9 38 40  5 31 25 14 40  9 36 13 14 19  7  2 18 42  2  8 35 25  8 15
 49 23 27  6  7 22 19 17 43 31 32 37 18  5 35 38 50 14  7 18 11  1 32 17
  4 29 28  1 19 36 28 50 25  8  8  5  4 48 42 28 23 43  1 27 22 38 45 27
 34 24 34 17 13 48 41 39 49 37 21 34 22 44 31 33  6  7 45 31 25  5 33  4
  5 29 42  5 30 35  6 40 12 27 50 24 33 33 45 42 43 27 39 47 36 25 35 13
  2 37 27 10  2 13 46  6]"
,,,,,
,,,,,
,,,,,
,,,,,
N=75 and K=74,,,,,
1,1,1,1,1,[39 52 70 73 42 73 37 30 10  8]
1,1,1,1,1,[47 29  9 14 34 26 63 58 49 24]
1,1,1,1,1,[19 69 74 21 39 22 39 11 24 65]
1,1,1,1,1,[66 71 61 65 12 15 64 50 26 16]
1,1,1,1,1,[56 21 19 33 39 17 14 16 55 38]
1,1,1,1,1,[16 20 67 38 63 20 49 75 15 51]
1,1,1,1,1,[75 57 15 28  2 62 38 17 73 45]
1,1,1,1,1,[51  9 67 38 16 45 71 46 33 52]
1,1,1,1,1,[12 12  4 18  8  9 64 24 33 66]
1,1,1,1,1,[70 73 37 73 30 11 52 11  8 58]
1,1,1,1,1,[45 35  1 25 11 41 72 15 42 70 70  8 29 31 26 70  3  2 46  3]
1,1,1,1,1,[20 37  3  3 33 60  4 62 63  9 21  9 52 13 63 61 62 69 12 29]
2,2,1,2,2,[59 43 10 56 61 20 71 64 35 11  5 41 15 12 75 50 45 23  1 16]
1,1,1,1,1,[15 20 24 32 33 29 56 48 37 66 20 34 32 37 48 21 72 75 52 22]
1,1,1,1,1,[28 63  3 15 36 63 19 57 48 56 57 60 20 50 32 10 32 26 36 45]
1,1,1,1,1,[57 53  9 51 35 66 13 14  3 59 75 36 32 24 33 72 45 75 33 51]
1,1,1,1,1,[23  1 56 18 29  7 38 67 37 26 18 40 52 57 32 73  7 54 53 13]
1,1,1,1,1,[13 56 61 15 53 32 10 49 26 36 71 13  2 44 24 13  6 30 70 25]
1,1,1,1,1,[35 70 74 66 36 52 33 12 71 74 32 49 45 74 60  3 40  1 58 56]
1,1,1,1,1,[48 64 62 41 23 74 38 64 74 29 53 39 13 11 73 18 74  9  7 64]
2,2,1,2,2,"[ 2  8 32 21 47 29 59 48 43 53 71 46 56 55 63 10 10  2 10 28 41 19 75 34
 28 22 55 43 22 12 43 23 70 11 44 25 43 10 15  9  1 52 33 62 46 53 39 45
 61 18]"
1,1,1,1,1,"[10 72 51 59  4 15 43 14 55 74  5  9 49 20 52 49 67  1 25 21 27 46 65 59
 30  4 53 32 73  7 19  7  6 19 65  4 71 57 19  8 48 65 61 64  2 61 11  8
 29  2]"
1,1,1,1,1,"[42 55 22 62 60 27 23 22 72 64  4 66 75 42  2 40 42 20 35 44 13 49 36 73
  9  5 58 51 48  5 59 42  8 39 16 27 66 39 63 27 25 73 25 50 68 61  8  2
 50 68]"
1,1,1,1,1,"[31 63 12 41 24 12 44 53 69  4 18 39 47 74 53 36 34 16 39 10 37 53 27 44
 52 54 52 29 34 14 56 49  5 59 20 75 24 59 62 61 19 10 13 39  8 12 71 18
 18 70]"
2,2,1,2,2,"[20 67 60 36 59 68  8  9 75 57 48 47 46 44 40 71  3 49 34 50 75 17 26 58
 33 45 53  7 27 18 63 12 56 47 10 42 43 54 36  2 30 53 33  3 20 20  7  1
 49 56]"
1,1,1,1,1,"[28 20 33  9 38 20  6 58  1 75 58 45 13 57 25 35 60 50  8 34 18 21 45 70
 42 59 56 10 46 53 65 16 11 45 37 18 58  7 38  5 35 39 27 67 12 66 73 20
 21 34]"
3,3,2,1.5,1.5,"[17 69 40 61  3 38 68 12  5 57  6 48 54 31 45 65 43 13 47  8 75 24 71 13
 51 26 54 40 54 65 49 46 35 32  9 51 75 62 41 60 51 60 35 58 45 29  1 74
 35 20]"
1,1,1,1,1,"[42 30 68 75 53 66 62 18 11 29 67 46 10 35 14 67 71 57 54 19 20 56 58 64
 71 46 64 42 31 23 71  8 67  2 62 13 35 41 34 42 72 49 29 13 54 40 67 33
 50 24]"
1,1,1,1,1,"[62 70 65 29 12 55 43  7 47 30 63 68 63 41  6 12 22 59 21 32 26 68 30 57
 36 50 39 42 56 17 50  6 43 37 40 32 42 19 10 53 50 58 34 23 19 69 67 23
 55 31]"
1,1,1,1,1,"[ 3 62 74 74 66 19 48 53 48 40 23 51 33  1 23 41 63 33 34 58 58 17 71  7
 30 35 22 31 59  3 62 64 27 48 26 68 23 19 50 14 24 10 20 17 17 18 73 39
 71 50]"
2,2,1,2,2,"[ 6 53 43 63  8  5  1 13 16 14 75 39 37 56 72 22 52 62 63 52 35 32 44 33
 49  7 72 28 43 40 53 14 64 14  4 13 67 27 37 38 23  8 34 75 55  1 52  4
 56  5 13 10 15 50 68 54 37 51 66 44 47 54  3 61 43 44 31 41 10 51 23 67
 45 52 22 11 28 24 42 43 17 43 71 42 13 21 44 38 62 45 18 56 63 42 55  4
 39 69  9 58]"
5,5,2,2.5,2.5,"[23 59  4 48 22 31 59  3  2 54  6 26 47 14 59 48  9 10 25 74 54 18 72 32
 22  9 67 50 62 69 32 72 41 48 71 11 21 36 46  8 47 29 39 17 14 46 35  7
 10 50  2 74 17 75 62 65 10 20 36 42 52 54 73  3 69 68 68 37 54 53 74 51
 57 24 38 19 67 13  2 73 22  5 12 71 44 70 68  8  4 38 34  2 75 45 53 57
 22 39  1  3]"
7,7,2,3.5,3.5,"[21 16 69 67 53 29 26 54  6 65 11  9 27 75 10  5 62 16  3 46 17 72 34 65
 11 56 74  8 32  5 16 18 59 33  9 42 37  2 47 24 73 33  3 73 70  3 11 29
 67 17 29 61 12 57 58 54 61 23  6 15 70 62 31 41 16 20  1 74 22 43  9 35
 52 72 68 72 14 71  2 66 46  2 57 61 27  7 73 29 56 47 48  5 16 51 55 50
 60  8 39 10]"
1,1,1,1,1,"[74 46  9 47 70 64 74 73 50 13  6 61 36 61 65 73 21 55 30 53 39 19 18 59
  1 59 70 53 66 44  6 46 47 19 30  2 36 12  9 63 66 43 21 16  6 45 68 66
 14  2 28 45 55  5 56 67 24 26 69 23 47  7 59 35 11 23  9 60 29  3 12  2
 69 62 71 26 55 71 54 28 16 36 10 15 60 33 73  8 40 53 27 50  9 17 52 55
 64 52 55 52]"
1,1,1,1,1,"[56  7 22  3 54 31 20 35 66 54 31 41 67 16 25 20 14 16  4 47 41 47 11  3
 38 27  2 17 10 52 70 56 24 45 36 15 34  6 32  6 38  4 57 51 11 42 71 15
 60 66 37 16 34 19  8 49 38 36  1 25 69 60 57 12 67 46 58  9 39 57 72  4
 60 37  7 39  4  1 14 37  2 15 72 17 33 55 71  6 57 62 53 44 52 45 48 71
 47 11 68 31]"
1,1,1,1,1,"[14 39 73 15 11 71 52 64 23 62 44 48 49 51 25 20 15 19 62 40 15 63 31 44
  1 25 53 30 32 45 31 31 24 60 31 66 23 72 50 29 50 50 27 50 13 44 24 58
 48 40 13 68 45 69 27 42 37 31  5  2 46  9 26 54 54 27  6 24 73 22 73  9
 36 47 26 69 31 19 63 44  6 43 68 40 30 24 54 44 32 40 30 41 53 71 75 70
 21 61  8 17]"
4,4,2,2,2,"[30 26 15 36 67  2 28 61 31 70 19 28 62 33 75 49 53 26  3  4 20 51 43 53
 51 48  4 31 28 64 62 58 66 27 67 68 58 54 36 37 35 53 24  3  7 38 74 72
 60 17  3 64  7 71 15  9 60  5 69 24  9 47 70 11 15 29 41 67 36 50 74 20
 24 29 41 43 25 16 46 75  9 60 46 38  6 33  1 41 41 57 25 44 24 34  1 40
 10 35 58 67]"
2,2,1,2,2,"[69 21 57 18 49 34 34 42 58 65 36 51 12 31 13 63 53 70 55 62 73 25 19 45
 29 17 40  7 15 70 50 32 14 66 15 31 19 72 64 40 33 30 55 63 30 26 37  4
 24 25 29 28 39 19 26 57  4 28 75 21 19 55 75 33 61 69  4  3 31 72 38 32
  3 22 43 50 74  8 34 29 57  7 70 46 31 38 74  2 65 40 20 23 52 38 61 35
 70 58 30 53]"
1,1,1,1,1,"[30 33 12 29 59 68 56 21 60 28 45 67 64 33 29 16 18 27 51 32  6 32  3 45
 25 43 73  7 41 49 73 68 34 68 21 10  3 30 41  4 15 33 68 16 19 48 53 61
 47 56  1 68 37 61 70 68 26 68 14 30 41 36 46 51 18 52 61 67 33 24 68 22
  5 35 38 68 53 30 56 12 46 11 23 25 56 19 19 58 72 12 26 49 53  3 61 15
 23 20 74 49]"
1,1,1,1,1,"[24 28 17 47  7 41 41 33 65 41 60 57 10 17 40 64  6  8 51 34 43 27 33 47
 72  2 74 49 57 36 69 59 50 33 70 38 69 62 73 40 33 43 67 23 66 37 12 18
 17 39 41 58 43 17 14 40 65 73 48 33 45 11  7 33 63  5 70 14 52  6 32 12
  3 52  5 73 54 61 38 13 16 62 41 19 50 66 62 61 24 42 18 12 71 34  6 59
 17 55  8 35]"
9,9,2,4.5,4.5,"[39 29  5 19 39 15 54 42 69 10 33 23 62 13 64 26 18 75 48 46 57 41 23 30
 46 16 50 11 68  6 65 64 42 17 36 69 53 24 56 29 36 16 41 43 73 65 64 27
 34 50 16 71 43  6 46 12 67 44 29  5 44 19 69 35 58  1 42 37 10 41  2  5
 74 70 22  3 46  7 28 72 19 30  6 19 63 58 24  1 44 19 46 29 38 15 68 10
 22 51 47 56  4  5 29 34 71 29 65 31 42 44 74 55  6 15 72 45 28  6 63 64
  3 39 67  4 46 28 34 44 42 64 24  1 75 39 16 36 19 13 54 49 69 64 43 28
  6 20 66 14 34 41]"
1,1,1,1,1,"[45  6 53 16 27 50 67 17 58 34 41 62 21 61 41 71 49 27  9  9 67 66 69 23
 45 23  2 34  3 30 68 52 31 17 72 27 66 41  8 51 73 43 44 32 67 28 49 70
 71 74 31 74 39 71 46 52  7 26 19 58 45 71 12 15 73 63 15 37 57 49 42 12
 11 65  2 55 36 65 32 49 43 37 50 44 45 38 11 55  3 11 19 25 24 52 10 34
 72 62 10  5 13 41 65  1 62 43  3 60 48 31 26 43 40 24 16  9 55 13 10  6
 42 19 46  7 24 28  8 32 37 74 27 22 30 39 42  4 40  8 27 61 14 33 26 16
 58 30  5 75  8  6]"
4,4,2,2,2,"[25  6 26 64  9 53 11 32 62 32 55  3 54 16 33 61  1 73 62 71  8 62 36 72
 69 49 56 14  1 42 21 53 43 35 41 20 16 21 73 35 38 52 34  6 20  5 41 40
 37 51 15  2 10 51 50 75 15 74 41 48 70 53 48 41 63 74 59 36 46 35 68  7
 70 20 56 35 10 22 64 13 19  5 71 37  3 27 68 38 59 11 67 34 44 58  9 59
 57 48  3 43 37 40 39 20  8 19 46 43 65  3 19 14 16 52 62 67  2 58 34 48
 74 44 38 36 13 67 55 49 40 41 63 27  1 10 67 12 73 60 66 10 21 27 70 41
 64  1  9 44  1 55]"
1,1,1,1,1,"[28 21 74 45 70 43 14 23 42 57  2 48 38 61 10 69 54  1 27  3 24 58 62 11
 24  3  1 28  5 32 46 46 62 32 13 65 18 12 51 59 33 29 24 42 53 53  9 51
  4 36  3 31 54 26 73  6 10 35 69 67 53 49 48 23 61 63 62  5 59 37 75 39
 49 27 59 49 24 29 36 72 18 42 10 27  9 62 18 14 73 48 64 65 53 15  9 17
 49 60 39 43 73 10 64 27 13 28 73 15 40 28 35 24 25 28 52 51 53  7 21 30
 16 26 63 21  5 57 34 68 22 53 27 62 28 43 44 65 43 73 64 58 60 56 65 30
 11 42 38 18 48 15]"
5,5,2,2.5,2.5,"[41 59 59 59  9 31 27 30 66 75  3 33 40  6 71 19 57 58 40 48  5 14 71  7
 32 70 65  8 58 38 49  6 29 30 54 31 18 44 43 18 61 23 39  1 23 39 13 56
 21 26 46 41 31 29 10 75 23 11 61 19 51  3 62 51 70 47 51 66 39 69 47 59
 50 53 17 25 20  1 60 34 12 20  2 34 29  7 32 29 32 44 16 65 45 68 64 46
 21 27 64 33 31 39 51 21  2 54 47 11 68 55 70  6 74 71 28 10 14 54 24 18
 66 43 31 14 26 40 40 65 56 56 32 68 71 30 43 38 39 18 15 19 12 27 69  4
 12 71  5 32 23 45]"
6,6,2,3,3,"[43 73  6 22 58 27 29 44 13 32 27 70 28 62 47 24 39 18 72 74 71 42 75 14
 19 47 30 52 58 45 16 40  1 50 38  6 57 38 44  9 68 38 73 21 13 62 56 32
 48 19 73 28 37 34 56 30 48 10 29 37 57 55 15 56 41 33 63 31 45 34  5 29
 41  6 71 46 75  1 41 12 25 17 10 16 50 54 69 11  9 42 15 13 17 23 26 21
 36  4  9  3 25 28 23 57 60 57 35  7 56 15 63 20 58 68  2 58 65 18  3 30
 62 55 42 46 17 19 45 30 44 57 17 56 22 31 14  1 52 59 13 73 12 43 58 21
 42 47 74 36 21  1]"
3,3,2,1.5,1.5,"[42 38 33 41 71 52 64 25  8  5 13 36  2 20 33 42 44 25 67 15 49 74 54 15
 52 29  4 36 39 28 47 49 55 20 56 33 14 54 12 66 16 68 45 10 28 31 68 46
 32 62 14 40 27 68 25 74 50 40 73 61 69 13 29 26 49 51 15 57  5 22 26 34
 27 61 33 66 19 14 62 59 37 42 32 47 29 29  9 24 65 20 18 18 53 17 54 37
 47 26 37 75 65 46 11 44 36 70 16 51 51 73  7  3 18  8 41 14 34 28 51 64
 27 74 35  4 61  8 54 56 40 66 15 37 31 35 10 63  3 68  4  4 34  1  9 56
 21 13 39 42 29 12]"
1,1,1,1,1,"[62 48 26 36 11 26 73 67 58 51 51 22 71 47 56 64 29  6 71 15 21 64 58 60
 36 57 68 42 50  3 56  6 41 45 32 30 38 70 50 39  3 23 34 49 19 66 35 73
 74 26 42 69 22  4 31 34 52 55 65 22 41 70 71 30 57 70 17 32 43 41 49 52
 18 43 53 54 31 23 50 56 60 74 41 11 47  1 56 55 47  6  3 73 16  4 22 10
 50  6 45 59 58 43 48 64 29  5 19 32 59 52  1 61 10 31 63 53 61 45 55  2
 32 46 42 68  9  3 28 30  4 28 12 35  8 39  2 58  6 44 74 48 53 60 57 67
 74 16  7 22 16 27]"
9,9,2,4.5,4.5,"[75 32 21 28 63 52  1  2 32 67 14 44 62 16 29 35  6 38 14 53 25 14 38 45
 20 32  9 22 69 55 51  6 12 50 73 43 20 31 47 28 27 15 64 34 21  9 52 22
 57 17  3 38 75 62 47  5 58 31 28  3 19 31 38 18 52 57 73 39 35 19  5 26
 70  7  5 16 12 32 52 59 44 67 65 31 65 33 44 74 36  7 62 10 52 33  3  8
 40 21 12 55  6 43 24 72  6 30 63 73 18 72 16 27 52 12 57 58 57 41 22 46
 33 73  9 40 17 43 17  6 59 68 59 53  5 56 14  8 49 59 59 45 58 54  9 57
 48 11 15 52 19 50]"
5,5,2,2.5,2.5,"[48  3 15 33 25 23 11 32 74 33 39 40 75 36 54 74  2 60 29 72 62 45 71 19
 16 25  7 29 45 15 74 38 64 56 60 21 34 67 14 65  1  8 51  3 54  8  1  5
 35 50 28 52 10 28 57 72 26 35 72  4 13 51  7 72 10 43  9 61 62 62 57 32
 27 24 44 45 17 40 17 60 13 31 18 54 45 23 40  2 24 25 56 46 49 48 65 57
 34 60 18 67 48  2 30 24 58 62 16 40 38 65  4 23 17 14 72 72 38 42 23 70
 55 24 59 70 42 31  7 48 47  7 10 50 59 29 58 21 22 55 28 54 74 59 52 73
 36 40 58 73 57 43]"
7,7,1,7,7,"[50 74  1  6 31 71 51 30 37  9 20 50 75  3 25 58  6 73  6 32 17 64 65 55
 75 71 42 30 55 12 48 69 51 44 23 23  3 37 74 63 61 30 51 36 34 21 66 48
 63 65 17 24 40 53 62  3 35 62 73 44 48 16 29 70 65 44 68  9  9 72 35 65
 59 47 23 12 33 56 17 36 20 15 21 36 61 16 56 70 44 39 53 38 14  3  8  8
 75 48 44 32 62 17 15 23  9 41 22 51 42 22 17  2 33 49  2 59 70 15 10  4
 48  2 72  9 31 36 60  6 35 49 69 54 26 13 15 54 65 33 56 54 12 38 37 44
 13 50 64 28  4 51 52  9  5 27 44  2 61 29 29 35 54 74  5 36 52 48 15 16
 61 29 69  7 10 31 72 71 70 12 38 30  5 40 16 54 35 18 18 17 35 23 51 15
 36 21  4  4 52 70 17 37]"
11,9,3,3.66666666666667,3,"[ 5 23 31 24 48 47 49 67 31 22 11 14 25  6 74 51 61 50 14 57 33 39 33 38
 74 54 65 32 54 31 28 23 72 24 35 10 15 20  4 14 54 33 55 12 17 43 53  8
  7 58 26 68 41 58 28  2 44 44 75 46 11 21 62 19 13 39 57 38 72 13  4 33
  7 12 59  6 16 51 59  3 52 11 37 14 45 24 12 27 36 67 20 33 72 66 53 64
 40 19 37  1 75 57 25 64 48  8 48  4  2  5 57 51 57 15 21 57 27 68 21 40
 34 20 22 54  4 31 63 65  4 68 22 57 73 31 65  1 65 43  8 30 26 63 57 69
  2 51 55 75 75  4 35 18 40  4 74 70 21 58 74 47 42 75 51 18 65  2 74 38
 74 45 33 19  8  6  2 65 57  4 72 63 35 38 36 39  8 51 73 63 10 44  2 10
 20 10 48 70 61 20  1 40]"
13,11,2,6.5,5.5,"[60 46 44 56 32 28 16 66 57 49 62 26 29 21 51  6 43 30 38 54 48 22 11 45
 73 43 58  1  8 59 32 26 15 75 55 47 65  2 26 60 60 37 34 42 19  4 60 26
  8 12  1 46 23  1  6 40 55 54  4  8 41 39 52 56 63 53 74 67 63 50 74  4
 54 25 28  5 60  9 23 46 36 51 39  3 20 47 44 65 53 61 42 54 64 54 34 47
  2 63 72 73 39 19 18 29 37 14 59 74 58 15 48 44  9 32 60 10 11 22 19  2
 72 49 50 47  7  4 27 25 11 74 50  3 67 33 34 25 67 27 64 35  2  4 15 37
 13 20 10 27  1 43  7 65 18 44 57 70  9 11  8 65 13 58 26 65 73 45 65 69
 33 54 29 25 64 56 36 56 39 15 42 50 26 65 27 14  7 42 38 71 69  8 56  6
 18 14 72 59 37 66 18 31]"
2,2,1,2,2,"[45 71 18 50 61 40 29 46 43 30 18 42 32 40 54 73 60 66 29 33 33 56 39  8
 26 66 32 54 69 51 28 71  3 24 39  7 70 33 20 19 60 73 68 43 33 41 54  3
  1 71  6 38 75 60 29 68 71 59 45 34 69 61 26 54 73 50 37 24 57 17 65 56
 40 22 70 42 72 48 54 41 20 72 30 68 55 67 72 25 41 61 11 15 11 19 19 47
 33 28 19 29 10 53 59 58 28  9  8 25 69 69 23  8 22 32 30 25 31 61 59 62
 48 30 31  7  9  8 51 67 28 44 64 55 69 19 36 16 23 14 43 52 53  9  4 24
  3 75 59 52 46 27 66 46  8 19 28 56  7  5 10 56 24 48 21 69 34 60 65 33
  7 67 51 49 65 22 17 50 62  8 40 29 40 25 38 28 45 42 53 41 39 73  7 60
 56 23 50  6 74 46 40 54]"
11,9,2,5.5,4.5,"[ 5 30 43  8 27 14  6 68  7 65 49 59 35 61 45  6 49 22 53 17 26  4 57 24
 26 31 35 62  6 29 13 62 51 24 75 12 16 61 40  1 50 13 11 62 73 19 57 55
 27 70  4 47 68 59 33 37 39 57 18 20 65 48 62 11 68 50 55 28 52  6 57 65
 12 33 11 16 44 16 23 53 41 18 45 23 43 44 63 46 70  6 66 36 60 33 46  1
  6 54 72 52  1 53  9 46 17 57 10 21 33 11 23 42 43 58 67 66 70 69 10 55
 51 40 69 39 53 69 66 16  4 28  2 44 56 53 18 33 16  3  4 30 40 12 65 42
  8  7 19 48 10 57 55 38 26 67 29 37 28 34  5 37 11 74 38 48 57 63 45 49
 20 28 66 25  6 36  3 29 10  5 32 23 67 26 68 44  8 73  9 56  8 15 40 74
 43 32 33 22 22 64 70 33]"
7,7,2,3.5,3.5,"[51 35 36 67 35 50  2 70 45 13  5 64 13 56 45 62 46 26 41 14 31 73 58 45
 40 57 27 61 43 51 21 15  6 29 60 39 65 75 67 16 70 75 23 74 48 74 70 19
 65 24 72 50 14 67 13 53 57 30 21 32 57 51 37 54 44 18 31 62 28 32 19  9
 16  8 37 26 58 45 12 61 71 42 14 44 42 36 24 15 47 29 68 14 33 17 39 22
 31  9 50 24 44 71 57 58 45 62  2  1 49 32  7  7 34 36  3  3 54 14 50 55
 22 62 28 18  9 61 32 46 53 41 22  4 27 52  4  2 20 41 51 35  9  8 68  1
 13 19 51 56 36 29 17 27 21 53 42  5 20 56 48 46 10 11 43 37 67 19 39 68
 49  1 57 67 67 42 69 47 49 41  7 52 60 21 22 26 31 22 50 54 27 49 58 32
 33 47 22 73  9 74 57 39]"
14,23,3,4.66666666666667,7.66666666666667,"[39 60 44 38 15 56 66  5 22 41 14 60 64 21  1 45 35 62 64 18 55 44 29 62
  8 72  4 20 64 45 29 49 32 60  6 55 33 62 33 26  6 29 62 18 69  4 45  7
 75 65 54 41 54 34 26 74 58 75 66 60 74 30 38 29 60 28 74 14 63 41 57 18
 52  5  1 73  5 58 71 62 41 69 61 54 44 13 51 39 75 10 36 16 22 21 25 24
 43 32 60 11 46 34 46 75  4 15 12 70 33 44 57 23 36 46 34 58  3 60 23 12
 36 48 67 20 30 21 58 39 73 25 32 62 50 29 18  5 53 72 49 29  2 73 68 72
 44 20 75 59 20  9 50 41 27 64 73 72 59 12 34 58  4 25 23 46 29 45 41 13
  7 37 22 27 75 58 27 69 59 60 29 12 35 31 15 25 64  4 55 73 55 52 32 13
 30 21 29  2 63 18 59 70]"
5,5,2,2.5,2.5,"[52 69 64 48 23 42  7  7 46 22 41 37  8 36 42 13 16 67 64 65 57 48 63 37
 44 66  6  1 43 49 49  2 50 55 34 21 40 55 42 32 10 25 23 72 73 50 35 26
 59 29 60 61 43 19 25 50 62 67  3 59 32  7 50 44  5 45 58 56 13  3 38 67
  8 29  5 31 64 56 23 12 25 27 33 19 17 50 30 56 56  1 34  6 41 11 47 32
 56 59  9 53 10  2 68 39  2 48 20 54 41 27 48 36 27 43 14 11 44  7 74 62
 59 67 63 20 12 22 31 40 70  4 28 69 70 15 57 75 12  9 57 32 28 17 65 64
 25  6  1 47 11 34 23 22 40 74 30 50 73 70 42 14 34 53 22 43 16 72 19 34
 42 16 40  1 41 23 44 62 57 55  9 35 33 47 21 50 21 61 15 39 23 14 15 20
 55 59 24 70 21 22 42  5]"
3,3,1,3,3,"[68 71 63  5  4 39 56 17 50  3 38 59  6  7 62 56  5 12 38 33  4  2 51 32
 57 18  6 17 60 51 74 12 67 62 60 26 17 50 38 47 63 73 63  9  4 42 72 29
 22 42 63  2  2 29 59 36 46 66 18  2  4 72 41 38 59 55 25 44 28 49 29 43
 69 28 63 49  9 50 60 61 18 45 50 28 57 65 56 22 66 66 50 67 14 50 32 44
 57 51 75 51 43 24 24 19 22 62 56 53 55 53 30 14 71  2 23 34  6 35 13 67
 60 32 25 28 59  8 48 14 67 59 75 52  5 49 47 21 12 51 45 55  5 63 35 56
 32 33 75 63 24 22 68 33 66 71 67 49 52 68 35 38 49 49 42 57 18 40 62 36
 38 22 19  1 41 34 59 18 75 46 67 20 47 65 43  6 49  4  4 21 47 42 11  8
  9 33 50 68 45 29 12 57]"
12,12,3,4,4,"[58 18 59 37 25  5 19 64 18 34 64 25 66 55 64 66  3 73 31 67 21 59  8 47
 26 40 61 36 46 48  8 34 62 60 65 67 13 56  3 70  4 25 39 40 29 15 15 52
 23 74 18 16 11 33 16 75 22  9  7 18 19 74 48  8 29 25 13 69 66 11 43 35
 20 23 69 10 53 50 28 29 50  7 35 74 24 23 38 14 56 18 55 22 48 36 31 47
 19 14 35 62  1 47 22 75 19 21 19 40 23 58 48 57 40 63 71 15 37 24 30 17
 13  4 60  5  3 18 38 73 28 74 55 19 21  7 72 61 10 73 32 47 53 56 27 72
 24 14 61 26 47 46 28 65 11 26 67 22 53 18 44  9 12 47 26 27 17 36 41 19
  2 65 49 21 69 68 63 15 72 11 27 20 70 62 63 18  9 70 34 35 21 46 49 59
 17 44 50 41 59 71 35 38]"
,,,,,
,,,,,
N=100 and K=99,,,,,
1,1,1,1.0,1.0,[17 25 84 18 19 74 89 37 69 26]
1,1,1,1.0,1.0,[ 62  32  53 100  86  83   8  10  90  96]
1,1,1,1.0,1.0,[74  7 21 81 81 29  4 22 82 44]
1,1,1,1.0,1.0,[35 45 26 15 11  2 49 44  3 90]
1,1,1,1.0,1.0,[79 14 45 99 37 24 49 77 62 85]
1,1,1,1.0,1.0,[55 69 50 23 51 65 62 51 77  9]
1,1,1,1.0,1.0,[73 86 86 80 19 76 63 80 59 84]
1,1,1,1.0,1.0,[87 61 29 81 86 13 89 92 23 66]
1,1,1,1.0,1.0,[22 29 73 75 37 85 10 57 14 31]
1,1,1,1.0,1.0,[80 33 18  5 39 41 58 45 72 39]
1,1,1,1.0,1.0,[38 49 46 84 95 80 31 32 32 61 21 19 93 53 77 54 86 81 10 94]
1,1,1,1.0,1.0,[61 51 46 11 79 14 68 23 63 84 48 54 92 12 39 80  6 44 84 35]
1,1,1,1.0,1.0,"[ 14  54  10  27  99  17  50  74  25  25  52  73  52   3  96  42 100  29
  97  82]"
1,1,1,1.0,1.0,[45 50 43 37 29  6 63 30 48 95 66 61 64 58 40 66 87 90 52 52]
1,1,1,1.0,1.0,[78 75 66 13 41 37 58 63 39 17 15  3 74 70 76 98 25 17 20 28]
1,1,1,1.0,1.0,"[ 47  54  96  74  43   7   2  17   6  99  66  49  70  61  95  46   8  50
  70 100]"
1,1,1,1.0,1.0,[30 48 52 78 65 12 88 35  7 97 38 77 68 52 71 38 90 79 74 27]
1,1,1,1.0,1.0,[ 7 60 61 50 99 55 41 46 57  8 43 60 21 71 23 84 27 36 13 64]
1,1,1,1.0,1.0,[57  4 17 95 96 44 36 33 33 29 59 54 85 94 95 36 69 60 58 97]
1,1,1,1.0,1.0,[75 89 19 88  3 74 74 29  9 71 57 24 78 40 96 96 88 32  2 15]
1,1,1,1.0,1.0,"[13 49 21  7 83 89 23 89 16 10 23  4 74 69 56 66 52 45 59 33 74 46 95 98
 46 67 12  2 49 76 42 44 58 43 89 21 24 88 40 86 19 96 35 52 37  2 23 26
 41 24]"
1,1,1,1.0,1.0,"[ 99   2  13  71  25  22  65  74  54 100  56  54  98  44  19  80   2  90
  69  27  17  73   5  79  44  21  80  44  95  44  35  90  86  51  57  95
  81  83  79  90  56  49  88  65   7  51  42  81  94  23]"
1,1,1,1.0,1.0,"[90  9 32 24 20 57 97 60 48 90 67 94 64 88 65 20 99 63  3  3 55 90 90 34
 52 97 70 82 53 24 32 86 46 94 14 53 21 58  1 13 46 17 94  9 99 18 57 88
 74 67]"
1,1,1,1.0,1.0,"[ 36  96  49  11  76  72  83  58  80  43  49  74   7  85  54  52  80  83
  91  56  28  52  40  57 100  24  47  62  32  88  51  29  71  98  62  95
   3  84  32  11  77  15  37   8  72  36   9  43  74  47]"
1,1,1,1.0,1.0,"[92 97 35 44 10 26 74 54 55 76 79 49 61 92 68  2 85 22 32 16 28  7 81 94
 99 17 89 46 90 16 74 98 63 18 61 91 31 17 23 14  3 67 13 56 57 89 40 82
 52 40]"
1,1,1,1.0,1.0,"[65 42 44 65 72 50 96 74 31 39 88  4 62 86 15 53 16 75 29 89 23 41 80 74
 62 93  1 61 20 37  9  7 60 77 41 60 19 19 41 59 12 43  8 85 34 31 16  1
 77 41]"
1,1,1,1.0,1.0,"[ 6 50 50  1 65 29 13 18 32 66 23 17  9 12 85 42 24 98 56 91 96 21 50 95
 54 55 13  7 61 52 52  9 98 42 94 87 90 11 71 78 46 24 75 57 85  7 61 23
 74 87]"
1,1,1,1.0,1.0,"[51 52  3 37 26 76 36 64 74 89 43  8 49 88 68 93 84 38 55  3 32 83 56 67
 90 71 76 13 40 80 69 70 89 21 61  3 11 33 27 35 90 44 15 50 18 21  9 33
 59 55]"
3,3,2,1.5,1.5,"[ 76  66  52  68   8  36  29  98  74  21  34  25  98   2  43  89  68  17
  90 100  62  37  33  81  85  11  88  53  40 100   3  17  31  43  90  80
  11  22  68  41  97   7  18  34  99  49   1  90  36  25]"
1,1,1,1.0,1.0,"[40 96  1 18 94 28 33  4 39 74 78 75 98 83 41 55 71 35 46 77 39 90 24 43
 83 79 70 85 71 24 74 72 56 11 66  2 50 44 96 27 18 60 53 85 31 84 49 64
 90 43]"
4,4,2,2.0,2.0,"[ 62  32  31  97  81  34  85  35  66  78  25  74  88  92  11  24  26  54
  36  91  13  47  86  64  73  14  94  53  14  95  85  69  40  53  14  55
  82  43  81  51  40  11  75  60  91  29  65  79  70  30  71  37  94  61
  37  21  97  90  66  35  15   1  18  80  94  22  46  44 100  79  57  51
  24  23  15   9  34  77   1  90  99  94  85  24  12  30  70  78  35  87
  77 100  30  48  25   6  21  95   7  85]"
1,1,1,1.0,1.0,"[ 56  59  64  15  73  39  36  10   9  21  75  69  40  92  63  24   9  74
  42  42  48  48  13  16   8  52   2  24   9  72  42  54  66  17  25 100
   7  94  45  40  96  25   9  33   6  18   7  20  40  75  59   3  91  47
  12   7  54  59  85  95  11   9  81  70  55  50  84 100  69  63  30  33
  77   9  69  21  98  21  26  88  92  90  76  98  60  97  76  36  15  51
  47  10  67  49   9  97  52  56  69  93]"
5,5,1,5.0,5.0,"[ 34  52  63  76  83  26  88  41  60  70  18  41  18  82  76  47  86  35
  49  94  65  49  24  62  17  88  87  77  80  86  11  26  63  99  35  19
  85 100  40  83  87  19 100  37  99  62  43  51  86  26  77  96  64  31
  41  55  32   6  88  98  95  30   9  48  42  58  32  91  34   6  68  45
  34  11  59  88  41  61  18  69  31  86  35  59  62  97  56  76  79  14
  44  58  39  24  96  71  53  13  60  31]"
3,3,2,1.5,1.5,"[ 93  36  39  87  41  77  69  76  44  95   9  48  22  79  20  42  50  19
  96  71  27  62  98  58  75  24  93  49  14  81  61  89  17  53  82  21
  30  68 100  17  69  73  26   1   4  15  41   1  33  60  14   5  72  33
  94  67  81  13  78   1   1   3   9   5  33  18  33  48  99  90  26  15
  76  47  88  43  42  81  13  22  42  53  43  60  96  30  93  80  35  96
   7  16  36  58  95  25   5  90   5  23]"
2,2,1,2.0,2.0,"[ 61  79  79  62   5  36  81  26  70  39  59  73  42  67   3  38  43  13
  74  10  52  75  15   4  47  24  23  32  52  87  84  79  33  76 100  55
  29   3  40   1  69  45  31  46  53  97  27  64  70  88  11  34   4  56
  59  44  89  20  85  32  20  60  26  33  61  62  34  35  47  34  72  97
  60  61  69  69  34  83   5  57  57  67  59  35  64  42   8  14  98  30
  82  82  75  92  58  43   1  56  83  78]"
1,1,1,1.0,1.0,"[ 5 79 70 39 85 78 26  5 17 13 19 38 18 51 19 60 45 38 69 19 55 40 96 38
 29  6 21 92 53 38 27 24 24 90 77 65 77 40 17 92 92 47 58 67 46 82 65 27
 54 78 83 59 28 65 45 94 85 84 56 97 51 72 95 24 69 75 45 75 18 53 53 85
 79 52 73 68 70 59 85  2  8 57 42 67 30 23 91 91 47 92 99 47 86  3 67 29
 74 76 37 21]"
2,2,1,2.0,2.0,"[ 33  33  68  90  44  30  95  42  42  63  63  10  21  99  94   6  79  54
  92  24  29   9  56  70  97 100  33  65  53  31   7  56  16  60  69  51
  41  96  41  18  89  79  74  64  78  17  77  51  51  99  85  55  73  83
  24  21  44  99  84  82   6  22  31  15  47  84  63  74  27  76  76  88
   6  52  21   6  62  20  24  30  37  24  88  87  99  33  90  35  24  77
  50  31  40  90  41  10  52  99  58  43]"
1,1,1,1.0,1.0,"[ 83  29  68  10  40  50  35  67  61  81  18  96  69  14  48  33  43  10
  99   7  37  83   8  97  91  43  97  61  38  24  94  20  52  69   7  31
  62  74  14  91   6  22  92  77  63  17  29  58  18  82  95  60  72  56
  55   1  19   8  53  81  24  76  80  86  75   2   9  26  53   4  26  72
  67  48  86   6  99  26   1  60  99  12   9  33  84  29  34  80  43   4
  69  76  34  88  78  87  12  19  90 100]"
5,5,2,2.5,2.5,"[ 48  30  45  84  52  73  57   7  29  11  27  41  92   1  17   2  23  43
  82  10  72  85  73  60  41  62  75  46  41  58  45   1  94  99  71  61
  70  42  25  63  89   7  96  95  87  29  39  71  11  71  22  42  33  35
  74  65  53  25  12  90 100  61  39  31  56  82  81  15  69  75  15  92
  10   6   2  94  53  56  46 100  57  87  99  61  58  42  89   1  97  75
   8  74  99  98  41 100  32  78  44  18]"
2,2,1,2.0,2.0,"[ 89  48  53  16   4  10  47  70  68  16  33  25  77  45  28   5  55   8
   9  27  26  63  20  12  40  95  58  91  37  46  48  76  49  37   2  46
  21  84   1  42  83  66  79  76  27  57  54  22   5  84  53  90  57  96
  13  80  27  81  65  95  33  36  82  62   8  41  23   8  39  30  65  27
  19  30  36  42  97  69  93  74  28  87  89 100  99  25  83  46  79  33
  48  96  55  42  67  48  92  69  90  99]"
1,1,1,1.0,1.0,"[43 36 29  2 15 27 93 63 81 94 67 13 93 57 55 29 60 41 17 32 92 41 71 38
 87 29 52 10  1  9 93 47 68 20 61 44 93 93 22 31 12  8 87 28 97  5 77 45
 79 27 69 24 70 10 99  4 62 66 32 22 90 60 70  9 82 49 88 58 31 47 97 37
 44 18 37 51 72 57 74 54 30 87 22  1 10 88 76 34 36 65 91 46 54 87 34 91
 88 52 64 23 44 31 16 35 71 42 20 65 51 88 54 14 48 56 98 70 92 10 38 52
 48 59 57 42 76  7 18 89 80 20 12 34 36 52 89 84 72 55 94 27 44 90 21 13
  4 54  3 43 49 59  4 28 47  1 95 96 99 38 32 60 92  4  5  6 93 53 89 10
 31 83 96 15 49 63 51 16 16  7 14 85 55 11 68 81 35 26 70 13 55 32 50 99
 59 38 29 32 53 44 39 29]"
2,2,1,2.0,2.0,"[ 78  76  46  25  76  10  44  69  20  11  37  82   2  27  52  83  63  39
  96  84  23  60  73  59  81  36  67  22  19  91  15  98  14  46   2  90
  29  86  45  99  86  34  51   6  48  76  80   8  45   1  25  87  78   4
  92  59  79  50  66  55   7  61  40  43  14   5  86   8  36   3  95   3
  42  53  71  14  88  78  45  92  45 100  48  18  17  31  22   2  34  43
  22  16  84  29  96   6  76  15  34  95  99   4  78  86  90  20  25  91
  53  97  28  25  89  89  18   3  56  36  84  17   4  17  10  89  24  10
  11  70  40  29  48  73  34  91  10  83  26  90  52  64   4  67  94  84
  75  39  35  44  22  66   7  88  21  21  31  62  53  78  28  77  33  68
  61  39  53  15  16  58   6  36  51  69  51  59  33  96  97  44  25   8
  23  32  40  40   8  23  54  18  91  69  96  48  34  86  27  33   4  14
  67  32]"
1,1,1,1.0,1.0,"[ 42  73  10  55   6  69  54  79  27  26  58  31  40  86  77  49  93  50
  71  70  62  24  31  80  46  75  29  78  40  23  19  47   8  20  14  17
   8   3  13  91  23  57  13  94  32   3  74   6  53  56  94  29  82  72
  17   7  46  95  95   1  51  15  56   8  49  75  98  47  30  53  45  99
  69  85  78  44  24  99  27  39  60  48  39  22   2  87  53  65  59  55
  15  61  95  76  98  32  30  90  98  98  52  13  89  61  97  55  78  36
  17  82  52  36  69  58  16  74  99  49  48  72  31   4  18  66  59  89
   2   2   2  86  67  46  88  55   5  94  85   7  99  91  91  75  16  17
  15  54  42  92   9  92  25  90  71  24  44   2  21  95  20  11  54  22
  84  68  92  46   4  17  40  56   5  37  56  89  24   9  11  80  53  81
  24  48  37  93  38  96  81  98  68  94  52  37  37  45  39  82  60 100
  62  19]"
3,3,1,3.0,3.0,"[ 19  37  43  73  55  12  19  43  47  67  38  53  43  26  86  82  16  99
  56  16  98  29  48  16  83  61  86  30  15  69  87  53  43  86  26  64
  48  69  96  42  88  72  16  38  38  38  57  51  44   3  40  88  98  63
   2   8  18   1  13  43  92  38  29  73  56  62  84  36  98  60  16  54
  78  83  75  58  40  59  20   4  50  81  25  91  69  46  14  49  94   6
  44  45  43  27  84  51  83  88  93   6  81  10  14  10 100  43  74  19
   4  74  39  33  47  32  98  72  26   6   5  64  34  74  62  13  58  48
  73  27  76  81  44  17  17  18  91  65  31 100  13   4  11  17  93  81
  12  57  37  36  29   9  71  15  55  54  84  86  43  72  51  76  55  14
  54  83  33  44   1  43  34  47  93  23  76  46  63   8  29  70  43  57
  81  58  34  59  63  78  57  61  67  71  87  54 100  65  50  39  88  90
  13  58]"
4,4,2,2.0,2.0,"[ 58  41  94  93  49  99  15  76  83  60  17  25  29  57  73  90  22  68
  23  53  31  36  45  36  59  33  14  94  89  12  32  29  16  58  51  35
  74  23  58  57   9  89  74  45  53  88  99  50  88  29  33  26  30  76
  31  13  24  61   7  59  63  70  60  94  75  18  44  17  74  25  87  60
   6  41  15  45  23  94  84  34  75  86  15  93  29  77  70   7   7  94
  77  81  28   6  80   3  53  91  68  12  87  99  24  83  84  67  26  67
  87  86  55  14 100  88  11  53   6  15  39  71  17  91  69  62  23  60
  39  41  90  72  75  50  94  84  70  47   7  23  21  96  60  97  99  95
  90   1  21  15  26  34  22  71  67  16  83  37   4  58  57  25  28  19
  76  38   6  19  45  75  35  90  74  68  69  37  94  72  97  67  25  55
  91  33  38   6  96  84  52  13  52  96  98  50  29  73  91  63  12  37
  76  78]"
6,4,2,3.0,2.0,"[  3  18   9  46   6  82  64  72  94  51   3  27  73  55 100  42  35  94
  80  75  58  39  41  18 100  35  70  31  78  86  16   9  60  52  88  44
  35  32  28  10   3  45  55  47  89  89  72  67  59  12  35  38  66  33
  55  92  90  13  79  48  77  52   2  54  25  55  71  25  71  20  18  50
  92  96  86  90  87  76  12  75  10  38  68  87  55  52  57  39  91  74
  73  73  17  54  24  39  97  95  30  29  23  38  67  20   1  60  62  96
  36  72  14  76  56  19   4  24  98  76  21  16  97  68  54   5  69   7
  29  53  61  76  10  99  47  53  37  28  60  66  19  67  28  20  14  74
  65  16  57  83  87  63  82  65   9  13  92  94  34  68  98  49  52  74
  19  27   7  66  69  15  47  16  57   1  51  20  96  41  47  99  17  86
  10   9  85  93  32  92  36  30  25  62  68  88  38  70  99  43  59  91
  49  51]"
2,2,1,2.0,2.0,"[ 44  20  70  66  30  78  71  18  45  40  90  33  84  91  57  61  33  58
  43  53  11  43  91  20  72  36  80  23  37  98  60  63  32   6  15   9
  54  74  56  90  67  67   2  80  62  18  46  54  88  20   6  44  90  95
   3  19  65   5  27  30   3  21  79  43  65  30  18   4  97  20  58  61
  46  86   3  14  81   3  54  86  24  24  12   4  84  43  90  81  61  63
  99  31  95  20  44  31  95  15  36  15  45  79  31  48  35   7  31  94
  80  31  14  92  52  35  56  90  46  94  67  53  50   3  35  28   7  73
  68  42  72  89  43  55  69  18  53  85  61  32  82  76  47  76  54  48
 100  31   6  99  14  62  73  49  34  77  29  79   8  20  92  91  12   5
  17  42  37   8  42  27  17  49  35  55  93  82  72  15  93  33  50  64
  14  19   2  64  65   7   9  77  31  63  57  84  60  27  95   2  65  35
  51   6]"
6,6,2,3.0,3.0,"[ 87  16  97  22  16  94  64   2  97   1  87  49   4  29  32  66  16  37
  69   2  14  78  67  72 100  31  88  39  69  75   4  47  50  51   9  77
   5   3  35  58  22  42  26  43  42   3  66  95  95  37  45  35  97  43
  81  83  85  61  29  10  58  77  15   6  78  17  26  26  85  62  83  11
  28  18  35  63   6  97   5  33   6  56  38  40  17  62   7  23  71  88
  58  87  64  10  97  90  49  50  83  92  70  32  39  60  28  64  57  19
  55  60  44  87  75   1  34  66  34  48  74  22  46 100  96  42  51  19
  83  39  74  91  92  90  53  45  77  25  96  75  85  47  14  96  46  98
  92   3  82  82  40  95   9  58  47   4  34  67  44  78  50  97  88   3
  57  15  80  48  37  77   6  25  54  13  61  51  56  96  49  51  44  69
  75  86  60  89  99 100   2  44  20  61  72  31  26   5  43  71  63  67
  65  95]"
6,6,2,3.0,3.0,"[ 75  28  45  70  47  55  97  63  36  90  35  35  62  47  21  15  77   6
  89  84  63  24  37  26  46  97  89   2  65  74  56  57  26  51  66  10
  59  90  14  55  79  47 100  23  72  70  22  20   9  17  77  57  19   3
  10  55  92  80  34   7  81  20  63  45   5  35   1  40  57  96  20  51
   4  92  44   3  51   8  24  21  95  15  31  56  88  53  53  63  64  95
  13  11  89  41  23  67  50  66  91  57  33   4   9  14  36  35  48  92
  98  40  31  37  78  93  11  49  93  48  92  50  39  83   2  20  50  58
  10  31  68  26   1  64   9  22  22  52  80  65  25  37  12  46  87  93
   3  64  65  25  20  36  39  11  86   2  75   5  93  69  82  82   8  58
  90  73   5  99  53  47   6  11  18  10  22  89  83  10  58  11  44  33
  88  74  89  56   4  93  79  19  40  49  59  13   7  21  92  31   2  38
  25  54]"
3,3,1,3.0,3.0,"[ 29  83  25  80  19  47  28  72  83  29  40  88  92   1  58  83  30  67
  75  90  57  10  94  58  90  95   6  78   5  59   3   2  80  44  16  39
  64  78  71  12  84   5  89  82  63  58  50  32  73  22  61  46  55  11
  36   9  89   2  84  51  20   6  45  30  33   7   4  84  41  57  77  31
  44  74  81  84  59  23  39  41  50  94  73  24  57 100 100  85  83  21
  88  44  68  92  14  28  40  76  30  30   7  64  48  45   7  78  33  54
  12  23  99  59  91  83  47 100  86  83  83   2   6  37  89  18  62  96
   8  66  65  24  68   2  86  11  70  83  39  34  14  53  60  42  48  20
  81  64  84  21  76  73  84  46  66   9   8  86  81  93  40  16  71  43
  57  96  24  71  86  35  60  45  47  51  41  83  84  58  37  69   8  83
  36  67  78  80  99  34  26  46  64  92  48  18  19   2  58   5  62   6
  45  16]"
